timestamp,price_log_return,volume_log_change,day_wk_sin,day_wk_cos,day_yr_sin,day_yr_cos
2022-07-02,0.009306700886,-0.475233503461,-0.781831482468,0.623489801859,-0.006450864198,-0.999979192959
2022-07-03,0.004325178334,-0.057440471414,0.000000000000,1.000000000000,-0.023651127245,-0.999720272966
2022-07-04,0.055918180909,0.360855378185,0.781831482468,0.623489801859,-0.040844391543,-0.999165519661
2022-07-05,-0.003147648370,0.231433788269,0.974927912182,-0.222520933956,-0.058025569329,-0.998315097203
2022-07-06,0.032616676638,-0.033623629387,0.433883739118,-0.900968867902,-0.075189576415,-0.997169257247
2022-07-07,0.012684707648,-0.133746393171,-0.433883739118,-0.900968867902,-0.092331333695,-0.995728338865
2022-07-08,-0.003291732519,0.191195565199,-0.974927912182,-0.222520933956,-0.109445768649,-0.993992768447
2022-07-09,0.010290994480,-0.454452245317,-0.781831482468,0.623489801859,-0.126527816839,-0.991963059577
2022-07-10,-0.035934207878,0.033986937068,0.000000000000,1.000000000000,-0.143572423412,-0.989639812879
2022-07-11,-0.038210095915,0.147436161174,0.781831482468,0.623489801859,-0.160574544595,-0.987023715839
2022-07-12,-0.024171791859,0.110210332069,0.974927912182,-0.222520933956,-0.177529149187,-0.984115542601
2022-07-13,0.044621368703,0.227857914365,0.433883739118,-0.900968867902,-0.194431220048,-0.980916153741
2022-07-14,0.032603207191,0.116921831490,-0.433883739118,-0.900968867902,-0.211275755582,-0.977426496010
2022-07-15,0.001717988005,-0.334980240860,-0.974927912182,-0.222520933956,-0.228057771222,-0.973647602054
2022-07-16,0.045155592921,-0.110341726403,-0.781831482468,0.623489801859,-0.244772300897,-0.969580590108
2022-07-17,-0.007017492581,0.019094869900,0.000000000000,1.000000000000,-0.261414398511,-0.965226663666
2022-07-18,0.066482130943,0.440394629503,0.781831482468,0.623489801859,-0.277979139399,-0.960587111125
2022-07-19,0.014732324153,0.165339199027,0.974927912182,-0.222520933956,-0.294461621787,-0.955663305403
2022-07-20,-0.039760122142,-0.139520166053,0.433883739118,-0.900968867902,-0.310856968244,-0.950456703535
2022-07-21,0.027201869130,-0.316927757378,-0.433883739118,-0.900968867902,-0.327160327122,-0.944968846236
2022-07-22,-0.009785873389,-0.038668340984,-0.974927912182,-0.222520933956,-0.343366873996,-0.939201357453
2022-07-23,-0.013073761826,-0.057515763200,-0.781831482468,0.623489801859,-0.359471813088,-0.933155943878
2022-07-24,0.009214440859,-0.193571135744,0.000000000000,1.000000000000,-0.375470378688,-0.926834394446
2022-07-25,-0.065964456939,0.096089641728,0.781831482468,0.623489801859,-0.391357836561,-0.920238579805
2022-07-26,0.015421566493,-0.081270533789,0.974927912182,-0.222520933956,-0.407129485354,-0.913370451764
2022-07-27,0.086692503067,0.416440156743,0.433883739118,-0.900968867902,-0.422780657983,-0.906232042711
2022-07-28,0.021099794938,0.159521445221,-0.433883739118,-0.900968867902,-0.438306723013,-0.898825465016
2022-07-29,0.058343034678,0.440993399492,-0.974927912182,-0.222520933956,-0.453703086031,-0.891152910406
2022-07-30,-0.022072510888,-0.484183463751,-0.781831482468,0.623489801859,-0.468965191008,-0.883216649313
2022-07-31,-0.013856138193,-0.184012446686,0.000000000000,1.000000000000,-0.484088521639,-0.875019030203
2022-08-01,-0.000140986391,0.000476533546,0.781831482468,0.623489801859,-0.499068602689,-0.866562478885
2022-08-02,0.000992293883,0.296847712532,0.974927912182,-0.222520933956,-0.513901001309,-0.857849497787
2022-08-03,0.049946321081,0.187759844304,0.433883739118,-0.900968867902,-0.528581328356,-0.848882665221
2022-08-04,0.040557281387,-0.102053375519,-0.433883739118,-0.900968867902,-0.543105239683,-0.839664634618
2022-08-05,0.014314199654,-0.195126900600,-0.974927912182,-0.222520933956,-0.557468437433,-0.830198133741
2022-08-06,-0.000370130457,-0.319549552766,-0.781831482468,0.623489801859,-0.571666671303,-0.820485963879
2022-08-07,0.024616780138,-0.128178669373,0.000000000000,1.000000000000,-0.585695739807,-0.810530999019
2022-08-08,0.005802733326,0.263807089376,0.781831482468,0.623489801859,-0.599551491520,-0.800336184998
2022-08-09,0.000344484427,-0.146548654375,0.974927912182,-0.222520933956,-0.613229826300,-0.789904538622
2022-08-10,0.010893673234,0.422707535358,0.433883739118,-0.900968867902,-0.626726696508,-0.779239146786
2022-08-11,-0.014322286248,-0.139706880425,-0.433883739118,-0.900968867902,-0.640038108204,-0.768343165549
2022-08-12,0.011406117778,-0.432699951278,-0.974927912182,-0.222520933956,-0.653160122327,-0.757219819208
2022-08-13,-0.011190218537,0.011223733675,-0.781831482468,0.623489801859,-0.666088855861,-0.745872399340
2022-08-14,-0.018333308520,-0.057627282662,0.000000000000,1.000000000000,-0.678820482986,-0.734304263830
2022-08-15,0.005959393583,0.198339180608,0.781831482468,0.623489801859,-0.691351236209,-0.722518835873
2022-08-16,-0.010886680874,-0.170016430384,0.974927912182,-0.222520933956,-0.703677407479,-0.710519602969
2022-08-17,-0.031419335841,0.143592773920,0.433883739118,-0.900968867902,-0.715795349283,-0.698310115884
2022-08-18,-0.028095406758,-0.065002117905,-0.433883739118,-0.900968867902,-0.727701475726,-0.685893987600
2022-08-19,-0.063782793392,0.427988842513,-0.974927912182,-0.222520933956,-0.739392263596,-0.673274892250
2022-08-20,0.014108656355,-0.194836490519,-0.781831482468,0.623489801859,-0.750864253399,-0.660456564028
2022-08-21,0.062720157810,-0.051608434193,0.000000000000,1.000000000000,-0.762114050389,-0.647442796083
2022-08-22,-0.004968890533,0.158462017668,0.781831482468,0.623489801859,-0.773138325571,-0.634237439398
2022-08-23,-0.005100753989,-0.346607179082,0.974927912182,-0.222520933956,-0.783933816683,-0.620844401651
2022-08-24,-0.008666215660,-0.101137552330,0.433883739118,-0.900968867902,-0.794497329167,-0.607267646057
2022-08-25,0.017169940465,0.039947453223,-0.433883739118,-0.900968867902,-0.804825737108,-0.593511190196
2022-08-26,-0.075693936086,0.217511489849,-0.974927912182,-0.222520933956,-0.814915984166,-0.579579104826
2022-08-27,-0.006446384535,-0.228729404473,-0.781831482468,0.623489801859,-0.824765084473,-0.565475512674
2022-08-28,-0.005597642314,-0.238650231562,0.000000000000,1.000000000000,-0.834370123523,-0.551204587220
2022-08-29,0.035456198302,0.285815384810,0.781831482468,0.623489801859,-0.843728259029,-0.536770551461
2022-08-30,-0.016898414647,-0.029709591930,0.974927912182,-0.222520933956,-0.852836721769,-0.522177676660
2022-08-31,-0.007802423886,-0.028089170316,0.433883739118,-0.900968867902,-0.861692816403,-0.507430281083
2022-09-01,-0.002943977610,0.002550466065,-0.433883739118,-0.900968867902,-0.870293922269,-0.492532728722
2022-09-02,-0.003602267639,-0.168236530788,-0.974927912182,-0.222520933956,-0.878637494161,-0.477489428003
2022-09-03,0.001294927915,-0.498776214838,-0.781831482468,0.623489801859,-0.886721063083,-0.462304830480
2022-09-04,0.003831304675,0.043738839299,0.000000000000,1.000000000000,-0.894542236976,-0.446983429520
2022-09-05,-0.007761828519,0.261845767920,0.781831482468,0.623489801859,-0.902098701430,-0.431529758971
2022-09-06,-0.051990590164,0.567680683539,0.974927912182,-0.222520933956,-0.909388220365,-0.415948391825
2022-09-07,0.059463554157,-0.197063436690,0.433883739118,-0.900968867902,-0.916408636694,-0.400243938857
2022-09-08,0.006493983510,-0.101774288615,-0.433883739118,-0.900968867902,-0.923157872965,-0.384421047269
2022-09-09,0.044711261206,0.269461312794,-0.974927912182,-0.222520933956,-0.929633931968,-0.368484399308
2022-09-10,0.012066758264,-0.291861386300,-0.781831482468,0.623489801859,-0.935834897335,-0.352438710885
2022-09-11,-0.006104040476,-0.194369024518,0.000000000000,1.000000000000,-0.941758934099,-0.336288730177
2022-09-12,-0.005105618277,0.354106342758,0.781831482468,0.623489801859,-0.947404289244,-0.320039236223
2022-09-13,-0.056320145958,0.129730992449,0.974927912182,-0.222520933956,-0.952769292217,-0.303695037511
2022-09-14,0.006495714999,-0.172919221426,0.433883739118,-0.900968867902,-0.957852355428,-0.287260970551
2022-09-15,-0.031187887818,0.121677842106,-0.433883739118,-0.900968867902,-0.962651974716,-0.270741898448
2022-09-16,0.014108240075,-0.295950488120,-0.974927912182,-0.222520933956,-0.967166729798,-0.254142709461
2022-09-17,0.016590829105,-0.359283242998,-0.781831482468,0.623489801859,-0.971395284684,-0.237468315558
2022-09-18,-0.047432081391,0.341685424279,0.000000000000,1.000000000000,-0.975336388077,-0.220723650961
2022-09-19,0.021385787734,0.308034512141,0.781831482468,0.623489801859,-0.978988873741,-0.203913670683
2022-09-20,-0.021173928048,-0.239186506934,0.974927912182,-0.222520933956,-0.982351660847,-0.187043349070
2022-09-21,-0.005939883616,0.223189518171,0.433883739118,-0.900968867902,-0.985423754292,-0.170117678320
2022-09-22,0.039643697162,-0.225981110915,-0.433883739118,-0.900968867902,-0.988204244994,-0.153141667013
2022-09-23,0.004078695990,0.030677953926,-0.974927912182,-0.222520933956,-0.990692310162,-0.136120338623
2022-09-24,-0.005404068710,-0.060822341431,-0.781831482468,0.623489801859,-0.992887213536,-0.119058730034
2022-09-25,-0.003911635718,-0.244930112281,0.000000000000,1.000000000000,-0.994788305609,-0.101961890052
2022-09-26,0.006787824759,0.112758644603,0.781831482468,0.623489801859,-0.996395023819,-0.084834877906
2022-09-27,-0.012862176362,0.257357811474,0.974927912182,-0.222520933956,-0.997706892710,-0.067682761755
2022-09-28,0.033853686902,-0.078435461675,0.433883739118,-0.900968867902,-0.998723524080,-0.050510617185
2022-09-29,0.007100164585,-0.068261861313,-0.433883739118,-0.900968867902,-0.999444617092,-0.033323525712
2022-09-30,0.001419973963,0.122745713822,-0.974927912182,-0.222520933956,-0.999869958362,-0.016126573271
2022-10-01,-0.004656883296,-0.422639256419,-0.781831482468,0.623489801859,-0.999999422025,0.001075151283
2022-10-02,0.005503888107,-0.064441817093,0.000000000000,1.000000000000,-0.999832969770,0.018276557682
2022-10-03,0.009095550805,0.230503689739,0.781831482468,0.623489801859,-0.999370650854,0.035472555753
2022-10-04,0.031773617030,0.125906580859,0.974927912182,-0.222520933956,-0.998612602084,0.052658056925
2022-10-05,-0.007319358244,-0.190359641596,0.433883739118,-0.900968867902,-0.997559047779,0.069827975730
2022-10-06,-0.025841223036,0.430378257991,-0.433883739118,-0.900968867902,-0.996210299702,0.086977231314
2022-10-07,-0.012114486830,-0.058613283282,-0.974927912182,-0.222520933956,-0.994566756971,0.104100748935
2022-10-08,-0.023991420448,-0.454457417339,-0.781831482468,0.623489801859,-0.992628905935,0.121193461471
2022-10-09,0.006376330563,-0.058492403473,0.000000000000,1.000000000000,-0.990397320035,0.138250310911
2022-10-10,-0.023388305411,0.138691840254,0.781831482468,0.623489801859,-0.987872659635,0.155266249860
2022-10-11,-0.001600441809,-0.114526412997,0.974927912182,-0.222520933956,-0.985055671822,0.172236243028
2022-10-12,-0.001476523659,-0.066103019877,0.433883739118,-0.900968867902,-0.981947190187,0.189155268720
2022-10-13,0.003243795222,0.720762091162,-0.433883739118,-0.900968867902,-0.978548134580,0.206018320325
2022-10-14,-0.008438034320,-0.329098085616,-0.974927912182,-0.222520933956,-0.974859510837,0.222820407795
2022-10-15,-0.004323977329,-0.498161545969,-0.781831482468,0.623489801859,-0.970882410481,0.239556559121
2022-10-16,0.015218235319,0.136075134606,0.000000000000,1.000000000000,-0.966618010400,0.256221821807
2022-10-17,0.010921411846,0.054408886479,0.781831482468,0.623489801859,-0.962067572498,0.272811264334
2022-10-18,-0.008375811611,0.008520419847,0.974927912182,-0.222520933956,-0.957232443323,0.289319977619
2022-10-19,-0.004523942251,-0.186700829836,0.433883739118,-0.900968867902,-0.952114053668,0.305743076467
2022-10-20,-0.010014198669,0.081070468258,-0.433883739118,-0.900968867902,-0.946713918146,0.322075701021
2022-10-21,0.002844938287,0.095371662801,-0.974927912182,-0.222520933956,-0.941033634745,0.338313018192
2022-10-22,0.001632029738,-0.416680702299,-0.781831482468,0.623489801859,-0.935074884352,0.354450223099
2022-10-23,0.020234217340,0.211718744010,0.000000000000,1.000000000000,-0.928839430256,0.370482540482
2022-10-24,-0.007384815034,0.102434643160,0.781831482468,0.623489801859,-0.922329117629,0.386405226121
2022-10-25,0.037450373939,0.561882880313,0.974927912182,-0.222520933956,-0.915545872978,0.402213568237
2022-10-26,0.020683965186,0.079015135722,0.433883739118,-0.900968867902,-0.908491703573,0.417902888887
2022-10-27,-0.012241103271,-0.151250858254,-0.433883739118,-0.900968867902,-0.901168696856,0.433468545349
2022-10-28,0.038202185973,0.204304433854,-0.974927912182,-0.222520933956,-0.893579019824,0.448905931494
2022-10-29,0.020603301741,0.264361176388,-0.781831482468,0.623489801859,-0.885724918384,0.464210479152
2022-10-30,0.030867354453,0.038039545348,0.000000000000,1.000000000000,-0.877608716690,0.479377659461
2022-10-31,0.039391504612,0.401360259946,0.781831482468,0.623489801859,-0.869232816457,0.494402984208
2022-11-01,-0.005472960763,-0.489482339355,0.974927912182,-0.222520933956,-0.860599696250,0.509282007157
2022-11-02,-0.013738972417,0.059809872312,0.433883739118,-0.900968867902,-0.851711910747,0.524010325368
2022-11-03,0.029443317349,0.070986262740,-0.433883739118,-0.900968867902,-0.842572089987,0.538583580492
2022-11-04,0.072209548394,0.246804442100,-0.974927912182,-0.222520933956,-0.833182938589,0.552997460070
2022-11-05,-0.014645539972,-0.453800835057,-0.781831482468,0.623489801859,-0.823547234956,0.567247698803
2022-11-06,-0.028650615011,-0.074210881203,0.000000000000,1.000000000000,-0.813667830446,0.581330079815
2022-11-07,-0.007021918546,0.460066573353,0.781831482468,0.623489801859,-0.803547648534,0.595240435904
2022-11-08,-0.028057239785,1.090492030454,0.974927912182,-0.222520933956,-0.793189683945,0.608974650772
2022-11-09,-0.205370494600,-0.524179129400,0.433883739118,-0.900968867902,-0.782597001768,0.622528660243
2022-11-10,0.130592590705,-0.259798432792,-0.433883739118,-0.900968867902,-0.771772736547,0.635898453468
2022-11-11,-0.048029019985,-0.415064638176,-0.974927912182,-0.222520933956,-0.760720091356,0.649080074110
2022-11-12,-0.026145416085,-0.312165000245,-0.781831482468,0.623489801859,-0.749442336852,0.662069621515
2022-11-13,-0.020618469791,-0.218335800928,0.000000000000,1.000000000000,-0.737942810303,0.674863251868
2022-11-14,0.007201560769,0.477531604670,0.781831482468,0.623489801859,-0.726224914604,0.687457179327
2022-11-15,-0.006137022446,-0.322634315908,0.974927912182,-0.222520933956,-0.714292117269,0.699847677146
2022-11-16,-0.017460577684,-0.205624160508,0.433883739118,-0.900968867902,-0.702147949405,0.712031078779
2022-11-17,-0.015446021027,-0.061301840079,-0.433883739118,-0.900968867902,-0.689796004666,0.724003778959
2022-11-18,0.022180015570,-0.220973114001,-0.974927912182,-0.222520933956,-0.677239938191,0.735762234774
2022-11-19,-0.005572993180,-0.217314400277,-0.781831482468,0.623489801859,-0.664483465523,0.747302966705
2022-11-20,-0.030423656639,0.267200331528,0.000000000000,1.000000000000,-0.651530361507,0.758622559666
2022-11-21,-0.038842897343,0.418619518267,0.781831482468,0.623489801859,-0.638384459175,0.769717664007
2022-11-22,0.046718408997,-0.313225343567,0.974927912182,-0.222520933956,-0.625049648610,0.780584996507
2022-11-23,0.111866525528,0.875055950282,0.433883739118,-0.900968867902,-0.611529875799,0.791221341348
2022-11-24,0.008626127259,-0.454271881824,-0.433883739118,-0.900968867902,-0.597829141459,0.801623551065
2022-11-25,0.000498736945,-0.250475216580,-0.974927912182,-0.222520933956,-0.583951499858,0.811788547476
2022-11-26,0.035334912523,0.252423043795,-0.781831482468,0.623489801859,-0.569901057613,0.821713322596
2022-11-27,-0.012796082560,-0.431074680554,0.000000000000,1.000000000000,-0.555681972476,0.831394939523
2022-11-28,-0.046274624675,0.374902500493,0.781831482468,0.623489801859,-0.541298452104,0.840830533312
2022-11-29,0.006692152946,-0.157593319779,0.974927912182,-0.222520933956,-0.526754752811,0.850017311819
2022-11-30,0.017764141830,0.023215331725,0.433883739118,-0.900968867902,-0.512055178311,0.858952556527
2022-12-01,-0.029617485459,0.350256042727,-0.433883739118,-0.900968867902,-0.497204078447,0.867633623355
2022-12-02,0.005162022431,-0.517357316359,-0.974927912182,-0.222520933956,-0.482205847896,0.876057943434
2022-12-03,-0.010150414102,-0.297222284882,-0.781831482468,0.623489801859,-0.467064924877,0.884223023874
2022-12-04,0.005919737380,-0.001839198866,0.000000000000,1.000000000000,-0.451785789833,0.892126448495
2022-12-05,-0.013134733152,0.107905531060,0.781831482468,0.623489801859,-0.436372964105,0.899765878548
2022-12-06,0.006496548931,-0.145153696766,0.974927912182,-0.222520933956,-0.420831008596,0.907139053401
2022-12-07,-0.021127228868,0.218505235702,0.433883739118,-0.900968867902,-0.405164522421,0.914243791213
2022-12-08,0.021756291971,-0.160626238078,-0.433883739118,-0.900968867902,-0.389378141545,0.921077989579
2022-12-09,-0.015423594098,-0.003726768758,-0.974927912182,-0.222520933956,-0.373476537413,0.927639626149
2022-12-10,0.007087227948,-0.381898211146,-0.781831482468,0.623489801859,-0.357464415565,0.933926759229
2022-12-11,-0.013047173086,0.122082203903,0.000000000000,1.000000000000,-0.341346514245,0.939937528356
2022-12-12,-0.028939659382,0.673938864493,0.781831482468,0.623489801859,-0.325127603000,0.945670154847
2022-12-13,-0.015783880002,0.680749374701,0.974927912182,-0.222520933956,-0.308812481266,0.951122942324
2022-12-14,-0.013773891652,-0.628908168810,0.433883739118,-0.900968867902,-0.292405976951,0.956294277220
2022-12-15,-0.037830628650,-0.369687109405,-0.433883739118,-0.900968867902,-0.275912945003,0.961182629254
2022-12-16,-0.110596496424,0.577730829414,-0.974927912182,-0.222520933956,-0.259338265975,0.965786551884
2022-12-17,0.047699026042,-0.054543843892,-0.781831482468,0.623489801859,-0.242686844583,0.970104682736
2022-12-18,0.034953350180,-0.257214674853,0.000000000000,1.000000000000,-0.225963608248,0.974135744005
2022-12-19,-0.042699768180,-0.208653221598,0.781831482468,0.623489801859,-0.209173505646,0.977878542834
2022-12-20,0.045038798648,-0.117578863199,0.974927912182,-0.222520933956,-0.192321505239,0.981331971670
2022-12-21,-0.022892331997,-0.331768612451,0.433883739118,-0.900968867902,-0.175412593804,0.984495008588
2022-12-22,-0.000635677430,0.125465798730,-0.433883739118,-0.900968867902,-0.158451774961,0.987366717594
2022-12-23,0.001046881354,-0.334386511686,-0.974927912182,-0.222520933956,-0.141444067688,0.989946248902
2022-12-24,-0.006164240195,-0.326371066348,-0.781831482468,0.623489801859,-0.124394504840,0.992232839189
2022-12-25,-0.006125907594,0.060280060205,0.000000000000,1.000000000000,-0.107308131656,0.994225811816
2022-12-26,0.004336994052,-0.076489325751,0.781831482468,0.623489801859,-0.090190004270,0.995924577029
2022-12-27,0.009773575417,0.348764105064,0.974927912182,-0.222520933956,-0.073045188211,0.997328632136
2022-12-28,-0.010004422543,0.057970336870,0.433883739118,-0.900968867902,-0.055878756905,0.998437561657
2022-12-29,0.009530018901,-0.183103017100,-0.433883739118,-0.900968867902,-0.038695790177,0.999251037439
2022-12-30,-0.002846066986,-0.008759976249,-0.974927912182,-0.222520933956,-0.021501372741,0.999768818763
2022-12-31,0.002316375323,-0.107046207954,-0.781831482468,0.623489801859,-0.004300592703,0.999990752408
2023-01-01,-0.009020577335,-0.098680952713,0.000000000000,1.000000000000,0.017201575418,0.999852041956
2023-01-02,0.005713731098,0.249824882064,0.781831482468,0.623489801859,0.034398060614,0.999408211606
2023-01-03,0.002430325511,0.053656863891,0.974927912182,-0.222520933956,0.051584366869,0.998668640288
2023-01-04,0.051416568037,0.516907374507,0.433883739118,-0.900968867902,0.068755408481,0.997633546852
2023-01-05,-0.010462232545,-0.612813740375,-0.433883739118,-0.900968867902,0.085906104261,0.996303237599
2023-01-06,0.013342720027,0.197687921730,-0.974927912182,-0.222520933956,0.103031379043,0.994678106189
2023-01-07,0.005432921157,-0.243089307635,-0.781831482468,0.623489801859,0.120126165182,0.992758633525
2023-01-08,0.048929000751,0.405801237530,0.000000000000,1.000000000000,0.137185404057,0.990545387609
2023-01-09,-0.006154557621,0.466051376677,0.781831482468,0.623489801859,0.154204047563,0.988039023377
2023-01-10,0.016684670033,-0.510704936276,0.974927912182,-0.222520933956,0.171177059610,0.985240282501
2023-01-11,0.027589755607,-0.008115974037,0.433883739118,-0.900968867902,0.188099417612,0.982149993175
2023-01-12,0.009656340597,0.340844853171,-0.433883739118,-0.900968867902,0.204966113969,0.978769069865
2023-01-13,0.020362500976,-0.154771582481,-0.974927912182,-0.222520933956,0.221772157556,0.975098513040
2023-01-14,0.038430822382,0.660265280084,-0.781831482468,0.623489801859,0.238512575194,0.971139408877
2023-01-15,-0.010441095211,-0.658422980750,0.000000000000,1.000000000000,0.255182413123,0.966892928939
2023-01-16,-0.010219902681,0.067383231229,0.781831482468,0.623489801859,0.271776738471,0.962360329828
2023-01-17,0.002756361526,-0.128057700405,0.974927912182,-0.222520933956,0.288290640710,0.957542952812
2023-01-18,-0.043746323578,0.466060576474,0.433883739118,-0.900968867902,0.304719233109,0.952442223431
2023-01-19,0.027023165568,-0.671475814468,-0.433883739118,-0.900968867902,0.321057654185,0.947059651072
2023-01-20,0.033749596814,0.440038616554,-0.974927912182,-0.222520933956,0.337301069136,0.941396828526
2023-01-21,-0.018907153581,0.119723184055,-0.781831482468,0.623489801859,0.353444671274,0.935455431513
2023-01-22,0.012569418180,-0.278017070222,0.000000000000,1.000000000000,0.369483683447,0.929237218188
2023-01-23,0.008077077623,-0.093606008745,0.781831482468,0.623489801859,0.385413359454,0.922744028620
2023-01-24,-0.016141652544,0.533307872393,0.974927912182,-0.222520933956,0.401228985448,0.915977784248
2023-01-25,0.022027843842,-0.284591791588,0.433883739118,-0.900968867902,0.416925881329,0.908940487314
2023-01-26,-0.007975226775,-0.210514147985,-0.433883739118,-0.900968867902,0.432499402134,0.901634220265
2023-01-27,0.010625275298,-0.109396534926,-0.974927912182,-0.222520933956,0.447944939408,0.894061145145
2023-01-28,-0.006116177192,-0.109245894531,-0.781831482468,0.623489801859,0.463257922567,0.886223502949
2023-01-29,0.035578591080,0.424560065984,0.000000000000,1.000000000000,0.478433820255,0.878123612959
2023-01-30,-0.032889736714,-0.052044059114,0.781831482468,0.623489801859,0.493468141677,0.869763872065
2023-01-31,0.017087660099,-0.257975311618,0.974927912182,-0.222520933956,0.508356437938,0.861146754048
2023-02-01,0.016231758930,0.235050359233,0.433883739118,-0.900968867902,0.523094303349,0.852274808852
2023-02-02,0.018343185789,0.388146239328,-0.433883739118,-0.900968867902,0.537677376741,0.843150661828
2023-02-03,0.027209222867,-0.053640385715,-0.974927912182,-0.222520933956,0.552101342746,0.833777012959
2023-02-04,-0.004983013050,-0.669889786692,-0.781831482468,0.623489801859,0.566361933081,0.824156636057
2023-02-05,-0.008345677111,0.407828974599,0.000000000000,1.000000000000,0.580454927809,0.814292377947
2023-02-06,-0.009937874239,-0.239262971787,0.781831482468,0.623489801859,0.594376156585,0.804187157621
2023-02-07,0.026149219945,-0.000173214722,0.974927912182,-0.222520933956,0.608121499894,0.793843965378
2023-02-08,-0.015542707403,-0.012877221476,0.433883739118,-0.900968867902,0.621686890267,0.783265861934
2023-02-09,-0.069828114185,0.412943548969,-0.433883739118,-0.900968867902,0.635068313487,0.772455977519
2023-02-10,-0.000020547382,-0.457092877149,-0.974927912182,-0.222520933956,0.648261809776,0.761417510953
2023-02-11,0.015122316637,-0.346428366707,-0.781831482468,0.623489801859,0.661263474966,0.750153728696
2023-02-12,0.007420915017,0.401902561326,0.000000000000,1.000000000000,0.674069461655,0.738667963881
2023-02-13,-0.060783156664,0.931543248297,0.781831482468,0.623489801859,0.686675980345,0.726963615332
2023-02-14,0.005570727239,-0.691721101397,0.974927912182,-0.222520933956,0.699079300566,0.715044146554
2023-02-15,0.068669450607,0.008005940865,0.433883739118,-0.900968867902,0.711275751974,0.702913084708
2023-02-16,-0.039898718307,0.439877709465,-0.433883739118,-0.900968867902,0.723261725444,0.690574019572
2023-02-17,0.027873369941,-0.390117102030,-0.974927912182,-0.222520933956,0.735033674133,0.678030602474
2023-02-18,0.010490253800,-0.405108359215,-0.781831482468,0.623489801859,0.746588114532,0.665286545211
2023-02-19,-0.015102789554,0.110285377852,0.000000000000,1.000000000000,0.757921627497,0.652345618957
2023-02-20,0.010972583942,0.258273121143,0.781831482468,0.623489801859,0.769030859259,0.639211653138
2023-02-21,-0.012460652283,-0.154854925448,0.974927912182,-0.222520933956,0.779912522417,0.625888534308
2023-02-22,0.004194178217,-0.053499110189,0.433883739118,-0.900968867902,0.790563396912,0.612380204990
2023-02-23,-0.013671835077,-0.149641587094,-0.433883739118,-0.900968867902,0.800980330978,0.598690662518
2023-02-24,-0.021226986721,0.014849209083,-0.974927912182,-0.222520933956,0.811160242079,0.584823957846
2023-02-25,0.001094907849,-0.435436885388,-0.781831482468,0.623489801859,0.821100117813,0.570784194357
2023-02-26,0.021632035466,0.005833354463,0.000000000000,1.000000000000,0.830797016812,0.556575526641
2023-02-27,-0.013492903165,0.259380005397,0.781831482468,0.623489801859,0.840248069608,0.542202159273
2023-02-28,-0.011152385629,-0.181330228094,0.974927912182,-0.222520933956,0.849450479481,0.527668345563
2023-03-01,0.004740874785,0.112748796515,0.433883739118,-0.900968867902,0.858401523292,0.512978386299
2023-03-02,-0.009824366460,-0.019928525091,-0.433883739118,-0.900968867902,0.867098552281,0.498136628478
2023-03-03,-0.032747267807,0.194932612537,-0.974927912182,-0.222520933956,0.875538992859,0.483147464015
2023-03-04,-0.002687062788,-0.442722710440,-0.781831482468,0.623489801859,0.883720347362,0.468015328444
2023-03-05,-0.002781612718,-0.005540466244,0.000000000000,1.000000000000,0.891640194797,0.452744699607
2023-03-06,-0.002235769127,0.263116952422,0.781831482468,0.623489801859,0.899296191553,0.437340096330
2023-03-07,0.004463913950,-0.002633851272,0.974927912182,-0.222520933956,0.906686072098,0.421806077083
2023-03-08,-0.008596507670,0.157114836874,0.433883739118,-0.900968867902,0.913807649647,0.406147238631
2023-03-09,-0.033932777209,0.146715860869,-0.433883739118,-0.900968867902,0.920658816810,0.390368214676
2023-03-10,0.000445179841,0.099867686008,-0.974927912182,-0.222520933956,0.927237546218,0.374473674487
2023-03-11,0.001951236214,-0.064976886007,-0.781831482468,0.623489801859,0.933541891118,0.358468321512
2023-03-12,0.041279953987,-0.080601928946,0.000000000000,1.000000000000,0.939569985953,0.342356891995
2023-03-13,0.064294795263,0.843289128890,0.781831482468,0.623489801859,0.945320046913,0.326144153564
2023-03-14,0.001483423411,-0.259374544472,0.974927912182,-0.222520933956,0.950790372463,0.309834903832
2023-03-15,-0.007285888430,-0.372401415236,0.433883739118,-0.900968867902,0.955979343844,0.293433968967
2023-03-16,0.071416328484,0.806644978786,-0.433883739118,-0.900968867902,0.960885425557,0.276946202269
2023-03-17,0.027568487582,-0.358244734646,-0.974927912182,-0.222520933956,0.965507165814,0.260376482734
2023-03-18,-0.022538362224,-0.120502198808,-0.781831482468,0.623489801859,0.969843196967,0.243729713610
2023-03-19,0.016317275451,-0.160125351296,0.000000000000,1.000000000000,0.973892235915,0.227010820941
2023-03-20,-0.012107116926,-0.034021815651,0.781831482468,0.623489801859,0.977653084482,0.210224752119
2023-03-21,0.007141949979,-0.066140151700,0.974927912182,-0.222520933956,0.981124629772,0.193376474410
2023-03-22,-0.040850387260,0.695798524990,0.433883739118,-0.900968867902,0.984305844499,0.176470973492
2023-03-23,0.024395802867,-0.849930337476,-0.433883739118,-0.900968867902,0.987195787291,0.159513251973
2023-03-24,-0.022931710104,-0.155303294483,-0.974927912182,-0.222520933956,0.989793602967,0.142508327916
2023-03-25,0.000972728574,-0.065217877893,-0.781831482468,0.623489801859,0.992098522792,0.125461233353
2023-03-26,0.019077640228,-0.189643971743,0.000000000000,1.000000000000,0.994109864702,0.108377012792
2023-03-27,-0.056087948105,0.592408006036,0.781831482468,0.623489801859,0.995827033510,0.091260721729
2023-03-28,0.007406175554,-0.317108608224,0.974927912182,-0.222520933956,0.997249521077,0.074117425151
2023-03-29,0.001853433886,0.009599506207,0.433883739118,-0.900968867902,0.998376906467,0.056952196034
2023-03-30,0.008647767119,0.207286868921,-0.433883739118,-0.900968867902,0.999208856068,0.039770113846
2023-03-31,0.001491278620,-0.348287178237,-0.974927912182,-0.222520933956,0.999745123693,0.022576263042
2023-04-01,-0.005765683846,0.099123491804,-0.781831482468,0.623489801859,0.999985550651,0.005375731558
2023-04-02,-0.004096658723,-0.045738625748,0.000000000000,1.000000000000,0.999930065796,-0.011826390692
2023-04-03,-0.017241612856,0.461460461679,0.781831482468,0.623489801859,0.999578685548,-0.029025013322
2023-04-04,0.007852308125,-0.198202549298,0.974927912182,-0.222520933956,0.998931513885,-0.046215046984
2023-04-05,0.009817819899,0.029413644379,0.433883739118,-0.900968867902,0.997988742316,-0.063391404870
2023-04-06,-0.005134806976,-0.110744486960,-0.433883739118,-0.900968867902,0.996750649821,-0.080549004219
2023-04-07,-0.005633155546,-0.104392530942,-0.974927912182,-0.222520933956,0.995217602774,-0.097682767822
2023-04-08,-0.000208449166,-0.034753903758,-0.781831482468,0.623489801859,0.993390054826,-0.114787625522
2023-04-09,0.007177234439,0.008322729942,0.000000000000,1.000000000000,0.991268546779,-0.131858515717
2023-04-10,0.017447710641,0.194774916240,0.781831482468,0.623489801859,0.988853706421,-0.148890386856
2023-04-11,0.013660971937,0.460497972795,0.974927912182,-0.222520933956,0.986146248342,-0.165878198935
2023-04-12,-0.011857496062,-0.337301819021,0.433883739118,-0.900968867902,0.983146973722,-0.182816924985
2023-04-13,0.018619287562,0.067248615520,-0.433883739118,-0.900968867902,0.979856770096,-0.199701552566
2023-04-14,0.012920611646,0.319254621566,-0.974927912182,-0.222520933956,0.976276611087,-0.216527085245
2023-04-15,0.012778771590,-0.253504425098,-0.781831482468,0.623489801859,0.972407556122,-0.233288544075
2023-04-16,0.043472268105,0.247597660660,0.000000000000,1.000000000000,0.968250750117,-0.249980969073
2023-04-17,-0.023908802357,-0.089236988453,0.781831482468,0.623489801859,0.963807423137,-0.266599420679
2023-04-18,0.009365990807,-0.144336482401,0.974927912182,-0.222520933956,0.959078890034,-0.283138981228
2023-04-19,-0.061547884342,0.109196513963,0.433883739118,-0.900968867902,0.954066550058,-0.299594756397
2023-04-20,-0.015041231644,-0.219321106361,-0.433883739118,-0.900968867902,0.948771886440,-0.315961876658
2023-04-21,0.011836512055,0.465437660447,-0.974927912182,-0.222520933956,0.943196465957,-0.332235498716
2023-04-22,0.031578488497,-0.455457862760,-0.781831482468,0.623489801859,0.937341938464,-0.348410806945
2023-04-23,-0.004154012325,-0.046781513410,0.000000000000,1.000000000000,0.931210036412,-0.364483014810
2023-04-24,0.001894782576,0.034957822570,0.781831482468,0.623489801859,0.924802574329,-0.380447366288
2023-04-25,0.021147691807,0.029205742779,0.974927912182,-0.222520933956,0.918121448284,-0.396299137269
2023-04-26,-0.022428838337,0.288196199011,0.433883739118,-0.900968867902,0.911168635333,-0.412033636959
2023-04-27,0.001127830985,-0.193080212320,-0.433883739118,-0.900968867902,0.903946192922,-0.427646209268
2023-04-28,-0.020421335822,0.353913886448,-0.974927912182,-0.222520933956,0.896456258291,-0.443132234183
2023-04-29,-0.007316398466,-0.688986712810,-0.781831482468,0.623489801859,0.888701047829,-0.458487129140
2023-04-30,0.047026752007,0.477334771108,0.000000000000,1.000000000000,0.880682856430,-0.473706350380
2023-05-01,-0.026777502247,0.053305476605,0.781831482468,0.623489801859,0.872404056805,-0.488785394289
2023-05-02,-0.020814506428,-0.284305251387,0.974927912182,-0.222520933956,0.863867098784,-0.503719798736
2023-05-03,0.013145573589,0.179792060224,0.433883739118,-0.900968867902,0.855074508590,-0.518505144391
2023-05-04,-0.007062449870,-0.565296830122,-0.433883739118,-0.900968867902,0.846028888092,-0.533137056032
2023-05-05,0.009289851634,0.105587767090,-0.974927912182,-0.222520933956,0.836732914034,-0.547611203840
2023-05-06,-0.012825167095,-0.048987053630,-0.781831482468,0.623489801859,0.827189337246,-0.561923304683
2023-05-07,-0.003609534679,-0.121051758663,0.000000000000,1.000000000000,0.817400981825,-0.576069123380
2023-05-08,-0.024041575163,0.373795801550,0.781831482468,0.623489801859,0.807370744302,-0.590044473955
2023-05-09,-0.004653015913,-0.322056756378,0.974927912182,-0.222520933956,0.797101592787,-0.603845220877
2023-05-10,0.006582005348,0.167397607877,0.433883739118,-0.900968867902,0.786596566087,-0.617467280284
2023-05-11,-0.022118586924,-0.117146661136,-0.433883739118,-0.900968867902,0.775858772807,-0.630906621188
2023-05-12,0.002944312181,0.049884045411,-0.974927912182,-0.222520933956,0.764891390434,-0.644159266672
2023-05-13,0.008016194998,-0.280477652037,-0.781831482468,0.623489801859,0.753697664393,-0.657221295066
2023-05-14,0.003366411683,0.049138036729,0.000000000000,1.000000000000,0.742280907087,-0.670088841106
2023-05-15,0.004454542848,0.066485985987,0.781831482468,0.623489801859,0.730644496918,-0.682758097076
2023-05-16,-0.006879051056,-0.070149775949,0.974927912182,-0.222520933956,0.718791877288,-0.695225313941
2023-05-17,0.008644813900,0.082673841905,0.433883739118,-0.900968867902,0.706726555578,-0.707486802450
2023-05-18,-0.014840793941,-0.133418825118,-0.433883739118,-0.900968867902,0.694452102109,-0.719538934233
2023-05-19,-0.001592446683,-0.135118728402,-0.974927912182,-0.222520933956,0.681972149090,-0.731378142868
2023-05-20,0.005666372590,-0.187609638989,-0.781831482468,0.623489801859,0.669290389541,-0.743000924944
2023-05-21,-0.013652430729,0.087648329010,0.000000000000,1.000000000000,0.656410576198,-0.754403841093
2023-05-22,0.008896239482,0.159474529315,0.781831482468,0.623489801859,0.643336520404,-0.765583517008
2023-05-23,0.013683318636,0.017893021177,0.974927912182,-0.222520933956,0.630072090984,-0.776536644443
2023-05-24,-0.024453847007,0.147027205423,0.433883739118,-0.900968867902,0.616621213096,-0.787259982192
2023-05-25,-0.003927279163,-0.043223549490,-0.433883739118,-0.900968867902,0.602987867069,-0.797750357046
2023-05-26,0.007039300406,0.170445384578,-0.974927912182,-0.222520933956,0.589176087232,-0.808004664735
2023-05-27,0.002296077465,-0.360832869180,-0.781831482468,0.623489801859,0.575189960712,-0.818019870844
2023-05-28,0.021479178391,0.201557085588,0.000000000000,1.000000000000,0.561033626228,-0.827793011713
2023-05-29,-0.007867632472,0.292208812925,0.781831482468,0.623489801859,0.546711272869,-0.837321195312
2023-05-30,-0.000393527823,-0.326272787000,0.974927912182,-0.222520933956,0.532227138847,-0.846601602098
2023-05-31,-0.015578039206,0.190711429263,0.433883739118,-0.900968867902,0.517585510253,-0.855631485849
2023-06-01,-0.006254872157,-0.290242426762,-0.433883739118,-0.900968867902,0.502790719779,-0.864408174478
2023-06-02,0.008068667241,0.074261100870,-0.974927912182,-0.222520933956,0.487847145442,-0.872929070821
2023-06-03,-0.002291562614,-0.381586528260,-0.781831482468,0.623489801859,0.472759209286,-0.881191653407
2023-06-04,-0.005109940639,0.046611730225,0.000000000000,1.000000000000,0.457531376074,-0.889193477207
2023-06-05,-0.097208127709,1.222470956465,0.781831482468,0.623489801859,0.442168151967,-0.896932174351
2023-06-06,0.016499115006,-0.294312743497,0.974927912182,-0.222520933956,0.426674083190,-0.904405454834
2023-06-07,-0.081778421215,0.326344549480,0.433883739118,-0.900968867902,0.411053754687,-0.911611107193
2023-06-08,0.010572824792,-0.532581309039,-0.433883739118,-0.900968867902,0.395311788765,-0.918546999159
2023-06-09,-0.005479074949,-0.135718268489,-0.974927912182,-0.222520933956,0.379452843725,-0.925211078289
2023-06-10,-0.086595851007,0.776621320839,-0.781831482468,0.623489801859,0.363481612483,-0.931601372577
2023-06-11,-0.015385211227,-1.043783204356,0.000000000000,1.000000000000,0.347402821184,-0.937715991030
2023-06-12,-0.018810635952,0.991927822201,0.781831482468,0.623489801859,0.331221227802,-0.943553124235
2023-06-13,0.054079132849,-0.160041642407,0.974927912182,-0.222520933956,0.314941620729,-0.949111044890
2023-06-14,-0.026239223875,-0.157240979762,0.433883739118,-0.900968867902,0.298568817364,-0.954388108318
2023-06-15,-0.005459824004,-0.385364860934,-0.433883739118,-0.900968867902,0.282107662682,-0.959382752949
2023-06-16,0.011922783491,-0.027929266182,-0.974927912182,-0.222520933956,0.265563027804,-0.964093500789
2023-06-17,0.022724251600,-0.078160197588,-0.781831482468,0.623489801859,0.248939808554,-0.968518957851
2023-06-18,-0.002141673570,-0.193791817806,0.000000000000,1.000000000000,0.232242924009,-0.972657814572
2023-06-19,-0.004862111024,-0.035905256768,0.781831482468,0.623489801859,0.215477315047,-0.976508846197
2023-06-20,0.019451441845,0.284686206066,0.974927912182,-0.222520933956,0.198647942880,-0.980070913143
2023-06-21,0.006487085745,0.407672948381,0.433883739118,-0.900968867902,0.181759787591,-0.983342961339
2023-06-22,-0.034666925872,-0.012112163746,-0.433883739118,-0.900968867902,0.164817846657,-0.986324022532
2023-06-23,0.015545587120,-0.363069041921,-0.974927912182,-0.222520933956,0.147827133471,-0.989013214578
2023-06-24,-0.032857838179,0.124978613250,-0.781831482468,0.623489801859,0.130792675857,-0.991409741702
2023-06-25,0.009392667059,-0.297671133152,0.000000000000,1.000000000000,0.113719514586,-0.993512894734
2023-06-26,-0.011615161151,0.029718093066,0.781831482468,0.623489801859,0.096612701881,-0.995322051316
2023-06-27,0.005736233784,-0.205130363470,0.974927912182,-0.222520933956,0.079477299924,-0.996836676089
2023-06-28,-0.029233812909,0.322877241274,0.433883739118,-0.900968867902,0.062318379354,-0.998056320853
2023-06-29,0.011132634723,-0.369433746592,-0.433883739118,-0.900968867902,0.045141017774,-0.998980624694
2023-06-30,0.030142887823,0.634575606095,-0.974927912182,-0.222520933956,0.027950298240,-0.999609314096
2023-07-01,0.030279740952,-0.037574659591,-0.781831482468,0.623489801859,0.010751307764,-0.999942203020
2023-07-02,-0.006078795597,-0.150318936521,0.000000000000,1.000000000000,-0.006450864198,-0.999979192959
2023-07-03,0.000504620266,0.254371130133,0.781831482468,0.623489801859,-0.023651127245,-0.999720272966
2023-07-04,-0.015911545689,-0.421375020798,0.974927912182,-0.222520933956,-0.040844391543,-0.999165519661
2023-07-05,-0.014169750719,0.035552177157,0.433883739118,-0.900968867902,-0.058025569329,-0.998315097203
2023-07-06,-0.028689495715,0.162987010125,-0.433883739118,-0.900968867902,-0.075189576415,-0.997169257247
2023-07-07,0.014111971537,-0.247907162987,-0.974927912182,-0.222520933956,-0.092331333695,-0.995728338865
2023-07-08,0.002823554294,-0.270344781045,-0.781831482468,0.623489801859,-0.109445768649,-0.993992768447
2023-07-09,-0.008752243268,-0.098572536431,0.000000000000,1.000000000000,-0.126527816839,-0.991963059577
2023-07-10,0.048523747985,1.058782342467,0.781831482468,0.623489801859,-0.143572423412,-0.989639812879
2023-07-11,0.010776781563,-0.441783096563,0.974927912182,-0.222520933956,-0.160574544595,-0.987023715839
2023-07-12,-0.018347373021,-0.059231420125,0.433883739118,-0.900968867902,-0.177529149187,-0.984115542601
2023-07-13,0.049838743197,0.409503010413,-0.433883739118,-0.900968867902,-0.194431220048,-0.980916153741
2023-07-14,-0.032887341011,0.049115504226,-0.974927912182,-0.222520933956,-0.211275755582,-0.977426496010
2023-07-15,0.011648966520,-0.637125170514,-0.781831482468,0.623489801859,-0.228057771222,-0.973647602054
2023-07-16,-0.034201852806,0.043327145134,0.000000000000,1.000000000000,-0.244772300897,-0.969580590108
2023-07-17,0.006965665814,0.418662176086,0.781831482468,0.623489801859,-0.261414398511,-0.965226663666
2023-07-18,-0.016871663831,0.113736607794,0.974927912182,-0.222520933956,-0.277979139399,-0.960587111125
2023-07-19,0.003721757950,-0.408611828966,0.433883739118,-0.900968867902,-0.294461621787,-0.955663305403
2023-07-20,0.006498664384,-0.029707400448,-0.433883739118,-0.900968867902,-0.310856968244,-0.950456703535
2023-07-21,0.004340393872,-0.160743894303,-0.974927912182,-0.222520933956,-0.327160327122,-0.944968846236
2023-07-22,-0.011378536473,-0.286497015247,-0.781831482468,0.623489801859,-0.343366873996,-0.939201357453
2023-07-23,0.005895594541,-0.103624819474,0.000000000000,1.000000000000,-0.359471813088,-0.933155943878
2023-07-24,-0.014581623140,0.480112197021,0.781831482468,0.623489801859,-0.375470378688,-0.926834394446
2023-07-25,-0.004772481589,-0.209423432515,0.974927912182,-0.222520933956,-0.391357836561,-0.920238579805
2023-07-26,0.004840041787,0.130427678003,0.433883739118,-0.900968867902,-0.407129485354,-0.913370451764
2023-07-27,0.006409041666,0.036689744967,-0.433883739118,-0.900968867902,-0.422780657983,-0.906232042711
2023-07-28,0.006127749828,-0.109781688387,-0.974927912182,-0.222520933956,-0.438306723013,-0.898825465016
2023-07-29,0.002473762501,-0.200908637401,-0.781831482468,0.623489801859,-0.453703086031,-0.891152910406
2023-07-30,-0.000207727384,0.292984317182,0.000000000000,1.000000000000,-0.468965191008,-0.883216649313
2023-07-31,-0.005811426444,0.942820129163,0.781831482468,0.623489801859,-0.484088521639,-0.875019030203
2023-08-01,0.026133429412,-0.274080827005,0.974927912182,-0.222520933956,-0.499068602689,-0.866562478885
2023-08-02,-0.028733045490,-0.244835799168,0.433883739118,-0.900968867902,-0.513901001309,-0.857849497787
2023-08-03,0.002354365170,-0.484588798371,-0.433883739118,-0.900968867902,-0.528581328356,-0.848882665221
2023-08-04,0.001717958984,-0.078265970811,-0.974927912182,-0.222520933956,-0.543105239683,-0.839664634618
2023-08-05,0.006124003940,-0.208198121210,-0.781831482468,0.623489801859,-0.557468437433,-0.830198133741
2023-08-06,-0.000661857819,0.328459658274,0.000000000000,1.000000000000,-0.571666671303,-0.820485963879
2023-08-07,-0.004131688461,0.018849346310,0.781831482468,0.623489801859,-0.585695739807,-0.810530999019
2023-08-08,0.013769268216,0.170910894612,0.974927912182,-0.222520933956,-0.599551491520,-0.800336184998
2023-08-09,-0.005137615537,-0.234128585277,0.433883739118,-0.900968867902,-0.613229826300,-0.789904538622
2023-08-10,-0.010846840999,-0.088144313573,-0.433883739118,-0.900968867902,-0.626726696508,-0.779239146786
2023-08-11,-0.006468511560,0.055793187202,-0.974927912182,-0.222520933956,-0.640038108204,-0.768343165549
2023-08-12,0.002361458146,-0.307278063116,-0.781831482468,0.623489801859,-0.653160122327,-0.757219819208
2023-08-13,-0.001000527541,0.041543680855,0.000000000000,1.000000000000,-0.666088855861,-0.745872399340
2023-08-14,0.001273629060,0.250893132594,0.781831482468,0.623489801859,-0.678820482986,-0.734304263830
2023-08-15,-0.015344215144,0.236535310824,0.974927912182,-0.222520933956,-0.691351236209,-0.722518835873
2023-08-16,-0.020535793671,-0.045109714510,0.433883739118,-0.900968867902,-0.703677407479,-0.710519602969
2023-08-17,-0.059221410703,0.532692677896,-0.433883739118,-0.900968867902,-0.715795349283,-0.698310115884
2023-08-18,-0.011150710425,-0.326881710103,-0.974927912182,-0.222520933956,-0.727701475726,-0.685893987600
2023-08-19,0.004095490756,-0.172372355129,-0.781831482468,0.623489801859,-0.739392263596,-0.673274892250
2023-08-20,-0.001677204715,-0.471840513219,0.000000000000,1.000000000000,-0.750864253399,-0.660456564028
2023-08-21,-0.028072103501,0.670429781503,0.781831482468,0.623489801859,-0.762114050389,-0.647442796083
2023-08-22,0.000927242927,0.091409682453,0.974927912182,-0.222520933956,-0.773138325571,-0.634237439398
2023-08-23,0.026052518376,-0.119198132885,0.433883739118,-0.900968867902,-0.783933816683,-0.620844401651
2023-08-24,0.010330505014,-0.360952751571,-0.433883739118,-0.900968867902,-0.794497329167,-0.607267646057
2023-08-25,-0.001443269859,0.071551518243,-0.974927912182,-0.222520933956,-0.804825737108,-0.593511190196
2023-08-26,-0.009049214785,-0.437304175393,-0.781831482468,0.623489801859,-0.814915984166,-0.579579104826
2023-08-27,0.009172629929,0.172915237473,0.000000000000,1.000000000000,-0.824765084473,-0.565475512674
2023-08-28,0.001649895205,0.022414626857,0.781831482468,0.623489801859,-0.834370123523,-0.551204587220
2023-08-29,0.036559981319,0.578192292046,0.974927912182,-0.222520933956,-0.843728259029,-0.536770551461
2023-08-30,-0.013595515202,-0.500283497363,0.433883739118,-0.900968867902,-0.852836721769,-0.522177676660
2023-08-31,-0.032708138934,0.175151856637,-0.433883739118,-0.900968867902,-0.861692816403,-0.507430281083
2023-09-01,-0.013794007040,0.022179983150,-0.974927912182,-0.222520933956,-0.870293922269,-0.492532728722
2023-09-02,0.003821696302,-0.406058004004,-0.781831482468,0.623489801859,-0.878637494161,-0.477489428003
2023-09-03,-0.000226649942,-0.098595956002,0.000000000000,1.000000000000,-0.886721063083,-0.462304830480
2023-09-04,0.003713069280,0.320521826900,0.781831482468,0.623489801859,-0.894542236976,-0.446983429520
2023-09-05,-0.003348461998,-0.201329042652,0.974927912182,-0.222520933956,-0.902098701430,-0.431529758971
2023-09-06,0.003056357632,0.210460674585,0.433883739118,-0.900968867902,-0.909388220365,-0.415948391825
2023-09-07,0.008113142299,0.120391253926,-0.433883739118,-0.900968867902,-0.916408636694,-0.400243938857
2023-09-08,-0.010778427808,-0.168950997293,-0.974927912182,-0.222520933956,-0.923157872965,-0.384421047269
2023-09-09,-0.001581589386,-0.473957582644,-0.781831482468,0.623489801859,-0.929633931968,-0.368484399308
2023-09-10,-0.008932014905,0.428838538897,0.000000000000,1.000000000000,-0.935834897335,-0.352438710885
2023-09-11,-0.030043038376,0.331907121084,0.781831482468,0.623489801859,-0.941758934099,-0.336288730177
2023-09-12,0.023789224360,-0.069416538574,0.974927912182,-0.222520933956,-0.947404289244,-0.320039236223
2023-09-13,0.007781342696,-0.278733832250,0.433883739118,-0.900968867902,-0.952769292217,-0.303695037511
2023-09-14,-0.001693269125,0.117953015470,-0.433883739118,-0.900968867902,-0.957852355428,-0.287260970551
2023-09-15,0.008876352519,0.253274615170,-0.974927912182,-0.222520933956,-0.962651974716,-0.270741898448
2023-09-16,0.003658605580,0.011872490701,-0.781831482468,0.623489801859,-0.967166729798,-0.254142709461
2023-09-17,0.006977969674,-0.112258368575,0.000000000000,1.000000000000,-0.971395284684,-0.237468315558
2023-09-18,-0.002135887010,0.280881443394,0.781831482468,0.623489801859,-0.975336388077,-0.220723650961
2023-09-19,0.005572451202,-0.394878930355,0.974927912182,-0.222520933956,-0.978988873741,-0.203913670683
2023-09-20,-0.013196648606,-0.033306524868,0.433883739118,-0.900968867902,-0.982351660847,-0.187043349070
2023-09-21,-0.016791271420,0.030533279023,-0.433883739118,-0.900968867902,-0.985423754292,-0.170117678320
2023-09-22,0.001691777752,-0.335829499767,-0.974927912182,-0.222520933956,-0.988204244994,-0.153141667013
2023-09-23,-0.002799336336,-0.245233182659,-0.781831482468,0.623489801859,-0.990692310162,-0.136120338623
2023-09-24,-0.010876293328,0.289324026643,0.000000000000,1.000000000000,-0.992887213536,-0.119058730034
2023-09-25,0.008561687828,0.024041985014,0.781831482468,0.623489801859,-0.994788305609,-0.101961890052
2023-09-26,0.010910887838,0.738695285186,0.974927912182,-0.222520933956,-0.996395023819,-0.084834877906
2023-09-27,-0.001852353780,0.202160133929,0.433883739118,-0.900968867902,-0.997706892710,-0.067682761755
2023-09-28,0.014473938018,-0.743618567949,-0.433883739118,-0.900968867902,-0.998723524080,-0.050510617185
2023-09-29,0.000945405529,-0.066341838389,-0.974927912182,-0.222520933956,-0.999444617092,-0.033323525712
2023-09-30,-0.002130267505,-0.318788974975,-0.781831482468,0.623489801859,-0.999869958362,-0.016126573271
2023-10-01,0.014904712414,0.463177879596,0.000000000000,1.000000000000,-0.999999422025,0.001075151283
2023-10-02,-0.015199744137,0.186592327861,0.781831482468,0.623489801859,-0.999832969770,0.018276557682
2023-10-03,-0.006174750432,-0.424325289630,0.974927912182,-0.222520933956,-0.999370650854,0.035472555753
2023-10-04,-0.000107099534,0.157559551542,0.433883739118,-0.900968867902,-0.998612602084,0.052658056925
2023-10-05,-0.012890819261,-0.016035827805,-0.433883739118,-0.900968867902,-0.997559047779,0.069827975730
2023-10-06,0.013558038335,-0.260586231343,-0.974927912182,-0.222520933956,-0.996210299702,0.086977231314
2023-10-07,-0.005592873815,-0.247173949150,-0.781831482468,0.623489801859,-0.994566756971,0.104100748935
2023-10-08,-0.003984498692,0.232462201352,0.000000000000,1.000000000000,-0.992628905935,0.121193461471
2023-10-09,-0.027652992984,0.443463645505,0.781831482468,0.623489801859,-0.990397320035,0.138250310911
2023-10-10,0.013641160728,0.059782872164,0.974927912182,-0.222520933956,-0.987872659635,0.155266249860
2023-10-11,-0.009845448713,-0.313201370667,0.433883739118,-0.900968867902,-0.985055671822,0.172236243028
2023-10-12,-0.006333768424,-0.066474235486,-0.433883739118,-0.900968867902,-0.981947190187,0.189155268720
2023-10-13,0.003923026022,-0.017887105870,-0.974927912182,-0.222520933956,-0.978548134580,0.206018320325
2023-10-14,0.002742263062,-0.376288138241,-0.781831482468,0.623489801859,-0.974859510837,0.222820407795
2023-10-15,0.015086881271,0.547752524613,0.000000000000,1.000000000000,-0.970882410481,0.239556559121
2023-10-16,0.023938273330,0.390820910537,0.781831482468,0.623489801859,-0.966618010400,0.256221821807
2023-10-17,-0.014916899235,-0.390543853140,0.974927912182,-0.222520933956,-0.962067572498,0.272811264334
2023-10-18,-0.005411417464,-0.247401066280,0.433883739118,-0.900968867902,-0.957232443323,0.289319977619
2023-10-19,0.003050564485,0.021465128206,-0.433883739118,-0.900968867902,-0.952114053668,0.305743076467
2023-10-20,0.005463189330,0.176429968115,-0.974927912182,-0.222520933956,-0.946713918146,0.322075701021
2023-10-21,0.009398996530,-0.225113677119,-0.781831482468,0.623489801859,-0.941033634745,0.338313018192
2023-10-22,0.015932230133,0.067910136946,0.000000000000,1.000000000000,-0.935074884352,0.354450223099
2023-10-23,0.047556098263,0.757432547863,0.781831482468,0.623489801859,-0.928839430256,0.370482540482
2023-10-24,-0.014156084642,0.073548411071,0.974927912182,-0.222520933956,-0.922329117629,0.386405226121
2023-10-25,-0.013248019937,-0.463055561051,0.433883739118,-0.900968867902,-0.915545872978,0.402213568237
2023-10-26,0.004742122501,0.056826780272,-0.433883739118,-0.900968867902,-0.908491703573,0.417902888887
2023-10-27,0.005538701161,0.233739972990,-0.974927912182,-0.222520933956,-0.901168696856,0.433468545349
2023-10-28,0.005766465911,-0.818524241584,-0.781831482468,0.623489801859,-0.893579019824,0.448905931494
2023-10-29,0.006068934591,-0.161851908318,0.000000000000,1.000000000000,-0.885724918384,0.464210479152
2023-10-30,0.005001711410,0.308287940267,0.781831482468,0.623489801859,-0.877608716690,0.479377659461
2023-10-31,-0.008125741645,0.121131457625,0.974927912182,-0.222520933956,-0.869232816457,0.494402984208
2023-11-01,0.006866347018,0.186428414347,0.433883739118,-0.900968867902,-0.860599696250,0.509282007157
2023-11-02,0.016196692309,0.236926087446,-0.433883739118,-0.900968867902,-0.851711910747,0.524010325368
2023-11-03,-0.004832283319,-0.382793419926,-0.974927912182,-0.222520933956,-0.842572089987,0.538583580492
2023-11-04,0.029265962380,-0.215925137741,-0.781831482468,0.623489801859,-0.833182938589,0.552997460070
2023-11-05,0.028512520168,0.449059111487,0.000000000000,1.000000000000,-0.823547234956,0.567247698803
2023-11-06,0.041341357667,0.221794731072,0.781831482468,0.623489801859,-0.813667830446,0.581330079815
2023-11-07,-0.032893213410,0.046763898413,0.974927912182,-0.222520933956,-0.803547648534,0.595240435904
2023-11-08,0.002950232782,-0.396740945156,0.433883739118,-0.900968867902,-0.793189683945,0.608974650772
2023-11-09,0.017598759781,1.106335605613,-0.433883739118,-0.900968867902,-0.782597001768,0.622528660243
2023-11-10,-0.001705085329,-0.245545261467,-0.974927912182,-0.222520933956,-0.771772736547,0.635898453468
2023-11-11,0.001350232916,-0.001499612812,-0.781831482468,0.623489801859,-0.760720091356,0.649080074110
2023-11-12,-0.015155135566,-0.139398586532,0.000000000000,1.000000000000,-0.749442336852,0.662069621515
2023-11-13,-0.025789847306,0.157388500382,0.781831482468,0.623489801859,-0.737942810303,0.674863251868
2023-11-14,0.003840395730,0.032348953062,0.974927912182,-0.222520933956,-0.726224914604,0.687457179327
2023-11-15,0.046343890513,0.004151656605,0.433883739118,-0.900968867902,-0.714292117269,0.699847677146
2023-11-16,-0.044301886859,0.031422577688,-0.433883739118,-0.900968867902,-0.702147949405,0.712031078779
2023-11-17,0.008149638656,-0.186319605284,-0.974927912182,-0.222520933956,-0.689796004666,0.724003778959
2023-11-18,0.000838881758,-0.149069641006,-0.781831482468,0.623489801859,-0.677239938191,0.735762234774
2023-11-19,0.006660840739,-0.094974701460,0.000000000000,1.000000000000,-0.664483465523,0.747302966705
2023-11-20,0.028178513929,0.735055365613,0.781831482468,0.623489801859,-0.651530361507,0.758622559666
2023-11-21,-0.113211646482,0.654606832895,0.974927912182,-0.222520933956,-0.638384459175,0.769717664007
2023-11-22,0.041725518595,-0.617217994218,0.433883739118,-0.900968867902,-0.625049648610,0.780584996507
2023-11-23,-0.010090642935,-0.556930005789,-0.433883739118,-0.900968867902,-0.611529875799,0.791221341348
2023-11-24,-0.003706515927,-0.076991589595,-0.974927912182,-0.222520933956,-0.597829141459,0.801623551065
2023-11-25,0.006586163464,-0.249699642044,-0.781831482468,0.623489801859,-0.583951499858,0.811788547476
2023-11-26,-0.010258662103,0.092029642384,0.000000000000,1.000000000000,-0.569901057613,0.821713322596
2023-11-27,-0.020135751217,0.271602980917,0.781831482468,0.623489801859,-0.555681972476,0.831394939523
2023-11-28,0.009938443717,-0.165403189659,0.974927912182,-0.222520933956,-0.541298452104,0.840830533312
2023-11-29,-0.010284645495,-0.112970144433,0.433883739118,-0.900968867902,-0.526754752811,0.850017311819
2023-11-30,0.001499030096,-0.050733989995,-0.433883739118,-0.900968867902,-0.512055178311,0.858952556527
2023-12-01,0.003778066922,0.066400319597,-0.974927912182,-0.222520933956,-0.497204078447,0.867633623355
2023-12-02,0.003298939548,0.027603072723,-0.781831482468,0.623489801859,-0.482205847896,0.876057943434
2023-12-03,-0.005258600759,0.134625231316,0.000000000000,1.000000000000,-0.467064924877,0.884223023874
2023-12-04,0.022528785039,1.089555074580,0.781831482468,0.623489801859,-0.451785789833,0.892126448495
2023-12-05,-0.008756580178,-0.920568527549,0.974927912182,-0.222520933956,-0.436372964105,0.899765878548
2023-12-06,-0.007974869089,-0.001917268959,0.433883739118,-0.900968867902,-0.420831008596,0.907139053401
2023-12-07,0.015367993424,-0.043992385616,-0.433883739118,-0.900968867902,-0.405164522421,0.914243791213
2023-12-08,0.025170371802,0.018583103933,-0.974927912182,-0.222520933956,-0.389378141545,0.921077989579
2023-12-09,-0.004814029629,0.032929733582,-0.781831482468,0.623489801859,-0.373476537413,0.927639626149
2023-12-10,0.008228513919,-0.291465051010,0.000000000000,1.000000000000,-0.357464415565,0.933926759229
2023-12-11,0.027514471633,0.812300589065,0.781831482468,0.623489801859,-0.341346514245,0.939937528356
2023-12-12,0.032240190982,-0.033555636326,0.974927912182,-0.222520933956,-0.325127603000,0.945670154847
2023-12-13,-0.008173572699,-0.281817736779,0.433883739118,-0.900968867902,-0.308812481266,0.951122942324
2023-12-14,0.004418852066,-0.183066369033,-0.433883739118,-0.900968867902,-0.292405976951,0.956294277220
2023-12-15,-0.034682805873,-0.129941491970,-0.974927912182,-0.222520933956,-0.275912945003,0.961182629254
2023-12-16,-0.002238000970,-0.166399388160,-0.781831482468,0.623489801859,-0.259338265975,0.965786551884
2023-12-17,-0.020852951749,-0.001972148438,0.000000000000,1.000000000000,-0.242686844583,0.970104682736
2023-12-18,0.008489044376,0.293230654133,0.781831482468,0.623489801859,-0.225963608248,0.974135744005
2023-12-19,0.045712759475,0.363919135288,0.974927912182,-0.222520933956,-0.209173505646,0.977878542834
2023-12-20,0.029140037177,-0.174710198889,0.433883739118,-0.900968867902,-0.192321505239,0.981331971670
2023-12-21,0.041933831877,0.116550715166,-0.433883739118,-0.900968867902,-0.175412593804,0.984495008588
2023-12-22,0.000478834528,-0.153798270944,-0.974927912182,-0.222520933956,-0.158451774961,0.987366717594
2023-12-23,0.000053302135,-0.377461760628,-0.781831482468,0.623489801859,-0.141444067688,0.989946248902
2023-12-24,-0.024898724302,0.144024980994,0.000000000000,1.000000000000,-0.124394504840,0.992232839189
2023-12-25,0.008861676829,-0.084122834966,0.781831482468,0.623489801859,-0.107308131656,0.994225811816
2023-12-26,0.108540158128,0.966536220203,0.974927912182,-0.222520933956,-0.090190004270,0.995924577029
2023-12-27,0.083683596835,-0.024953561331,0.433883739118,-0.900968867902,-0.073045188211,0.997328632136
2023-12-28,-0.000242056195,0.048300886594,-0.433883739118,-0.900968867902,-0.055878756905,0.998437561657
2023-12-29,-0.030498315422,-0.339338270911,-0.974927912182,-0.222520933956,-0.038695790177,0.999251037439
2023-12-30,0.010419146198,-0.451720083747,-0.781831482468,0.623489801859,-0.021501372741,0.999768818763
2023-12-31,-0.015027236417,0.056199426923,0.000000000000,1.000000000000,-0.004300592703,0.999990752408
2024-01-01,0.006293756484,-0.045812944657,0.781831482468,0.623489801859,0.017201575418,0.999852041956
2024-01-02,-0.007356551335,0.218576939522,0.974927912182,-0.222520933956,0.034398060614,0.999408211606
2024-01-03,0.014496810875,0.531151397105,0.433883739118,-0.900968867902,0.051584366869,0.998668640288
2024-01-04,0.021675501736,-0.405055800860,-0.433883739118,-0.900968867902,0.068755408481,0.997633546852
2024-01-05,-0.019186974775,-0.022074683596,-0.974927912182,-0.222520933956,0.085906104261,0.996303237599
2024-01-06,-0.030888894222,-0.178899113540,-0.781831482468,0.623489801859,0.103031379043,0.994678106189
2024-01-07,-0.016060870567,-0.251155596065,0.000000000000,1.000000000000,0.120126165182,0.992758633525
2024-01-08,0.005300925552,0.333659865143,0.781831482468,0.623489801859,0.137185404057,0.990545387609
2024-01-09,-0.011641514695,0.185483722109,0.974927912182,-0.222520933956,0.154204047563,0.988039023377
2024-01-10,0.013598333751,-0.135905198209,0.433883739118,-0.900968867902,0.171177059610,0.985240282501
2024-01-11,0.011745606009,0.100695699222,-0.433883739118,-0.900968867902,0.188099417612,0.982149993175
2024-01-12,-0.039887684512,-0.101814418987,-0.974927912182,-0.222520933956,0.204966113969,0.978769069865
2024-01-13,0.018692235893,-0.383891631671,-0.781831482468,0.623489801859,0.221772157556,0.975098513040
2024-01-14,-0.010564133689,-0.035794876624,0.000000000000,1.000000000000,0.238512575194,0.971139408877
2024-01-15,0.060074407963,0.749864494709,0.781831482468,0.623489801859,0.255182413123,0.966892928939
2024-01-16,-0.007398982546,-0.376730125118,0.974927912182,-0.222520933956,0.271776738471,0.962360329828
2024-01-17,-0.019673082320,0.053269863066,0.433883739118,-0.900968867902,0.288290640710,0.957542952812
2024-01-18,0.013520887045,-0.087112953941,-0.433883739118,-0.900968867902,0.304719233109,0.952442223431
2024-01-19,0.003210898486,-0.065094290633,-0.974927912182,-0.222520933956,0.321057654185,0.947059651072
2024-01-20,0.008427446240,-0.399537680274,-0.781831482468,0.623489801859,0.337301069136,0.941396828526
2024-01-21,0.004276259019,0.039945615258,0.000000000000,1.000000000000,0.353444671274,0.935455431513
2024-01-22,-0.041309490277,0.271746122538,0.781831482468,0.623489801859,0.369483683447,0.929237218188
2024-01-23,-0.023295637960,0.115799321974,0.974927912182,-0.222520933956,0.385413359454,0.922744028620
2024-01-24,-0.017963328053,-0.103506890131,0.433883739118,-0.900968867902,0.401228985448,0.915977784248
2024-01-25,-0.004007281246,0.123413061542,-0.433883739118,-0.900968867902,0.416925881329,0.908940487314
2024-01-26,0.035002091759,-0.119731461384,-0.974927912182,-0.222520933956,0.432499402134,0.901634220265
2024-01-27,0.011533063221,-0.332285551065,-0.781831482468,0.623489801859,0.447944939408,0.894061145145
2024-01-28,-0.002780656759,0.123223829505,0.000000000000,1.000000000000,0.463257922567,0.886223502949
2024-01-29,0.018621762159,0.052638849107,0.781831482468,0.623489801859,0.478433820255,0.878123612959
2024-01-30,-0.010499686733,-0.058647596583,0.974927912182,-0.222520933956,0.493468141677,0.869763872065
2024-01-31,-0.023401864943,0.046052295582,0.433883739118,-0.900968867902,0.508356437938,0.861146754048
2024-02-01,-0.000583390622,-0.076293219274,-0.433883739118,-0.900968867902,0.523094303349,0.852274808852
2024-02-02,0.003256329761,-0.075578849422,-0.974927912182,-0.222520933956,0.537677376741,0.843150661828
2024-02-03,-0.004720471453,-0.143030622627,-0.781831482468,0.623489801859,0.552101342746,0.833777012959
2024-02-04,0.016535288966,0.300435605374,0.000000000000,1.000000000000,0.566361933081,0.824156636057
2024-02-05,-0.012814582838,0.009211973458,0.781831482468,0.623489801859,0.580454927809,0.814292377947
2024-02-06,0.006150515675,-0.194947429716,0.974927912182,-0.222520933956,0.594376156585,0.804187157621
2024-02-07,0.016136930893,0.132669116187,0.433883739118,-0.900968867902,0.608121499894,0.793843965378
2024-02-08,0.035876756389,0.440364307471,-0.433883739118,-0.900968867902,0.621686890267,0.783265861934
2024-02-09,0.015467208453,-0.096946224404,-0.974927912182,-0.222520933956,0.635068313487,0.772455977519
2024-02-10,-0.002189894656,-0.394633968980,-0.781831482468,0.623489801859,0.648261809776,0.761417510953
2024-02-11,-0.007287704108,-0.043533469326,0.000000000000,1.000000000000,0.661263474966,0.750153728696
2024-02-12,0.022065699683,0.329975241901,0.781831482468,0.623489801859,0.674069461655,0.738667963881
2024-02-13,-0.009425085119,-0.102777038339,0.974927912182,-0.222520933956,0.686675980345,0.726963615332
2024-02-14,0.028457525221,0.001100143088,0.433883739118,-0.900968867902,0.699079300566,0.715044146554
2024-02-15,0.059425688991,0.675661951109,-0.433883739118,-0.900968867902,0.711275751974,0.702913084708
2024-02-16,0.017271405010,-0.176690969041,-0.974927912182,-0.222520933956,0.723261725444,0.690574019572
2024-02-17,-0.022366542205,-0.282895852944,-0.781831482468,0.623489801859,0.735033674133,0.678030602474
2024-02-18,-0.009189373550,-0.137556966330,0.000000000000,1.000000000000,0.746588114532,0.665286545211
2024-02-19,0.006064667105,0.295518934961,0.781831482468,0.623489801859,0.757921627497,0.652345618957
2024-02-20,0.008651388575,0.144052137361,0.974927912182,-0.222520933956,0.769030859259,0.639211653138
2024-02-21,0.064580277657,0.418645214112,0.433883739118,-0.900968867902,0.779912522417,0.625888534308
2024-02-22,0.009131497070,-0.123140668254,-0.433883739118,-0.900968867902,0.790563396912,0.612380204990
2024-02-23,-0.017669597134,-0.131510103622,-0.974927912182,-0.222520933956,0.800980330978,0.598690662518
2024-02-24,0.016970502173,-0.477977291866,-0.781831482468,0.623489801859,0.811160242079,0.584823957846
2024-02-25,0.017679229353,0.196000548021,0.000000000000,1.000000000000,0.821100117813,0.570784194357
2024-02-26,0.033139544068,0.417985830343,0.781831482468,0.623489801859,0.830797016812,0.556575526641
2024-02-27,-0.016691134499,-0.138690805102,0.974927912182,-0.222520933956,0.840248069608,0.542202159273
2024-02-28,0.051261369821,0.283197654432,0.433883739118,-0.900968867902,0.849450479481,0.527668345563
2024-02-29,-0.039224899890,-0.121298653926,-0.433883739118,-0.900968867902,0.858401523292,0.512978386299
2024-03-01,0.019892057862,-0.298480692520,-0.974927912182,-0.222520933956,0.867098552281,0.498136628478
2024-03-02,0.007755590726,-0.004432768729,-0.781831482468,0.623489801859,0.875538992859,0.483147464015
2024-03-03,0.008227181413,0.174645055017,0.000000000000,1.000000000000,0.883720347362,0.468015328444
2024-03-04,0.011169460352,0.153617948696,0.781831482468,0.623489801859,0.891640194797,0.452744699607
2024-03-05,-0.059926425380,0.452409679242,0.974927912182,-0.222520933956,0.899296191553,0.437340096330
2024-03-06,0.083455752458,-0.011490658768,0.433883739118,-0.900968867902,0.906686072098,0.421806077083
2024-03-07,0.102441706342,0.014487457482,-0.433883739118,-0.900968867902,0.913807649647,0.406147238631
2024-03-08,0.026581862986,0.090456158937,-0.974927912182,-0.222520933956,0.920658816810,0.390368214676
2024-03-09,0.003002390331,-0.453739423904,-0.781831482468,0.623489801859,0.927237546218,0.374473674487
2024-03-10,0.078185840495,0.666279934819,0.000000000000,1.000000000000,0.933541891118,0.358468321512
2024-03-11,-0.012654448886,-0.131923531923,0.781831482468,0.623489801859,0.939569985953,0.342356891995
2024-03-12,0.028566787536,0.103552600170,0.974927912182,-0.222520933956,0.945320046913,0.326144153564
2024-03-13,0.159001496197,0.266283864906,0.433883739118,-0.900968867902,0.950790372463,0.309834903832
2024-03-14,-0.044711968060,-0.150602178017,-0.433883739118,-0.900968867902,0.955979343844,0.293433968967
2024-03-15,0.048260362963,0.173320920412,-0.974927912182,-0.222520933956,0.960885425557,0.276946202269
2024-03-16,-0.092706231725,-0.391883200114,-0.781831482468,0.623489801859,0.965507165814,0.260376482734
2024-03-17,-0.009913541664,-0.118174208964,0.000000000000,1.000000000000,0.969843196967,0.243729713610
2024-03-18,-0.029369231313,0.125640674188,0.781831482468,0.623489801859,0.973892235915,0.227010820941
2024-03-19,-0.089507814192,0.087550798637,0.974927912182,-0.222520933956,0.977653084482,0.210224752119
2024-03-20,0.093365379141,-0.313383266871,0.433883739118,-0.900968867902,0.981124629772,0.193376474410
2024-03-21,-0.006220614602,-0.202409533944,-0.433883739118,-0.900968867902,0.984305844499,0.176470973492
2024-03-22,-0.002659965172,0.128152546537,-0.974927912182,-0.222520933956,0.987195787291,0.159513251973
2024-03-23,0.000182940986,-0.407559568358,-0.781831482468,0.623489801859,0.989793602967,0.142508327916
2024-03-24,0.028782529470,-0.117210291154,0.000000000000,1.000000000000,0.992098522792,0.125461233353
2024-03-25,0.033640740431,0.355350154922,0.781831482468,0.623489801859,0.994109864702,0.108377012792
2024-03-26,-0.012465450807,-0.176686222919,0.974927912182,-0.222520933956,0.995827033510,0.091260721729
2024-03-27,-0.009767291746,-0.050672216784,0.433883739118,-0.900968867902,0.997249521077,0.074117425151
2024-03-28,0.015131416638,0.001395241522,-0.433883739118,-0.900968867902,0.998376906467,0.056952196034
2024-03-29,0.049155101976,0.339250264863,-0.974927912182,-0.222520933956,0.999208856068,0.039770113846
2024-03-30,-0.019184650217,-0.465671085377,-0.781831482468,0.623489801859,0.999745123693,0.022576263042
2024-03-31,0.009756101985,-0.183887454092,0.000000000000,1.000000000000,0.999985550651,0.005375731558
2024-04-01,-0.051582170658,0.327117143806,0.781831482468,0.623489801859,0.999930065796,-0.011826390692
2024-04-02,-0.045639557545,0.205151421980,0.974927912182,-0.222520933956,0.999578685548,-0.029025013322
2024-04-03,0.020380294649,-0.168046531831,0.433883739118,-0.900968867902,0.998931513885,-0.046215046984
2024-04-04,0.040829492214,0.110037442162,-0.433883739118,-0.900968867902,0.997988742316,-0.063391404870
2024-04-05,-0.011120970686,-0.165349079897,-0.974927912182,-0.222520933956,0.996750649821,-0.080549004219
2024-04-06,0.012017786218,-0.400592642892,-0.781831482468,0.623489801859,0.995217602774,-0.097682767822
2024-04-07,-0.003187206310,0.033800507595,0.000000000000,1.000000000000,0.993390054826,-0.114787625522
2024-04-08,0.004780128060,0.235225436934,0.781831482468,0.623489801859,0.991268546779,-0.131858515717
2024-04-09,-0.010397379193,0.133768320901,0.974927912182,-0.222520933956,0.988853706421,-0.148890386856
2024-04-10,0.049137857044,-0.183853344681,0.433883739118,-0.900968867902,0.986146248342,-0.165878198935
2024-04-11,-0.008543623455,-0.241357979709,-0.433883739118,-0.900968867902,0.983146973722,-0.182816924985
2024-04-12,-0.014174642834,0.701001703513,-0.974927912182,-0.222520933956,0.979856770096,-0.199701552566
2024-04-13,-0.073172556594,0.015440410474,-0.781831482468,0.623489801859,0.976276611087,-0.216527085245
2024-04-14,0.023038789706,-0.433618384901,0.000000000000,1.000000000000,0.972407556122,-0.233288544075
2024-04-15,-0.025613440752,-0.146926355518,0.781831482468,0.623489801859,0.968250750117,-0.249980969073
2024-04-16,-0.027589744473,-0.135740751220,0.974927912182,-0.222520933956,0.963807423137,-0.266599420679
2024-04-17,-0.006366717416,0.082798369922,0.433883739118,-0.900968867902,0.959078890034,-0.283138981228
2024-04-18,0.032685216580,0.019209925753,-0.433883739118,-0.900968867902,0.954066550058,-0.299594756397
2024-04-19,0.004908794650,-0.086462159568,-0.974927912182,-0.222520933956,0.948771886440,-0.315961876658
2024-04-20,0.028551445978,-0.638663175655,-0.781831482468,0.623489801859,0.943196465957,-0.332235498716
2024-04-21,0.015052554342,0.115137189335,0.000000000000,1.000000000000,0.937341938464,-0.348410806945
2024-04-22,0.043806643684,0.508448686514,0.781831482468,0.623489801859,0.931210036412,-0.364483014810
2024-04-23,0.002086968556,0.059617514530,0.974927912182,-0.222520933956,0.924802574329,-0.380447366288
2024-04-24,0.002050302747,0.095623108210,0.433883739118,-0.900968867902,0.918121448284,-0.396299137269
2024-04-25,0.009686561721,-0.268032070973,-0.433883739118,-0.900968867902,0.911168635333,-0.412033636959
2024-04-26,-0.026905014790,-0.350987529552,-0.974927912182,-0.222520933956,0.903946192922,-0.427646209268
2024-04-27,-0.003326433656,-0.044921692663,-0.781831482468,0.623489801859,0.896456258291,-0.443132234183
2024-04-28,0.007276628893,-0.137957262972,0.000000000000,1.000000000000,0.888701047829,-0.458487129140
2024-04-29,-0.012138491910,0.242600354835,0.781831482468,0.623489801859,0.880682856430,-0.473706350380
2024-04-30,-0.024491900660,0.688327243945,0.974927912182,-0.222520933956,0.872404056805,-0.488785394289
2024-05-01,-0.029969591537,-0.139548892436,0.433883739118,-0.900968867902,0.863867098784,-0.503719798736
2024-05-02,-0.001571338728,-0.538083061938,-0.433883739118,-0.900968867902,0.855074508590,-0.518505144391
2024-05-03,0.046165662928,-0.026235723104,-0.974927912182,-0.222520933956,0.846028888092,-0.533137056032
2024-05-04,-0.001984691709,-0.383843461527,-0.781831482468,0.623489801859,0.836732914034,-0.547611203840
2024-05-05,0.010685828384,-0.091835240238,0.000000000000,1.000000000000,0.827189337246,-0.561923304683
2024-05-06,-0.006207673697,1.052885952288,0.781831482468,0.623489801859,0.817400981825,-0.576069123380
2024-05-07,-0.018851506415,0.008736760560,0.974927912182,-0.222520933956,0.807370744302,-0.590044473955
2024-05-08,0.018378132201,0.043054966595,0.433883739118,-0.900968867902,0.797101592787,-0.603845220877
2024-05-09,0.013231638715,0.168414443702,-0.433883739118,-0.900968867902,0.786596566087,-0.617467280284
2024-05-10,-0.017619468650,-0.220608163858,-0.974927912182,-0.222520933956,0.775858772807,-0.630906621188
2024-05-11,0.010878891683,-0.131904867955,-0.781831482468,0.623489801859,0.764891390434,-0.644159266672
2024-05-12,0.004040062007,-0.043672626419,0.000000000000,1.000000000000,0.753697664393,-0.657221295066
2024-05-13,-0.004751361609,0.248101677571,0.781831482468,0.623489801859,0.742280907087,-0.670088841106
2024-05-14,-0.042999980382,0.172422452174,0.974927912182,-0.222520933956,0.730644496918,-0.682758097076
2024-05-15,0.026755702485,-0.025508384067,0.433883739118,-0.900968867902,0.718791877288,-0.695225313941
2024-05-16,-0.022383442183,0.008805891501,-0.433883739118,-0.900968867902,0.706726555578,-0.707486802450
2024-05-17,0.020842940653,-0.205230087474,-0.974927912182,-0.222520933956,0.694452102109,-0.719538934233
2024-05-18,-0.001200359800,-0.136291827283,-0.781831482468,0.623489801859,0.681972149090,-0.731378142868
2024-05-19,-0.010128079860,-0.045047905006,0.000000000000,1.000000000000,0.669290389541,-0.743000924944
2024-05-20,0.044227117912,0.501844891164,0.781831482468,0.623489801859,0.656410576198,-0.754403841093
2024-05-21,0.029212250540,0.507807675798,0.974927912182,-0.222520933956,0.643336520404,-0.765583517008
2024-05-22,-0.006080011364,-0.511038644056,0.433883739118,-0.900968867902,0.630072090984,-0.776536644443
2024-05-23,-0.026376661962,0.207457581753,-0.433883739118,-0.900968867902,0.616621213096,-0.787259982192
2024-05-24,0.002594142675,-0.391931480115,-0.974927912182,-0.222520933956,0.602987867069,-0.797750357046
2024-05-25,0.003274343543,-0.244619562170,-0.781831482468,0.623489801859,0.589176087232,-0.808004664735
2024-05-26,-0.003940920415,-0.014279866263,0.000000000000,1.000000000000,0.575189960712,-0.818019870844
2024-05-27,0.006150338485,0.208964145657,0.781831482468,0.623489801859,0.561033626228,-0.827793011713
2024-05-28,-0.003840122905,0.090731426059,0.974927912182,-0.222520933956,0.546711272869,-0.837321195312
2024-05-29,-0.010435285502,-0.120104613841,0.433883739118,-0.900968867902,0.532227138847,-0.846601602098
2024-05-30,0.000092014435,0.056122169620,-0.433883739118,-0.900968867902,0.517585510253,-0.855631485849
2024-05-31,-0.002531584648,-0.088507703305,-0.974927912182,-0.222520933956,0.502790719779,-0.864408174478
2024-06-01,0.013026109043,-0.045194499090,-0.781831482468,0.623489801859,0.487847145442,-0.872929070821
2024-06-02,0.002860365721,0.092406618583,0.000000000000,1.000000000000,0.472759209286,-0.881191653407
2024-06-03,0.038080471470,0.571354417347,0.781831482468,0.623489801859,0.457531376074,-0.889193477207
2024-06-04,0.091129395204,0.146241120741,0.974927912182,-0.222520933956,0.442168151967,-0.896932174351
2024-06-05,0.018321315842,0.024353244539,0.433883739118,-0.900968867902,0.426674083190,-0.904405454834
2024-06-06,0.016425838673,-0.155206602329,-0.433883739118,-0.900968867902,0.411053754687,-0.911611107193
2024-06-07,-0.038895133783,-0.003627279930,-0.974927912182,-0.222520933956,0.395311788765,-0.918546999159
2024-06-08,-0.001018722599,-0.418169947326,-0.781831482468,0.623489801859,0.379452843725,-0.925211078289
2024-06-09,-0.013790761614,-0.057588494304,0.000000000000,1.000000000000,0.363481612483,-0.931601372577
2024-06-10,-0.075443617003,0.539734154131,0.781831482468,0.623489801859,0.347402821184,-0.937715991030
2024-06-11,-0.035586012173,-0.200887433573,0.974927912182,-0.222520933956,0.331221227802,-0.943553124235
2024-06-12,0.027235862094,-0.159165713761,0.433883739118,-0.900968867902,0.314941620729,-0.949111044890
2024-06-13,-0.032298842174,-0.167362753347,-0.433883739118,-0.900968867902,0.298568817364,-0.954388108318
2024-06-14,0.006095436956,-0.016242167681,-0.974927912182,-0.222520933956,0.282107662682,-0.959382752949
2024-06-15,0.007634122335,-0.228636570461,-0.781831482468,0.623489801859,0.265563027804,-0.964093500789
2024-06-16,0.003696823715,-0.029101330989,0.000000000000,1.000000000000,0.248939808554,-0.968518957851
2024-06-17,-0.009199853537,0.229606349557,0.781831482468,0.623489801859,0.232242924009,-0.972657814572
2024-06-18,-0.026427388905,0.231330920566,0.974927912182,-0.222520933956,0.215477315047,-0.976508846197
2024-06-19,0.016960176052,-0.236194666713,0.433883739118,-0.900968867902,0.198647942880,-0.980070913143
2024-06-20,-0.019673049124,0.015826834994,-0.433883739118,-0.900968867902,0.181759787591,-0.983342961339
2024-06-21,-0.002037906927,-0.083343361958,-0.974927912182,-0.222520933956,0.164817846657,-0.986324022532
2024-06-22,0.008246060658,-0.186486121982,-0.781831482468,0.623489801859,0.147827133471,-0.989013214578
2024-06-23,-0.023207872254,0.040074226431,0.000000000000,1.000000000000,0.130792675857,-0.991409741702
2024-06-24,-0.016829265138,0.342192657414,0.781831482468,0.623489801859,0.113719514586,-0.993512894734
2024-06-25,0.018374434757,-0.251548554867,0.974927912182,-0.222520933956,0.096612701881,-0.995322051316
2024-06-26,-0.009911657229,-0.027948608327,0.433883739118,-0.900968867902,0.079477299924,-0.996836676089
2024-06-27,0.014562317416,0.076072708395,-0.433883739118,-0.900968867902,0.062318379354,-0.998056320853
2024-06-28,-0.024989126659,-0.024882330824,-0.974927912182,-0.222520933956,0.045141017774,-0.998980624694
2024-06-29,0.004690439010,-0.163045033930,-0.781831482468,0.623489801859,0.027950298240,-0.999609314096
2024-06-30,0.021972290249,0.129163480454,0.000000000000,1.000000000000,0.010751307764,-0.999942203020
2024-07-01,-0.008777529821,0.030958522841,0.781831482468,0.623489801859,-0.006450864198,-0.999979192959
2024-07-02,0.003970225657,-0.054648303375,0.974927912182,-0.222520933956,-0.023651127245,-0.999720272966
2024-07-03,-0.039462909221,0.127685469195,0.433883739118,-0.900968867902,-0.040844391543,-0.999165519661
2024-07-04,-0.079594310928,0.169547455997,-0.433883739118,-0.900968867902,-0.058025569329,-0.998315097203
2024-07-05,-0.031620896717,0.331618515363,-0.974927912182,-0.222520933956,-0.075189576415,-0.997169257247
2024-07-06,0.057887702480,-0.579936591768,-0.781831482468,0.623489801859,-0.092331333695,-0.995728338865
2024-07-07,-0.072823492185,0.034095291960,0.000000000000,1.000000000000,-0.109445768649,-0.993992768447
2024-07-08,0.039958536175,0.328085510823,0.781831482468,0.623489801859,-0.126527816839,-0.991963059577
2024-07-09,0.011592730282,-0.373718210262,0.974927912182,-0.222520933956,-0.143572423412,-0.989639812879
2024-07-10,0.015269804796,0.004030502573,0.433883739118,-0.900968867902,-0.160574544595,-0.987023715839
2024-07-11,0.001184239211,0.056774459801,-0.433883739118,-0.900968867902,-0.177529149187,-0.984115542601
2024-07-12,0.016280084288,-0.052040459285,-0.974927912182,-0.222520933956,-0.194431220048,-0.980916153741
2024-07-13,-0.002642343135,-0.108160563635,-0.781831482468,0.623489801859,-0.211275755582,-0.977426496010
2024-07-14,0.023154182228,0.034659942200,0.000000000000,1.000000000000,-0.228057771222,-0.973647602054
2024-07-15,0.073107338373,0.306012787585,0.781831482468,0.623489801859,-0.244772300897,-0.969580590108
2024-07-16,-0.016439455257,0.031025149100,0.974927912182,-0.222520933956,-0.261414398511,-0.965226663666
2024-07-17,-0.013393978883,-0.179818912179,0.433883739118,-0.900968867902,-0.277979139399,-0.960587111125
2024-07-18,0.005327234200,-0.061097824918,-0.433883739118,-0.900968867902,-0.294461621787,-0.955663305403
2024-07-19,0.037323495831,0.226539974887,-0.974927912182,-0.222520933956,-0.310856968244,-0.950456703535
2024-07-20,-0.000218894391,-0.258562515083,-0.781831482468,0.623489801859,-0.327160327122,-0.944968846236
2024-07-21,0.013851366905,0.135405014076,0.000000000000,1.000000000000,-0.343366873996,-0.939201357453
2024-07-22,-0.023423114720,0.089756049942,0.781831482468,0.623489801859,-0.359471813088,-0.933155943878
2024-07-23,-0.009945639428,-0.076507438268,0.974927912182,-0.222520933956,-0.375470378688,-0.926834394446
2024-07-24,-0.013004765148,-0.138312196991,0.433883739118,-0.900968867902,-0.391357836561,-0.920238579805
2024-07-25,-0.006749592971,0.219759282807,-0.433883739118,-0.900968867902,-0.407129485354,-0.913370451764
2024-07-26,0.017997778892,-0.180569672675,-0.974927912182,-0.222520933956,-0.422780657983,-0.906232042711
2024-07-27,0.000878780255,0.055062182825,-0.781831482468,0.623489801859,-0.438306723013,-0.898825465016
2024-07-28,0.004307852891,-0.184120304958,0.000000000000,1.000000000000,-0.453703086031,-0.891152910406
2024-07-29,-0.016323288021,0.220848133226,0.781831482468,0.623489801859,-0.468965191008,-0.883216649313
2024-07-30,0.022408983721,-0.007808984162,0.974927912182,-0.222520933956,-0.484088521639,-0.875019030203
2024-07-31,-0.019410597751,-0.007237931830,0.433883739118,-0.900968867902,-0.499068602689,-0.866562478885
2024-08-01,-0.002121441959,0.128501938514,-0.433883739118,-0.900968867902,-0.513901001309,-0.857849497787
2024-08-02,-0.057672121552,0.008334883792,-0.974927912182,-0.222520933956,-0.528581328356,-0.848882665221
2024-08-03,-0.025055174742,-0.121320825585,-0.781831482468,0.623489801859,-0.543105239683,-0.839664634618
2024-08-04,-0.063229210991,0.080657937596,0.000000000000,1.000000000000,-0.557468437433,-0.830198133741
2024-08-05,-0.067433914401,0.865054116723,0.781831482468,0.623489801859,-0.571666671303,-0.820485963879
2024-08-06,0.041518970178,-0.812178072898,0.974927912182,-0.222520933956,-0.585695739807,-0.810530999019
2024-08-07,-0.021072346100,-0.103080833941,0.433883739118,-0.900968867902,-0.599551491520,-0.800336184998
2024-08-08,0.087014122695,-0.050709085558,-0.433883739118,-0.900968867902,-0.613229826300,-0.789904538622
2024-08-09,-0.015888604949,-0.134061157370,-0.974927912182,-0.222520933956,-0.626726696508,-0.779239146786
2024-08-10,0.027381688624,-0.115523217217,-0.781831482468,0.623489801859,-0.640038108204,-0.768343165549
2024-08-11,-0.038000231741,0.113964444268,0.000000000000,1.000000000000,-0.653160122327,-0.757219819208
2024-08-12,0.028821347149,0.133482654093,0.781831482468,0.623489801859,-0.666088855861,-0.745872399340
2024-08-13,0.010727247216,-0.015960124621,0.974927912182,-0.222520933956,-0.678820482986,-0.734304263830
2024-08-14,-0.000216039457,-0.091415838281,0.433883739118,-0.900968867902,-0.691351236209,-0.722518835873
2024-08-15,-0.007941444844,0.025559549390,-0.433883739118,-0.900968867902,-0.703677407479,-0.710519602969
2024-08-16,0.000189003495,-0.067214950995,-0.974927912182,-0.222520933956,-0.715795349283,-0.698310115884
2024-08-17,0.041929630194,0.009850756906,-0.781831482468,0.623489801859,-0.727701475726,-0.685893987600
2024-08-18,-0.019790754291,-0.063730084783,0.000000000000,1.000000000000,-0.739392263596,-0.673274892250
2024-08-19,0.051705890314,0.166106303045,0.781831482468,0.623489801859,-0.750864253399,-0.660456564028
2024-08-20,0.016736266675,0.180526206292,0.974927912182,-0.222520933956,-0.762114050389,-0.647442796083
2024-08-21,0.001321435076,-0.088631110959,0.433883739118,-0.900968867902,-0.773138325571,-0.634237439398
2024-08-22,0.022605223364,0.057127142813,-0.433883739118,-0.900968867902,-0.783933816683,-0.620844401651
2024-08-23,0.014902759446,0.019275782212,-0.974927912182,-0.222520933956,-0.794497329167,-0.607267646057
2024-08-24,-0.018837538774,-0.041729146913,-0.781831482468,0.623489801859,-0.804825737108,-0.593511190196
2024-08-25,-0.011276655572,-0.150448452255,0.000000000000,1.000000000000,-0.814915984166,-0.579579104826
2024-08-26,-0.045279634426,0.078695248308,0.781831482468,0.623489801859,-0.824765084473,-0.565475512674
2024-08-27,-0.027434410643,0.018954810307,0.974927912182,-0.222520933956,-0.834370123523,-0.551204587220
2024-08-28,0.005305003243,0.004043465422,0.433883739118,-0.900968867902,-0.843728259029,-0.536770551461
2024-08-29,-0.000354915783,-0.165356242908,-0.433883739118,-0.900968867902,-0.852836721769,-0.522177676660
2024-08-30,-0.002443932211,0.013521471513,-0.974927912182,-0.222520933956,-0.861692816403,-0.507430281083
2024-08-31,-0.004528737060,-0.218644167278,-0.781831482468,0.623489801859,-0.870293922269,-0.492532728722
2024-09-01,-0.038841629584,0.153707726837,0.000000000000,1.000000000000,-0.878637494161,-0.477489428003
2024-09-02,0.026648456055,0.098443140370,0.781831482468,0.623489801859,-0.886721063083,-0.462304830480
2024-09-03,-0.014869125536,-0.058469070896,0.974927912182,-0.222520933956,-0.894542236976,-0.446983429520
2024-09-04,-0.021137779310,0.196560884773,0.433883739118,-0.900968867902,-0.902098701430,-0.431529758971
2024-09-05,-0.011389739691,-0.256558636602,-0.433883739118,-0.900968867902,-0.909388220365,-0.415948391825
2024-09-06,-0.030673898741,0.236254610117,-0.974927912182,-0.222520933956,-0.916408636694,-0.400243938857
2024-09-07,0.012903369480,-0.314031347552,-0.781831482468,0.623489801859,-0.923157872965,-0.384421047269
2024-09-08,0.019622712381,0.014359018689,0.000000000000,1.000000000000,-0.929633931968,-0.368484399308
2024-09-09,0.030437012533,0.150518922007,0.781831482468,0.623489801859,-0.935834897335,-0.352438710885
2024-09-10,-0.002049216054,-0.092315573777,0.974927912182,-0.222520933956,-0.941758934099,-0.336288730177
2024-09-11,0.024264765393,0.109271454141,0.433883739118,-0.900968867902,-0.947404289244,-0.320039236223
2024-09-12,0.026264460041,0.057264460855,-0.433883739118,-0.900968867902,-0.952769292217,-0.303695037511
2024-09-13,0.023090179233,0.011404939365,-0.974927912182,-0.222520933956,-0.957852355428,-0.287260970551
2024-09-14,-0.006218380171,-0.212014038620,-0.781831482468,0.623489801859,-0.962651974716,-0.270741898448
2024-09-15,0.000735373086,0.103396713053,0.000000000000,1.000000000000,-0.967166729798,-0.254142709461
2024-09-16,-0.037076416769,0.142183998861,0.781831482468,0.623489801859,-0.971395284684,-0.237468315558
2024-09-17,0.022605541182,-0.109487627058,0.974927912182,-0.222520933956,-0.975336388077,-0.220723650961
2024-09-18,0.023585384068,0.024272290540,0.433883739118,-0.900968867902,-0.978988873741,-0.203913670683
2024-09-19,0.012759719560,0.114785800068,-0.433883739118,-0.900968867902,-0.982351660847,-0.187043349070
2024-09-20,0.004162068718,-0.020570285030,-0.974927912182,-0.222520933956,-0.985423754292,-0.170117678320
2024-09-21,0.035339672082,-0.072017912061,-0.781831482468,0.623489801859,-0.988204244994,-0.153141667013
2024-09-22,-0.001615886351,-0.008715609579,0.000000000000,1.000000000000,-0.990692310162,-0.136120338623
2024-09-23,0.027305270725,0.264776273956,0.781831482468,0.623489801859,-0.992887213536,-0.119058730034
2024-09-24,0.003562746977,-0.139295258479,0.974927912182,-0.222520933956,-0.994788305609,-0.101961890052
2024-09-25,-0.032117550536,-0.087974521516,0.433883739118,-0.900968867902,-0.996395023819,-0.084834877906
2024-09-26,0.015918152188,0.176853157860,-0.433883739118,-0.900968867902,-0.997706892710,-0.067682761755
2024-09-27,0.018412745905,0.029505062925,-0.974927912182,-0.222520933956,-0.998723524080,-0.050510617185
2024-09-28,-0.010417865881,-0.143178935252,-0.781831482468,0.623489801859,-0.999444617092,-0.033323525712
2024-09-29,-0.008607897644,-0.119020215577,0.000000000000,1.000000000000,-0.999869958362,-0.016126573271
2024-09-30,-0.050112474514,0.181530895781,0.781831482468,0.623489801859,-0.999999422025,0.001075151283
2024-10-01,-0.034547825061,0.071239860054,0.974927912182,-0.222520933956,-0.999832969770,0.018276557682
2024-10-02,-0.009690630784,-0.153888913621,0.433883739118,-0.900968867902,-0.999370650854,0.035472555753
2024-10-03,0.003150748034,-0.122013018583,-0.433883739118,-0.900968867902,-0.998612602084,0.052658056925
2024-10-04,0.019929986450,-0.059985849158,-0.974927912182,-0.222520933956,-0.997559047779,0.069827975730
2024-10-05,0.013990926331,-0.062271084953,-0.781831482468,0.623489801859,-0.996210299702,0.086977231314
2024-10-06,0.012936974062,-0.006922948848,0.000000000000,1.000000000000,-0.994566756971,0.104100748935
2024-10-07,-0.011268380348,0.184240139911,0.781831482468,0.623489801859,-0.992628905935,0.121193461471
2024-10-08,0.028404512252,0.229974480576,0.974927912182,-0.222520933956,-0.990397320035,0.138250310911
2024-10-09,-0.017601698770,-0.113456344140,0.433883739118,-0.900968867902,-0.987872659635,0.155266249860
2024-10-10,-0.013330068654,-0.204911293531,-0.433883739118,-0.900968867902,-0.985055671822,0.172236243028
2024-10-11,0.017844117934,0.039871407916,-0.974927912182,-0.222520933956,-0.981947190187,0.189155268720
2024-10-12,0.006251664657,-0.089910210328,-0.781831482468,0.623489801859,-0.978548134580,0.206018320325
2024-10-13,-0.008060945310,-0.007112135450,0.000000000000,1.000000000000,-0.974859510837,0.222820407795
2024-10-14,0.029429898885,0.215058237393,0.781831482468,0.623489801859,-0.970882410481,0.239556559121
2024-10-15,0.008940645379,0.111403896867,0.974927912182,-0.222520933956,-0.966618010400,0.256221821807
2024-10-16,0.011093941631,-0.061821754606,0.433883739118,-0.900968867902,-0.962067572498,0.272811264334
2024-10-17,-0.014718199419,-0.098171230789,-0.433883739118,-0.900968867902,-0.957232443323,0.289319977619
2024-10-18,0.012297200662,-0.059827933576,-0.974927912182,-0.222520933956,-0.952114053668,0.305743076467
2024-10-19,-0.002321941000,-0.134048524441,-0.781831482468,0.623489801859,-0.946713918146,0.322075701021
2024-10-20,0.012535192366,0.115668138902,0.000000000000,1.000000000000,-0.941033634745,0.338313018192
2024-10-21,-0.011127009209,0.175650169628,0.781831482468,0.623489801859,-0.935074884352,0.354450223099
2024-10-22,-0.009154583075,-0.097143489717,0.974927912182,-0.222520933956,-0.928839430256,0.370482540482
2024-10-23,-0.018518904527,-0.011943537734,0.433883739118,-0.900968867902,-0.922329117629,0.386405226121
2024-10-24,0.019856366776,-0.074811063571,-0.433883739118,-0.900968867902,-0.915545872978,0.402213568237
2024-10-25,-0.034068754022,0.070916489601,-0.974927912182,-0.222520933956,-0.908491703573,0.417902888887
2024-10-26,0.014783413599,-0.177533947549,-0.781831482468,0.623489801859,-0.901168696856,0.433468545349
2024-10-27,0.010089062909,-0.022405169177,0.000000000000,1.000000000000,-0.893579019824,0.448905931494
2024-10-28,0.019979021991,0.175679786756,0.781831482468,0.623489801859,-0.885724918384,0.464210479152
2024-10-29,0.008409822461,0.121026900635,0.974927912182,-0.222520933956,-0.877608716690,0.479377659461
2024-10-30,-0.016548507836,-0.126253065879,0.433883739118,-0.900968867902,-0.869232816457,0.494402984208
2024-10-31,-0.033616397133,0.085315632851,-0.433883739118,-0.900968867902,-0.860599696250,0.509282007157
2024-11-01,-0.005696787770,-0.058258444109,-0.974927912182,-0.222520933956,-0.851711910747,0.524010325368
2024-11-02,-0.008284527940,-0.179712457788,-0.781831482468,0.623489801859,-0.842572089987,0.538583580492
2024-11-03,-0.018469747830,0.104216800294,0.000000000000,1.000000000000,-0.833182938589,0.552997460070
2024-11-04,-0.010039611797,-0.002106373239,0.781831482468,0.623489801859,-0.823547234956,0.567247698803
2024-11-05,0.020689325800,-0.043275381886,0.974927912182,-0.222520933956,-0.813667830446,0.581330079815
2024-11-06,0.049132414137,0.436662962251,0.433883739118,-0.900968867902,-0.803547648534,0.595240435904
2024-11-07,0.010820846986,-0.172883020518,-0.433883739118,-0.900968867902,-0.793189683945,0.608974650772
2024-11-08,-0.000814935141,-0.047784614821,-0.974927912182,-0.222520933956,-0.782597001768,0.622528660243
2024-11-09,0.043246155731,0.377123622562,-0.781831482468,0.623489801859,-0.771772736547,0.635898453468
2024-11-10,0.006271062216,0.079408647718,0.000000000000,1.000000000000,-0.760720091356,0.649080074110
2024-11-11,0.052073436443,0.129325982002,0.781831482468,0.623489801859,-0.749442336852,0.662069621515
2024-11-12,-0.054142485959,0.065527112894,0.974927912182,-0.222520933956,-0.737942810303,0.674863251868
2024-11-13,-0.009621099973,-0.089852546161,0.433883739118,-0.900968867902,-0.726224914604,0.687457179327
2024-11-14,0.001094102115,0.029526934142,-0.433883739118,-0.900968867902,-0.714292117269,0.699847677146
2024-11-15,-0.004536169074,-0.286521014153,-0.974927912182,-0.222520933956,-0.702147949405,0.712031078779
2024-11-16,0.005650356513,-0.185804441533,-0.781831482468,0.623489801859,-0.689796004666,0.724003778959
2024-11-17,-0.006404227463,0.147863560921,0.000000000000,1.000000000000,-0.677239938191,0.735762234774
2024-11-18,0.001672921115,-0.070865204768,0.781831482468,0.623489801859,-0.664483465523,0.747302966705
2024-11-19,-0.005582004348,-0.096248128607,0.974927912182,-0.222520933956,-0.651530361507,0.758622559666
2024-11-20,-0.016152702638,0.019432704826,0.433883739118,-0.900968867902,-0.638384459175,0.769717664007
2024-11-21,0.027193906409,0.243278934426,-0.433883739118,-0.900968867902,-0.625049648610,0.780584996507
2024-11-22,0.017013439656,-0.097683882004,-0.974927912182,-0.222520933956,-0.611529875799,0.791221341348
2024-11-23,0.027531420056,0.300842216171,-0.781831482468,0.623489801859,-0.597829141459,0.801623551065
2024-11-24,0.013908264081,-0.061241379378,0.000000000000,1.000000000000,-0.583951499858,0.811788547476
2024-11-25,-0.036516989448,-0.109476503410,0.781831482468,0.623489801859,-0.569901057613,0.821713322596
2024-11-26,-0.036881370167,-0.055467379697,0.974927912182,-0.222520933956,-0.555681972476,0.831394939523
2024-11-27,0.049847927282,-0.096936435939,0.433883739118,-0.900968867902,-0.541298452104,0.840830533312
2024-11-28,0.014489707302,0.081699508262,-0.433883739118,-0.900968867902,-0.526754752811,0.850017311819
2024-11-29,0.000684585898,-0.213489595704,-0.974927912182,-0.222520933956,-0.512055178311,0.858952556527
2024-11-30,-0.000734209084,0.080356118911,-0.781831482468,0.623489801859,-0.497204078447,0.867633623355
2024-12-01,0.002447348299,-0.101039538466,0.000000000000,1.000000000000,-0.482205847896,0.876057943434
2024-12-02,-0.012793178138,0.250922302550,0.781831482468,0.623489801859,-0.467064924877,0.884223023874
2024-12-03,0.130267919423,0.458464203245,0.974927912182,-0.222520933956,-0.451785789833,0.892126448495
2024-12-04,0.002107252939,0.295693230414,0.433883739118,-0.900968867902,-0.436372964105,0.899765878548
2024-12-05,-0.034306088386,-0.397902103233,-0.433883739118,-0.900968867902,-0.420831008596,0.907139053401
2024-12-06,0.024455316502,-0.272897617438,-0.974927912182,-0.222520933956,-0.405164522421,0.914243791213
2024-12-07,0.024647563657,-0.210037094644,-0.781831482468,0.623489801859,-0.389378141545,0.921077989579
2024-12-08,-0.009342780647,-0.134067952524,0.000000000000,1.000000000000,-0.373476537413,0.927639626149
2024-12-09,-0.074511891541,0.473663194411,0.781831482468,0.623489801859,-0.357464415565,0.933926759229
2024-12-10,-0.018935964572,-0.051988968852,0.974927912182,-0.222520933956,-0.341346514245,0.939937528356
2024-12-11,0.050166961501,-0.309395463611,0.433883739118,-0.900968867902,-0.325127603000,0.945670154847
2024-12-12,-0.008276773417,0.049818495640,-0.433883739118,-0.900968867902,-0.308812481266,0.951122942324
2024-12-13,0.028364730238,0.023427095453,-0.974927912182,-0.222520933956,-0.292405976951,0.956294277220
2024-12-14,-0.014645900548,-0.224184543491,-0.781831482468,0.623489801859,-0.275912945003,0.961182629254
2024-12-15,0.004793049101,-0.066925475759,0.000000000000,1.000000000000,-0.259338265975,0.965786551884
2024-12-16,0.001656284142,0.217716284787,0.781831482468,0.623489801859,-0.242686844583,0.970104682736
2024-12-17,-0.005071461700,0.037661011764,0.974927912182,-0.222520933956,-0.225963608248,0.974135744005
2024-12-18,-0.041391062471,0.133873577019,0.433883739118,-0.900968867902,-0.209173505646,0.977878542834
2024-12-19,-0.031097691827,0.037752220434,-0.433883739118,-0.900968867902,-0.192321505239,0.981331971670
2024-12-20,0.017130857381,0.087892409528,-0.974927912182,-0.222520933956,-0.175412593804,0.984495008588
2024-12-21,-0.022078581707,-0.337859925984,-0.781831482468,0.623489801859,-0.158451774961,0.987366717594
2024-12-22,-0.022218815977,-0.694313953950,0.000000000000,1.000000000000,-0.141444067688,0.989946248902
2024-12-23,0.066053432257,0.465250874284,0.781831482468,0.623489801859,-0.124394504840,0.992232839189
2024-12-24,0.005382908236,-0.416749635522,0.974927912182,-0.222520933956,-0.107308131656,0.994225811816
2024-12-25,0.007985093862,-0.248876779125,0.433883739118,-0.900968867902,-0.090190004270,0.995924577029
2024-12-26,-0.020086945222,0.338689344347,-0.433883739118,-0.900968867902,-0.073045188211,0.997328632136
2024-12-27,0.003001584319,0.407828701076,-0.974927912182,-0.222520933956,-0.055878756905,0.998437561657
2024-12-28,0.043268635919,0.003259878941,-0.781831482468,0.623489801859,-0.038695790177,0.999251037439
2024-12-29,-0.038464157733,-0.137948764153,0.000000000000,1.000000000000,-0.021501372741,0.999768818763
2024-12-30,0.014867973415,0.083303203499,0.781831482468,0.623489801859,-0.004300592703,0.999990752408
2024-12-31,-0.004496981781,0.281709941186,0.974927912182,-0.222520933956,0.012901459949,0.999916772702
2025-01-01,0.007852349734,-0.513284882217,0.433883739118,-0.900968867902,0.017201575418,0.999852041956
2025-01-02,-0.001181639553,0.280803057922,-0.433883739118,-0.900968867902,0.034398060614,0.999408211606
2025-01-03,0.011223737289,-0.031556749786,-0.974927912182,-0.222520933956,0.051584366869,0.998668640288
2025-01-04,0.000276895201,-0.178402033066,-0.781831482468,0.623489801859,0.068755408481,0.997633546852
2025-01-05,-0.006440732536,-0.076794933735,0.000000000000,1.000000000000,0.085906104261,0.996303237599
2025-01-06,0.028002618300,0.376198919095,0.781831482468,0.623489801859,0.103031379043,0.994678106189
2025-01-07,-0.044907861526,0.067547115787,0.974927912182,-0.222520933956,0.120126165182,0.992758633525
2025-01-08,-0.002198869138,-0.004960408026,0.433883739118,-0.900968867902,0.137185404057,0.990545387609
2025-01-09,-0.015520597545,-0.125364205380,-0.433883739118,-0.900968867902,0.154204047563,0.988039023377
2025-01-10,0.012335609380,-0.139032687874,-0.974927912182,-0.222520933956,0.171177059610,0.985240282501
2025-01-11,0.004363705229,-0.264562217678,-0.781831482468,0.623489801859,0.188099417612,0.982149993175
2025-01-12,-0.005194718771,0.001386435967,0.000000000000,1.000000000000,0.204966113969,0.978769069865
2025-01-13,-0.006922067817,0.498835885525,0.781831482468,0.623489801859,0.221772157556,0.975098513040
2025-01-14,0.014928921496,-0.305856647611,0.974927912182,-0.222520933956,0.238512575194,0.971139408877
2025-01-15,0.021816279983,0.169423549672,0.433883739118,-0.900968867902,0.255182413123,0.966892928939
2025-01-16,-0.008057838777,0.022900210900,-0.433883739118,-0.900968867902,0.271776738471,0.962360329828
2025-01-17,0.018814537028,0.024388567146,-0.974927912182,-0.222520933956,0.288290640710,0.957542952812
2025-01-18,-0.017224729506,0.122964425548,-0.781831482468,0.623489801859,0.304719233109,0.952442223431
2025-01-19,-0.039126062271,0.255443611157,0.000000000000,1.000000000000,0.321057654185,0.947059651072
2025-01-20,-0.000587437868,0.008611960152,0.781831482468,0.623489801859,0.337301069136,0.941396828526
2025-01-21,0.014579610782,-0.355653082047,0.974927912182,-0.222520933956,0.353444671274,0.935455431513
2025-01-22,0.004566818469,-0.130649447902,0.433883739118,-0.900968867902,0.369483683447,0.929237218188
2025-01-23,-0.006900872038,0.256566577279,-0.433883739118,-0.900968867902,0.385413359454,0.922744028620
2025-01-24,-0.014580550365,-0.274812456615,-0.974927912182,-0.222520933956,0.401228985448,0.915977784248
2025-01-25,0.008862669048,-0.171618696536,-0.781831482468,0.623489801859,0.416925881329,0.908940487314
2025-01-26,-0.028833090136,0.048159607601,0.000000000000,1.000000000000,0.432499402134,0.901634220265
2025-01-27,0.019352981622,0.406024691039,0.781831482468,0.623489801859,0.447944939408,0.894061145145
2025-01-28,-0.027392898764,-0.324548881087,0.974927912182,-0.222520933956,0.463257922567,0.886223502949
2025-01-29,0.009421664694,0.034183975002,0.433883739118,-0.900968867902,0.478433820255,0.878123612959
2025-01-30,0.014671048852,-0.130778953492,-0.433883739118,-0.900968867902,0.493468141677,0.869763872065
2025-01-31,-0.000263073066,0.053776704959,-0.974927912182,-0.222520933956,0.508356437938,0.861146754048
2025-02-01,-0.035985690390,-0.028845132433,-0.781831482468,0.623489801859,0.523094303349,0.852274808852
2025-02-02,-0.056397837859,0.390881688457,0.000000000000,1.000000000000,0.537677376741,0.843150661828
2025-02-03,-0.000777273981,0.551004313231,0.781831482468,0.623489801859,0.552101342746,0.833777012959
2025-02-04,-0.073607107781,-0.527677081015,0.974927912182,-0.222520933956,0.566361933081,0.824156636057
2025-02-05,-0.006265459833,-0.447039840654,0.433883739118,-0.900968867902,0.580454927809,0.814292377947
2025-02-06,0.004425776607,0.142040211325,-0.433883739118,-0.900968867902,0.594376156585,0.804187157621
2025-02-07,0.010071509592,-0.083955867566,-0.974927912182,-0.222520933956,0.608121499894,0.793843965378
2025-02-08,0.059204210217,0.276040352977,-0.781831482468,0.623489801859,0.621686890267,0.783265861934
2025-02-09,0.005395073212,0.231186525968,0.000000000000,1.000000000000,0.635068313487,0.772455977519
2025-02-10,0.002708476287,-0.346246734551,0.781831482468,0.623489801859,0.648261809776,0.761417510953
2025-02-11,0.038505401737,0.150635828130,0.974927912182,-0.222520933956,0.661263474966,0.750153728696
2025-02-12,0.082769964069,0.329515751650,0.433883739118,-0.900968867902,0.674069461655,0.738667963881
2025-02-13,-0.043569069774,0.536037021871,-0.433883739118,-0.900968867902,0.686675980345,0.726963615332
2025-02-14,-0.015432295099,-0.688828766237,-0.974927912182,-0.222520933956,0.699079300566,0.715044146554
2025-02-15,0.006489193650,-0.363487075589,-0.781831482468,0.623489801859,0.711275751974,0.702913084708
2025-02-16,0.017619254074,0.113204941491,0.000000000000,1.000000000000,0.723261725444,0.690574019572
2025-02-17,-0.010246286588,-0.033714816957,0.781831482468,0.623489801859,0.735033674133,0.678030602474
2025-02-18,-0.030102098779,0.021679568197,0.974927912182,-0.222520933956,0.746588114532,0.665286545211
2025-02-19,0.009333727689,-0.035324776072,0.433883739118,-0.900968867902,0.757921627497,0.652345618957
2025-02-20,0.005624849113,-0.114605454264,-0.433883739118,-0.900968867902,0.769030859259,0.639211653138
2025-02-21,-0.015798884692,0.119598945919,-0.974927912182,-0.222520933956,0.779912522417,0.625888534308
2025-02-22,0.032957228827,-0.014025133428,-0.781831482468,0.623489801859,0.790563396912,0.612380204990
2025-02-23,-0.016089687268,-0.234233302463,0.000000000000,1.000000000000,0.800980330978,0.598690662518
2025-02-24,-0.069123861124,0.235198734883,0.781831482468,0.623489801859,0.811160242079,0.584823957846
2025-02-25,0.014516797188,0.309657615257,0.974927912182,-0.222520933956,0.821100117813,0.570784194357
2025-02-26,-0.019857016954,-0.260965354715,0.433883739118,-0.900968867902,0.830797016812,0.556575526641
2025-02-27,-0.009161637402,-0.067141419962,-0.433883739118,-0.900968867902,0.840248069608,0.542202159273
2025-02-28,-0.029638971106,0.148859007909,-0.974927912182,-0.222520933956,0.849450479481,0.527668345563
2025-03-01,0.033577305600,-0.245535121634,-0.781831482468,0.623489801859,0.858401523292,0.512978386299
2025-03-02,0.025072775445,0.229013800504,0.000000000000,1.000000000000,0.867098552281,0.498136628478
2025-03-03,-0.079778319633,0.014336619440,0.781831482468,0.623489801859,0.875538992859,0.483147464015
2025-03-04,0.014527669464,-0.092911514172,0.974927912182,-0.222520933956,0.883720347362,0.468015328444
2025-03-05,0.024357046179,-0.249418860477,0.433883739118,-0.900968867902,0.891640194797,0.452744699607
2025-03-06,-0.002096051040,0.054725178018,-0.433883739118,-0.900968867902,0.899296191553,0.437340096330
2025-03-07,-0.004636618375,0.140981450957,-0.974927912182,-0.222520933956,0.906686072098,0.421806077083
2025-03-08,-0.001486899054,-0.486352557015,-0.781831482468,0.623489801859,0.913807649647,0.406147238631
2025-03-09,-0.067118895019,0.294374074653,0.000000000000,1.000000000000,0.920658816810,0.390368214676
2025-03-10,-0.041339297325,0.208061910591,0.781831482468,0.623489801859,0.927237546218,0.374473674487
2025-03-11,0.035723113355,0.251025040112,0.974927912182,-0.222520933956,0.933541891118,0.358468321512
2025-03-12,0.032856158562,-0.307475365866,0.433883739118,-0.900968867902,0.939569985953,0.342356891995
2025-03-13,0.016228471852,0.292751090573,-0.433883739118,-0.900968867902,0.945320046913,0.326144153564
2025-03-14,0.013576657859,-0.447584339740,-0.974927912182,-0.222520933956,0.950790372463,0.309834903832
2025-03-15,0.053633261496,-0.090035518385,-0.781831482468,0.623489801859,0.955979343844,0.293433968967
2025-03-16,-0.028273033390,0.024178927360,0.000000000000,1.000000000000,0.960885425557,0.276946202269
2025-03-17,0.047263152417,0.548655331335,0.781831482468,0.623489801859,0.965507165814,0.260376482734
2025-03-18,-0.005126103997,-0.134587700501,0.974927912182,-0.222520933956,0.969843196967,0.243729713610
2025-03-19,-0.014233060997,-0.080839233817,0.433883739118,-0.900968867902,0.973892235915,0.227010820941
2025-03-20,0.017107264691,0.148415116241,-0.433883739118,-0.900968867902,0.977653084482,0.210224752119
2025-03-21,0.007378695267,-0.457915551095,-0.974927912182,-0.222520933956,0.981124629772,0.193376474410
2025-03-22,-0.012739626272,-0.218923425350,-0.781831482468,0.623489801859,0.984305844499,0.176470973492
2025-03-23,-0.005160188928,0.032849143255,0.000000000000,1.000000000000,0.987195787291,0.159513251973
2025-03-24,0.021104127791,0.380658826871,0.781831482468,0.623489801859,0.989793602967,0.142508327916
2025-03-25,-0.010582329628,0.224292251224,0.974927912182,-0.222520933956,0.992098522792,0.125461233353
2025-03-26,-0.019437205664,-0.335520304187,0.433883739118,-0.900968867902,0.994109864702,0.108377012792
2025-03-27,0.030902587988,0.422404616123,-0.433883739118,-0.900968867902,0.995827033510,0.091260721729
2025-03-28,-0.028222309602,-0.417343075117,-0.974927912182,-0.222520933956,0.997249521077,0.074117425151
2025-03-29,-0.026560637155,-0.162314822985,-0.781831482468,0.623489801859,0.998376906467,0.056952196034
2025-03-30,-0.002336223990,-0.127131171314,0.000000000000,1.000000000000,0.999208856068,0.039770113846
2025-03-31,0.005373460017,0.245269559452,0.781831482468,0.623489801859,0.999745123693,0.022576263042
2025-04-01,0.010234318283,0.307026191109,0.974927912182,-0.222520933956,0.999985550651,0.005375731558
2025-04-02,-0.034380538296,-0.130573667989,0.433883739118,-0.900968867902,0.999930065796,-0.011826390692
2025-04-03,0.002514247490,0.118661596165,-0.433883739118,-0.900968867902,0.999578685548,-0.029025013322
2025-04-04,0.009170339742,-0.306923560518,-0.974927912182,-0.222520933956,0.998931513885,-0.046215046984
2025-04-05,-0.007499086190,-0.410924934222,-0.781831482468,0.623489801859,0.997988742316,-0.063391404870
2025-04-06,-0.067150132337,0.510292484483,0.000000000000,1.000000000000,0.996750649821,-0.080549004219
2025-04-07,-0.000201088111,0.529478132642,0.781831482468,0.623489801859,0.995217602774,-0.097682767822
2025-04-08,-0.001834001096,-0.531502413064,0.974927912182,-0.222520933956,0.993390054826,-0.114787625522
2025-04-09,0.050901957780,0.158250420527,0.433883739118,-0.900968867902,0.991268546779,-0.131858515717
2025-04-10,-0.008559260303,-0.125657687228,-0.433883739118,-0.900968867902,0.988853706421,-0.148890386856
2025-04-11,0.014926073823,-0.234650737599,-0.974927912182,-0.222520933956,0.986146248342,-0.165878198935
2025-04-12,0.018651563974,-0.027885904681,-0.781831482468,0.623489801859,0.983146973722,-0.182816924985
2025-04-13,-0.022149480112,-0.010125068546,0.000000000000,1.000000000000,0.979856770096,-0.199701552566
2025-04-14,0.000501078751,0.030692208412,0.781831482468,0.623489801859,0.976276611087,-0.216527085245
2025-04-15,-0.007988161184,-0.022527434692,0.974927912182,-0.222520933956,0.972407556122,-0.233288544075
2025-04-16,0.005368097240,0.077170530579,0.433883739118,-0.900968867902,0.968250750117,-0.249980969073
2025-04-17,0.012542628715,-0.024154855154,-0.433883739118,-0.900968867902,0.963807423137,-0.266599420679
2025-04-18,0.002710297457,0.011867474546,-0.974927912182,-0.222520933956,0.959078890034,-0.283138981228
2025-04-19,0.000021865667,-0.144839186953,-0.781831482468,0.623489801859,0.954066550058,-0.299594756397
2025-04-20,0.002018347976,0.063425556515,0.000000000000,1.000000000000,0.948771886440,-0.315961876658
2025-04-21,0.007462774006,0.089814858002,0.781831482468,0.623489801859,0.943196465957,-0.332235498716
2025-04-22,0.035215045222,0.192598937663,0.974927912182,-0.222520933956,0.937341938464,-0.348410806945
2025-04-23,-0.021251031599,0.056012083331,0.433883739118,-0.900968867902,0.931210036412,-0.364483014810
2025-04-24,-0.006789388391,-0.152941227259,-0.433883739118,-0.900968867902,0.924802574329,-0.380447366288
2025-04-25,-0.002553947741,0.097652657527,-0.974927912182,-0.222520933956,0.918121448284,-0.396299137269
2025-04-26,0.012456761609,-0.140778037143,-0.781831482468,0.623489801859,0.911168635333,-0.412033636959
2025-04-27,-0.006745763541,-0.037411982787,0.000000000000,1.000000000000,0.903946192922,-0.427646209268
2025-04-28,0.004539773981,0.018289737500,0.781831482468,0.623489801859,0.896456258291,-0.443132234183
2025-04-29,-0.008838926407,0.070857583955,0.974927912182,-0.222520933956,0.888701047829,-0.458487129140
2025-04-30,-0.002244155252,-0.054002588230,0.433883739118,-0.900968867902,0.880682856430,-0.473706350380
2025-05-01,0.000394316856,-0.067407867663,-0.433883739118,-0.900968867902,0.872404056805,-0.488785394289
2025-05-02,0.002074748792,0.027200268901,-0.974927912182,-0.222520933956,0.863867098784,-0.503719798736
2025-05-03,-0.003053449285,-0.167564525578,-0.781831482468,0.623489801859,0.855074508590,-0.518505144391
2025-05-04,-0.022503280641,0.067008954802,0.000000000000,1.000000000000,0.846028888092,-0.533137056032
2025-05-05,0.019760467559,0.115070822207,0.781831482468,0.623489801859,0.836732914034,-0.547611203840
2025-05-06,0.007972486171,0.083905333995,0.974927912182,-0.222520933956,0.827189337246,-0.561923304683
2025-05-07,0.001336568753,-0.036569954049,0.433883739118,-0.900968867902,0.817400981825,-0.576069123380
2025-05-08,0.041215185857,0.293522396708,-0.433883739118,-0.900968867902,0.807370744302,-0.590044473955
2025-05-09,0.059011777637,0.159702817972,-0.974927912182,-0.222520933956,0.797101592787,-0.603845220877
2025-05-10,-0.004902288572,-0.057826454723,-0.781831482468,0.623489801859,0.786596566087,-0.617467280284
2025-05-11,-0.019771454307,-0.179911357014,0.000000000000,1.000000000000,0.775858772807,-0.630906621188
2025-05-12,0.015039278913,0.313901634560,0.781831482468,0.623489801859,0.764891390434,-0.644159266672
2025-05-13,0.007671277760,-0.213099116134,0.974927912182,-0.222520933956,0.753697664393,-0.657221295066
2025-05-14,-0.019724638336,-0.116623060288,0.433883739118,-0.900968867902,0.742280907087,-0.670088841106
2025-05-15,-0.002004584785,0.006258968674,-0.433883739118,-0.900968867902,0.730644496918,-0.682758097076
2025-05-16,-0.007618603522,-0.144456682162,-0.974927912182,-0.222520933956,0.718791877288,-0.695225313941
2025-05-17,-0.010424301324,-0.119937757226,-0.781831482468,0.623489801859,0.706726555578,-0.707486802450
2025-05-18,0.019424009484,0.093869243054,0.000000000000,1.000000000000,0.694452102109,-0.719538934233
2025-05-19,-0.003550496528,0.001785036260,0.781831482468,0.623489801859,0.681972149090,-0.731378142868
2025-05-20,0.000735135026,-0.053166644149,0.974927912182,-0.222520933956,0.669290389541,-0.743000924944
2025-05-21,0.034484965533,0.452193099147,0.433883739118,-0.900968867902,0.656410576198,-0.754403841093
2025-05-22,0.019254953418,-0.055881824792,-0.433883739118,-0.900968867902,0.643336520404,-0.765583517008
2025-05-23,-0.044707179947,-0.118953295710,-0.974927912182,-0.222520933956,0.630072090984,-0.776536644443
2025-05-24,0.018233016673,-0.302105688755,-0.781831482468,0.623489801859,0.616621213096,-0.787259982192
2025-05-25,0.002406701831,0.075353000172,0.000000000000,1.000000000000,0.602987867069,-0.797750357046
2025-05-26,0.006658861743,-0.014257788586,0.781831482468,0.623489801859,0.589176087232,-0.808004664735
2025-05-27,0.018753920119,0.252465741682,0.974927912182,-0.222520933956,0.575189960712,-0.818019870844
2025-05-28,0.000357979022,-0.137395869066,0.433883739118,-0.900968867902,0.561033626228,-0.827793011713
2025-05-29,-0.017956651033,0.096519007254,-0.433883739118,-0.900968867902,0.546711272869,-0.837321195312
2025-05-30,-0.029596626064,-0.017634592593,-0.974927912182,-0.222520933956,0.532227138847,-0.846601602098
2025-05-31,0.004595353610,-0.253059700269,-0.781831482468,0.623489801859,0.517585510253,-0.855631485849
2025-06-01,0.003774906565,-0.006710424929,0.000000000000,1.000000000000,0.502790719779,-0.864408174478
2025-06-02,0.008434929110,0.193653985493,0.781831482468,0.623489801859,0.487847145442,-0.872929070821
2025-06-03,-0.007365664161,-0.049460366648,0.974927912182,-0.222520933956,0.472759209286,-0.881191653407
2025-06-04,0.003029091436,-0.083054471146,0.433883739118,-0.900968867902,0.457531376074,-0.889193477207
2025-06-05,-0.045706254689,0.241555185326,-0.433883739118,-0.900968867902,0.442168151967,-0.896932174351
2025-06-06,0.014686298988,-0.139637471373,-0.974927912182,-0.222520933956,0.426674083190,-0.904405454834
2025-06-07,0.011920949168,-0.163534874475,-0.781831482468,0.623489801859,0.411053754687,-0.911611107193
2025-06-08,0.001530540935,-0.058154790329,0.000000000000,1.000000000000,0.395311788765,-0.918546999159
2025-06-09,0.020949394959,0.162675812485,0.781831482468,0.623489801859,0.379452843725,-0.925211078289
2025-06-10,0.011431351608,0.126615130441,0.974927912182,-0.222520933956,0.363481612483,-0.931601372577
2025-06-11,-0.008859368878,-0.039181140589,0.433883739118,-0.900968867902,0.347402821184,-0.937715991030
2025-06-12,-0.017260222411,-0.047904825270,-0.433883739118,-0.900968867902,0.331221227802,-0.943553124235
2025-06-13,-0.001506822193,0.147309960258,-0.974927912182,-0.222520933956,0.314941620729,-0.949111044890
2025-06-14,-0.014361117700,-0.384447018734,-0.781831482468,0.623489801859,0.298568817364,-0.954388108318
2025-06-15,0.003659396407,0.011232161630,0.000000000000,1.000000000000,0.282107662682,-0.959382752949
2025-06-16,0.004126978695,0.160462883239,0.781831482468,0.623489801859,0.265563027804,-0.964093500789
2025-06-17,-0.003772193065,0.116364513202,0.974927912182,-0.222520933956,0.248939808554,-0.968518957851
2025-06-18,-0.005727983215,-0.067637255713,0.433883739118,-0.900968867902,0.232242924009,-0.972657814572
2025-06-19,-0.000195484794,-0.192801501511,-0.433883739118,-0.900968867902,0.215477315047,-0.976508846197
2025-06-20,-0.004502735524,0.160349501397,-0.974927912182,-0.222520933956,0.198647942880,-0.980070913143
2025-06-21,-0.020522135046,-0.082150534352,-0.781831482468,0.623489801859,0.181759787591,-0.983342961339
2025-06-22,-0.020492079637,0.242876362796,0.000000000000,1.000000000000,0.164817846657,-0.986324022532
2025-06-23,0.040253202120,-0.060820826028,0.781831482468,0.623489801859,0.147827133471,-0.989013214578
2025-06-24,0.003799094974,-0.174050953471,0.974927912182,-0.222520933956,0.130792675857,-0.991409741702
2025-06-25,0.003390003008,0.098356666316,0.433883739118,-0.900968867902,0.113719514586,-0.993512894734
2025-06-26,-0.005447206303,-0.138745172025,-0.433883739118,-0.900968867902,0.096612701881,-0.995322051316
2025-06-27,0.005803947877,-0.058061278149,-0.974927912182,-0.222520933956,0.079477299924,-0.996836676089
2025-06-28,0.004010807184,-0.135932203888,-0.781831482468,0.623489801859,0.062318379354,-0.998056320853
2025-06-29,0.009642398843,0.080083126211,0.000000000000,1.000000000000,0.045141017774,-0.998980624694
2025-06-30,0.003032079259,0.146641286751,0.781831482468,0.623489801859,0.027950298240,-0.999609314096
2025-07-01,-0.016307236568,-0.072897146602,0.974927912182,-0.222520933956,0.010751307764,-0.999942203020
2025-07-02,0.020911240580,0.131075848862,0.433883739118,-0.900968867902,-0.006450864198,-0.999979192959
2025-07-03,0.004935656961,-0.041389635531,-0.433883739118,-0.900968867902,-0.023651127245,-0.999720272966
2025-07-04,-0.014553275071,-0.091827724008,-0.974927912182,-0.222520933956,-0.040844391543,-0.999165519661
2025-07-05,0.003669618084,-0.145285127745,-0.781831482468,0.623489801859,-0.058025569329,-0.998315097203
2025-07-06,0.010530628151,0.150912678802,0.000000000000,1.000000000000,-0.075189576415,-0.997169257247
2025-07-07,-0.003127847208,0.094360886363,0.781831482468,0.623489801859,-0.092331333695,-0.995728338865
2025-07-08,-0.000386312179,-0.004801820400,0.974927912182,-0.222520933956,-0.109445768649,-0.993992768447
2025-07-09,0.012616982552,0.093897499169,0.433883739118,-0.900968867902,-0.126527816839,-0.991963059577
2025-07-10,0.024370880620,0.193828568374,-0.433883739118,-0.900968867902,-0.143572423412,-0.989639812879
2025-07-11,0.006125125920,0.139951489763,-0.974927912182,-0.222520933956,-0.160574544595,-0.987023715839
2025-07-12,-0.005954228731,-0.305211922056,-0.781831482468,0.623489801859,-0.177529149187,-0.984115542601
2025-07-13,0.009365055064,-0.050037244860,0.000000000000,1.000000000000,-0.194431220048,-0.980916153741
2025-07-14,-0.004072911880,0.370062283802,0.781831482468,0.623489801859,-0.211275755582,-0.977426496010
2025-07-15,0.000731357497,-0.086188664958,0.974927912182,-0.222520933956,-0.228057771222,-0.973647602054
2025-07-16,0.026044878307,0.058884637783,0.433883739118,-0.900968867902,-0.244772300897,-0.969580590108
2025-07-17,0.018310912349,0.224663162235,-0.433883739118,-0.900968867902,-0.261414398511,-0.965226663666
2025-07-18,0.012407791380,0.168959628750,-0.974927912182,-0.222520933956,-0.277979139399,-0.960587111125
2025-07-19,0.004526318184,-0.499511977729,-0.781831482468,0.623489801859,-0.294461621787,-0.955663305403
2025-07-20,0.032473020288,0.129366675173,0.000000000000,1.000000000000,-0.310856968244,-0.950456703535
2025-07-21,0.011864835512,0.165295173432,0.781831482468,0.623489801859,-0.327160327122,-0.944968846236
2025-07-22,0.024931326430,0.080664209561,0.974927912182,-0.222520933956,-0.343366873996,-0.939201357453
2025-07-23,-0.012158895870,0.281389284326,0.433883739118,-0.900968867902,-0.359471813088,-0.933155943878
2025-07-24,-0.006977895012,-0.341576006994,-0.433883739118,-0.900968867902,-0.375470378688,-0.926834394446
2025-07-25,0.018456364816,-0.110965530615,-0.974927912182,-0.222520933956,-0.391357836561,-0.920238579805
2025-07-26,0.009723555938,-0.365003320415,-0.781831482468,0.623489801859,-0.407129485354,-0.913370451764
2025-07-27,0.061098143226,0.504081803901,0.000000000000,1.000000000000,-0.422780657983,-0.906232042711
2025-07-28,-0.025514693075,0.168228464487,0.781831482468,0.623489801859,-0.438306723013,-0.898825465016
2025-07-29,-0.021046255914,-0.107380614271,0.974927912182,-0.222520933956,-0.453703086031,-0.891152910406
2025-07-30,-0.014710862878,-0.087947331335,0.433883739118,-0.900968867902,-0.468965191008,-0.883216649313
2025-07-31,-0.012021907020,-0.094355288472,-0.433883739118,-0.900968867902,-0.484088521639,-0.875019030203
2025-08-01,-0.034374239707,0.170633277351,-0.974927912182,-0.222520933956,-0.499068602689,-0.866562478885
2025-08-02,-0.027501676057,-0.338912416333,-0.781831482468,0.623489801859,-0.513901001309,-0.857849497787
2025-08-03,0.020044316620,-0.213781578681,0.000000000000,1.000000000000,-0.528581328356,-0.848882665221
2025-08-04,0.023015453787,0.096825985910,0.781831482468,0.623489801859,-0.543105239683,-0.839664634618
2025-08-05,-0.018647399999,0.005408600455,0.974927912182,-0.222520933956,-0.557468437433,-0.830198133741
2025-08-06,0.019672487849,0.009178988596,0.433883739118,-0.900968867902,-0.571666671303,-0.820485963879
2025-08-07,0.023554349976,0.093539075194,-0.433883739118,-0.900968867902,-0.585695739807,-0.810530999019
2025-08-08,0.006630153275,0.116570830559,-0.974927912182,-0.222520933956,-0.599551491520,-0.800336184998
2025-08-09,0.007092101914,-0.092375590636,-0.781831482468,0.623489801859,-0.613229826300,-0.789904538622
2025-08-10,0.008457260927,-0.057720302571,0.000000000000,1.000000000000,-0.626726696508,-0.779239146786
2025-08-11,0.001062568032,0.294053933826,0.781831482468,0.623489801859,-0.640038108204,-0.768343165549
2025-08-12,0.031956174455,0.029334922625,0.974927912182,-0.222520933956,-0.653160122327,-0.757219819208
2025-08-13,0.019120163776,0.152337992279,0.433883739118,-0.900968867902,-0.666088855861,-0.745872399340
2025-08-14,-0.009556081606,0.331573551056,-0.433883739118,-0.900968867902,-0.678820482986,-0.734304263830
2025-08-15,-0.016355261897,-0.198614498198,-0.974927912182,-0.222520933956,-0.691351236209,-0.722518835873
2025-08-16,0.014530740226,-0.673224524309,-0.781831482468,0.623489801859,-0.703677407479,-0.710519602969
2025-08-17,0.020055952980,0.154134325433,0.000000000000,1.000000000000,-0.715795349283,-0.698310115884
2025-08-18,-0.010547035641,0.189877770056,0.781831482468,0.623489801859,-0.727701475726,-0.685893987600
2025-08-19,-0.028550377989,-0.016880906507,0.974927912182,-0.222520933956,-0.739392263596,-0.673274892250
2025-08-20,0.053819067414,0.284228177703,0.433883739118,-0.900968867902,-0.750864253399,-0.660456564028
2025-08-21,-0.035203286571,-0.237450265078,-0.433883739118,-0.900968867902,-0.762114050389,-0.647442796083
2025-08-22,0.068772835586,0.215474035968,-0.974927912182,-0.222520933956,-0.773138325571,-0.634237439398
2025-08-23,-0.021057868104,-0.357958743107,-0.781831482468,0.623489801859,-0.783933816683,-0.620844401651
2025-08-24,-0.004516701365,0.163350964518,0.000000000000,1.000000000000,-0.794497329167,-0.607267646057
2025-08-25,-0.041851082832,0.126233936439,0.781831482468,0.623489801859,-0.804825737108,-0.593511190196
2025-08-26,0.027538450730,-0.234769748389,0.974927912182,-0.222520933956,-0.814915984166,-0.579579104826
2025-08-27,-0.009287916078,-0.087507463804,0.433883739118,-0.900968867902,-0.824765084473,-0.565475512674
2025-08-28,0.021641992832,0.137741425255,-0.433883739118,-0.900968867902,-0.834370123523,-0.551204587220
2025-08-29,-0.012763992130,-0.048456006138,-0.974927912182,-0.222520933956,-0.843728259029,-0.536770551461
2025-08-30,-0.001011263263,-0.252563136522,-0.781831482468,0.623489801859,-0.852836721769,-0.522177676660
2025-08-31,-0.005333303966,-0.153985381789,0.000000000000,1.000000000000,-0.861692816403,-0.507430281083
2025-09-01,-0.014076512554,0.459476122738,0.781831482468,0.623489801859,-0.870293922269,-0.492532728722
2025-09-02,0.007011003518,-0.144622055530,0.974927912182,-0.222520933956,-0.878637494161,-0.477489428003
2025-09-03,0.004079084669,-0.219481650275,0.433883739118,-0.900968867902,-0.886721063083,-0.462304830480
2025-09-04,-0.013485070838,-0.000177268023,-0.433883739118,-0.900968867902,-0.894542236976,-0.446983429520
2025-09-05,0.007292905556,0.055916236489,-0.974927912182,-0.222520933956,-0.902098701430,-0.431529758971
2025-09-06,0.013778909314,-0.016373664788,-0.781831482468,0.623489801859,-0.909388220365,-0.415948391825
2025-09-07,0.021627453577,0.002069857070,0.000000000000,1.000000000000,-0.916408636694,-0.400243938857
2025-09-08,-0.002657471363,0.136789640218,0.781831482468,0.623489801859,-0.923157872965,-0.384421047269
2025-09-09,0.001978142775,-0.243025590752,0.974927912182,-0.222520933956,-0.929633931968,-0.368484399308
2025-09-10,0.015281888814,0.468742909554,0.433883739118,-0.900968867902,-0.935834897335,-0.352438710885
2025-09-11,0.010483242516,-0.242666423185,-0.433883739118,-0.900968867902,-0.941758934099,-0.336288730177
2025-09-12,0.024122826132,0.162667116039,-0.974927912182,-0.222520933956,-0.947404289244,-0.320039236223
2025-09-13,0.009542073237,0.035644167510,-0.781831482468,0.623489801859,-0.952769292217,-0.303695037511
2025-09-14,-0.007154735840,-0.160050867423,0.000000000000,1.000000000000,-0.957852355428,-0.287260970551
2025-09-15,-0.007872969938,0.057146499032,0.781831482468,0.623489801859,-0.962651974716,-0.270741898448
2025-09-16,0.038115930665,0.225221312965,0.974927912182,-0.222520933956,-0.967166729798,-0.254142709461
2025-09-17,0.035560551418,0.160629437775,0.433883739118,-0.900968867902,-0.971395284684,-0.237468315558
2025-09-18,-0.008594297762,0.026987465348,-0.433883739118,-0.900968867902,-0.975336388077,-0.220723650961
2025-09-19,0.002328512539,-0.127387183922,-0.974927912182,-0.222520933956,-0.978988873741,-0.203913670683
2025-09-20,0.057768977499,0.132131973209,-0.781831482468,0.623489801859,-0.982351660847,-0.187043349070
2025-09-21,0.005759258474,0.135944229190,0.000000000000,1.000000000000,-0.985423754292,-0.170117678320
2025-09-22,-0.054535426190,0.127676256970,0.781831482468,0.623489801859,-0.988204244994,-0.153141667013
2025-09-23,0.023887159725,-0.191909922848,0.974927912182,-0.222520933956,-0.990692310162,-0.136120338623
2025-09-24,0.001795737859,-0.113852225629,0.433883739118,-0.900968867902,-0.992887213536,-0.119058730034
2025-09-25,-0.074487899405,0.264210718669,-0.433883739118,-0.900968867902,-0.994788305609,-0.101961890052
2025-09-26,0.015955470556,-0.213946608009,-0.974927912182,-0.222520933956,-0.996395023819,-0.084834877906
2025-09-27,0.008152136721,-0.310850270923,-0.781831482468,0.623489801859,-0.997706892710,-0.067682761755
2025-09-28,0.025000983309,-0.097393290473,0.000000000000,1.000000000000,-0.998723524080,-0.050510617185
2025-09-29,0.036985054933,0.287694535267,0.781831482468,0.623489801859,-0.999444617092,-0.033323525712
2025-09-30,-0.021830488547,-0.087907440776,0.974927912182,-0.222520933956,-0.999869958362,-0.016126573271
2025-10-01,0.017382578846,0.007630213726,0.433883739118,-0.900968867902,-0.999999422025,0.001075151283
2025-10-02,0.060948763668,0.206997494787,-0.433883739118,-0.900968867902,-0.999832969770,0.018276557682
2025-10-03,0.087106274533,0.469377357146,-0.974927912182,-0.222520933956,-0.999370650854,0.035472555753
2025-10-04,-0.033647284804,-0.479308309703,-0.781831482468,0.623489801859,-0.998612602084,0.052658056925
2025-10-05,0.012935840243,-0.044418331951,0.000000000000,1.000000000000,-0.997559047779,0.069827975730
2025-10-06,0.048608000271,0.448124897582,0.781831482468,0.623489801859,-0.996210299702,0.086977231314
2025-10-07,0.068408904038,0.680385412372,0.974927912182,-0.222520933956,-0.994566756971,0.104100748935
2025-10-08,-0.002762896346,-0.343650406181,0.433883739118,-0.900968867902,-0.992628905935,0.121193461471
2025-10-09,-0.039582875362,0.031764558077,-0.433883739118,-0.900968867902,-0.990397320035,0.138250310911
2025-10-10,-0.126282968158,0.234272225022,-0.974927912182,-0.222520933956,-0.987872659635,0.155266249860
2025-10-11,0.027006507053,-0.242969088657,-0.781831482468,0.623489801859,-0.985055671822,0.172236243028
2025-10-12,0.136190803316,0.230452374151,0.000000000000,1.000000000000,-0.981947190187,0.189155268720
2025-10-13,-0.007428269519,0.147336043522,0.781831482468,0.623489801859,-0.978548134580,0.206018320325
2025-10-14,-0.065842355538,-0.156638261805,0.974927912182,-0.222520933956,-0.974859510837,0.222820407795
2025-10-15,-0.040750888971,-0.546074353924,0.433883739118,-0.900968867902,-0.970882410481,0.239556559121
2025-10-16,-0.014612631870,-0.043391956987,-0.433883739118,-0.900968867902,-0.966618010400,0.256221821807
2025-10-17,-0.066633619591,0.171861736733,-0.974927912182,-0.222520933956,-0.962067572498,0.272811264334
2025-10-18,0.019574133469,-0.569096130707,-0.781831482468,0.623489801859,-0.957232443323,0.289319977619
2025-10-19,0.015006041435,-0.020741996314,0.000000000000,1.000000000000,-0.952114053668,0.305743076467
2025-10-20,-0.007796887232,0.131540324362,0.781831482468,0.623489801859,-0.946713918146,0.322075701021
2025-10-21,-0.040423547557,0.044021502355,0.974927912182,-0.222520933956,-0.941033634745,0.338313018192
2025-10-22,0.013719514084,-0.193243329789,0.433883739118,-0.900968867902,-0.935074884352,0.354450223099
2025-10-23,0.050496720407,0.445560510437,-0.433883739118,-0.900968867902,-0.928839430256,0.370482540482
2025-10-24,-0.016474765990,-0.494740010340,-0.974927912182,-0.222520933956,-0.922329117629,0.386405226121
2025-10-25,0.006822043416,-0.436742710534,-0.781831482468,0.623489801859,-0.915545872978,0.402213568237
2025-10-26,0.018494465887,0.208258133439,0.000000000000,1.000000000000,-0.908491703573,0.417902888887
2025-10-27,0.001896128825,0.493979250726,0.781831482468,0.623489801859,-0.901168696856,0.433468545349
2025-10-28,-0.032640418037,-0.074534387890,0.974927912182,-0.222520933956,-0.893579019824,0.448905931494
2025-10-29,0.003636198144,-0.002115367951,0.433883739118,-0.900968867902,-0.885724918384,0.464210479152
2025-10-30,-0.026126666164,-0.003711248224,-0.433883739118,-0.900968867902,-0.877608716690,0.479377659461
2025-10-31,0.009544409163,0.057449034286,-0.974927912182,-0.222520933956,-0.869232816457,0.494402984208
2025-11-01,0.005208745459,-0.721508899183,-0.781831482468,0.623489801859,-0.860599696250,0.509282007157
2025-11-02,-0.009437849159,-0.042160629344,0.000000000000,1.000000000000,-0.851711910747,0.524010325368
2025-11-03,-0.088482424279,0.861110182422,0.781831482468,0.623489801859,-0.842572089987,0.538583580492
2025-11-04,-0.056626543786,0.183171128255,0.974927912182,-0.222520933956,-0.833182938589,0.552997460070
2025-11-05,0.023246157336,-0.422802977031,0.433883739118,-0.900968867902,-0.823547234956,0.567247698803
2025-11-06,-0.011283332703,-0.310344195345,-0.433883739118,-0.900968867902,-0.813667830446,0.581330079815
2025-11-07,0.042663774502,0.256145266159,-0.974927912182,-0.222520933956,-0.803547648534,0.595240435904
2025-11-08,-0.000332850392,-0.215616865399,-0.781831482468,0.623489801859,-0.793189683945,0.608974650772
2025-11-09,0.006399366047,-0.097842974778,0.000000000000,1.000000000000,-0.782597001768,0.622528660243
2025-11-10,-0.004687116848,0.073621354093,0.781831482468,0.623489801859,-0.771772736547,0.635898453468
2025-11-11,-0.034516996701,-0.053136284792,0.974927912182,-0.222520933956,-0.760720091356,0.649080074110
2025-11-12,-0.005499217898,-0.114147578324,0.433883739118,-0.900968867902,-0.749442336852,0.662069621515
2025-11-13,-0.026543939088,0.232076900831,-0.433883739118,-0.900968867902,-0.737942810303,0.674863251868
2025-11-14,-0.013819977442,0.219286503711,-0.974927912182,-0.222520933956,-0.726224914604,0.687457179327
2025-11-15,0.018287423882,-0.654447142893,-0.781831482468,0.623489801859,-0.714292117269,0.699847677146
2025-11-16,-0.005317719126,0.240267102420,0.000000000000,1.000000000000,-0.702147949405,0.712031078779
2025-11-17,-0.022660068805,0.408600867019,0.781831482468,0.623489801859,-0.689796004666,0.724003778959
2025-11-18,0.028278596545,-0.036340811152,0.974927912182,-0.222520933956,-0.677239938191,0.735762234774
2025-11-19,-0.040334365671,-0.107369806298,0.433883739118,-0.900968867902,-0.664483465523,0.747302966705
2025-11-20,-0.033233959020,-0.068559437191,-0.433883739118,-0.900968867902,-0.651530361507,0.758622559666
2025-11-21,-0.042761352498,0.451363399005,-0.974927912182,-0.222520933956,-0.638384459175,0.769717664007
2025-11-22,0.003934452863,-0.862015496197,-0.781831482468,0.623489801859,-0.625049648610,0.780584996507
2025-11-23,0.011778569178,-0.138392706852,0.000000000000,1.000000000000,-0.611529875799,0.791221341348
2025-11-24,0.024826503385,0.348171162955,0.781831482468,0.623489801859,-0.597829141459,0.801623551065
2025-11-25,-0.002679493367,-0.213644409002,0.974927912182,-0.222520933956,-0.583951499858,0.811788547476
2025-11-26,0.033808998446,0.016124785453,0.433883739118,-0.900968867902,-0.569901057613,0.821713322596
2025-11-27,0.004259425081,-0.136090777227,-0.433883739118,-0.900968867902,-0.555681972476,0.831394939523
2025-11-28,-0.008875109396,0.120975328977,-0.974927912182,-0.222520933956,-0.541298452104,0.840830533312
2025-11-29,-0.015848419611,-0.392285364122,-0.781831482468,0.623489801859,-0.526754752811,0.850017311819
2025-11-30,0.004438967886,0.067944484410,0.000000000000,1.000000000000,-0.512055178311,0.858952556527
2025-12-01,-0.058869677580,0.648283111174,0.781831482468,0.623489801859,-0.497204078447,0.867633623355
2025-12-02,0.058251746727,-0.204377611981,0.974927912182,-0.222520933956,-0.482205847896,0.876057943434
2025-12-03,0.049731554547,0.195812583644,0.433883739118,-0.900968867902,-0.467064924877,0.884223023874
2025-12-04,-0.023809870054,-0.294337069515,-0.433883739118,-0.900968867902,-0.451785789833,0.892126448495
2025-12-05,-0.017764478788,-0.041549520084,-0.974927912182,-0.222520933956,-0.436372964105,0.899765878548
2025-12-06,0.007129956730,-0.327930679604,-0.781831482468,0.623489801859,-0.420831008596,0.907139053401
2025-12-07,0.003897009931,0.227080571502,0.000000000000,1.000000000000,-0.405164522421,0.914243791213
2025-12-08,0.003998369298,0.068442083489,0.781831482468,0.623489801859,-0.389378141545,0.921077989579
2025-12-09,0.001343075389,0.212372111828,0.974927912182,-0.222520933956,-0.373476537413,0.927639626149
2025-12-10,-0.004638848975,0.030328656271,0.433883739118,-0.900968867902,-0.357464415565,0.933926759229
2025-12-11,-0.009528291491,0.038293452309,-0.433883739118,-0.900968867902,-0.341346514245,0.939937528356
2025-12-12,-0.004863050278,-0.334256248509,-0.974927912182,-0.222520933956,-0.325127603000,0.945670154847
2025-12-13,0.017492690572,-0.204907841168,-0.781831482468,0.623489801859,-0.308812481266,0.951122942324
2025-12-14,-0.022108018224,0.108171714102,0.000000000000,1.000000000000,-0.292405976951,0.956294277220
2025-12-15,-0.022187402181,0.303434771467,0.781831482468,0.623489801859,-0.275912945003,0.961182629254
2025-12-16,0.018869287570,0.068497978636,0.974927912182,-0.222520933956,-0.259338265975,0.965786551884
2025-12-17,-0.037224379501,0.221044393060,0.433883739118,-0.900968867902,-0.242686844583,0.970104682736
2025-12-18,-0.016300771210,0.073764424120,-0.433883739118,-0.900968867902,-0.225963608248,0.974135744005
2025-12-19,0.031620778584,0.530137364594,-0.974927912182,-0.222520933956,-0.209173505646,0.977878542834
2025-12-20,-0.002757622165,-1.373698305586,-0.781831482468,0.623489801859,-0.192321505239,0.981331971670
2025-12-21,0.005028466796,0.088517735714,0.000000000000,1.000000000000,-0.175412593804,0.984495008588
2025-12-22,-0.000037067613,0.265928383729,0.781831482468,0.623489801859,-0.158451774961,0.987366717594
2025-12-23,-0.016556278219,-0.143920721504,0.974927912182,-0.222520933956,-0.141444067688,0.989946248902
2025-12-24,0.002944587305,-0.099698563330,0.433883739118,-0.900968867902,-0.124394504840,0.992232839189
2025-12-25,-0.020094207169,-0.081759760991,-0.433883739118,-0.900968867902,-0.107308131656,0.994225811816
2025-12-26,0.005683088204,0.201286837169,-0.974927912182,-0.222520933956,-0.090190004270,0.995924577029
2025-12-27,0.012394173767,-0.145398866885,-0.781831482468,0.623489801859,-0.073045188211,0.997328632136
2025-12-28,0.016760321804,0.214807773140,0.000000000000,1.000000000000,-0.055878756905,0.998437561657
2025-12-29,-0.008937091365,0.202295698918,0.781831482468,0.623489801859,-0.038695790177,0.999251037439
2025-12-30,0.010943526957,-0.106043369355,0.974927912182,-0.222520933956,-0.021501372741,0.999768818763
2025-12-31,0.003136859415,0.217874791864,0.433883739118,-0.900968867902,-0.004300592703,0.999990752408
2026-01-01,-0.000234903990,-0.447734343565,-0.433883739118,-0.900968867902,0.017201575418,0.999852041956
2026-01-02,0.020402752553,0.337416728381,-0.974927912182,-0.222520933956,0.034398060614,0.999408211606
2026-01-03,-0.002506091008,-0.314709522886,-0.781831482468,0.623489801859,0.051584366869,0.998668640288
2026-01-04,0.017760191859,0.118750219898,0.000000000000,1.000000000000,0.068755408481,0.997633546852
2026-01-05,0.018175747474,0.158725870327,0.781831482468,0.623489801859,0.085906104261,0.996303237599
2026-01-06,0.007349907879,0.089239583115,0.974927912182,-0.222520933956,0.103031379043,0.994678106189
2026-01-07,-0.019916715092,-0.028565110189,0.433883739118,-0.900968867902,0.120126165182,0.992758633525
2026-01-08,-0.008553781753,-0.079457539148,-0.433883739118,-0.900968867902,0.137185404057,0.990545387609
2026-01-09,0.004157870137,-0.218021305414,-0.974927912182,-0.222520933956,0.154204047563,0.988039023377
2026-01-10,0.011815587582,0.103018138611,-0.781831482468,0.623489801859,0.171177059610,0.985240282501
2026-01-11,-0.003716917957,-0.089424678470,0.000000000000,1.000000000000,0.188099417612,0.982149993175
2026-01-12,0.002949804860,0.167683361181,0.781831482468,0.623489801859,0.204966113969,0.978769069865
2026-01-13,0.040097222229,0.468720324614,0.974927912182,-0.222520933956,0.221772157556,0.975098513040
2026-01-14,0.007029964225,-0.133570762050,0.433883739118,-0.900968867902,0.238512575194,0.971139408877
2026-01-15,-0.019394920167,-0.212038284963,-0.433883739118,-0.900968867902,0.255182413123,0.966892928939
2026-01-16,0.007122131405,-0.224233681697,-0.974927912182,-0.222520933956,0.271776738471,0.962360329828
2026-01-17,0.010095399713,-0.017986185470,-0.781831482468,0.623489801859,0.288290640710,0.957542952812
2026-01-18,-0.015379011121,0.029875482767,0.000000000000,1.000000000000,0.304719233109,0.952442223431
2026-01-19,-0.010885113518,0.491537238086,0.781831482468,0.623489801859,0.321057654185,0.947059651072
2026-01-20,-0.041861132658,-0.036886926780,0.974927912182,-0.222520933956,0.337301069136,0.941396828526
2026-01-21,-0.002396048056,0.247858764479,0.433883739118,-0.900968867902,0.353444671274,0.935455431513
2026-01-22,0.004988974541,-0.716035037437,-0.433883739118,-0.900968867902,0.369483683447,0.929237218188
2026-01-23,0.004268425945,0.088481682579,-0.974927912182,-0.222520933956,0.385413359454,0.922744028620
2026-01-24,-0.005162567758,-0.460081544628,-0.781831482468,0.623489801859,0.401228985448,0.915977784248
2026-01-25,-0.024506112740,0.470644554143,0.000000000000,1.000000000000,0.416925881329,0.908940487314
2026-01-26,0.016080636004,0.020393153875,0.781831482468,0.623489801859,0.432499402134,0.901634220265
2026-01-27,0.021303342944,-0.013123622407,0.974927912182,-0.222520933956,0.447944939408,0.894061145145
2026-01-28,0.004094858549,-0.075456663257,0.433883739118,-0.900968867902,0.463257922567,0.886223502949
2026-01-29,-0.038740222961,0.721054388069,-0.433883739118,-0.900968867902,0.478433820255,0.878123612959
2026-01-30,-0.011412397808,-0.258487003271,-0.974927912182,-0.222520933956,0.493468141677,0.869763872065
2026-01-31,-0.093824817576,0.059256379801,-0.781831482468,0.623489801859,0.508356437938,0.861146754048
2026-02-01,-0.028628324758,-0.250656797133,0.000000000000,1.000000000000,0.523094303349,0.852274808852
2026-02-02,0.021033393076,0.212692327596,0.781831482468,0.623489801859,0.537677376741,0.843150661828
2026-02-03,-0.027487246960,-0.157705717370,0.974927912182,-0.222520933956,0.552101342746,0.833777012959
2026-02-04,-0.076811751561,0.199594805952,0.433883739118,-0.900968867902,0.566361933081,0.824156636057
2026-02-05,-0.140245653247,0.405580545059,-0.433883739118,-0.900968867902,0.580454927809,0.814292377947
2026-02-06,0.080550006966,-0.152997043182,-0.974927912182,-0.222520933956,0.594376156585,0.804187157621
2026-02-07,-0.015437838444,-0.630219711492,-0.781831482468,0.623489801859,0.608121499894,0.793843965378
2026-02-08,-0.011023095339,-0.320767548444,0.000000000000,1.000000000000,0.621686890267,0.783265861934
2026-02-09,-0.006737475649,0.146527156220,0.781831482468,0.623489801859,0.635068313487,0.772455977519
2026-02-10,-0.026100775808,-0.146535331429,0.974927912182,-0.222520933956,0.648261809776,0.761417510953
2026-02-11,-0.020189156973,0.275002735859,0.433883739118,-0.900968867902,0.661263474966,0.750153728696
2026-02-12,0.010686995017,-0.291544963023,-0.433883739118,-0.900968867902,0.674069461655,0.738667963881
2026-02-13,0.008716712344,0.155684726843,-0.974927912182,-0.222520933956,0.686675980345,0.726963615332
2026-02-14,0.022774892784,-0.271493623038,-0.781831482468,0.623489801859,0.699079300566,0.715044146554
2026-02-15,-0.029982159179,0.100691274478,0.000000000000,1.000000000000,0.711275751974,0.702913084708
2026-02-16,0.019228105743,-0.127169842205,0.781831482468,0.623489801859,0.723261725444,0.690574019572
2026-02-17,-0.014481997026,-0.083569607624,0.974927912182,-0.222520933956,0.735033674133,0.678030602474
2026-02-18,-0.021338539329,0.100096544646,0.433883739118,-0.900968867902,0.746588114532,0.665286545211
2026-02-19,0.004351055676,0.042034517228,-0.433883739118,-0.900968867902,0.757921627497,0.652345618957
2026-02-20,0.030020605233,0.152241413035,-0.974927912182,-0.222520933956,0.769030859259,0.639211653138
2026-02-21,0.000374824717,-0.367618748870,-0.781831482468,0.623489801859,0.779912522417,0.625888534308
2026-02-22,-0.018530482738,-0.083538111424,0.000000000000,1.000000000000,0.790563396912,0.612380204990
2026-02-23,-0.030642729874,0.661763101142,0.781831482468,0.623489801859,0.800980330978,0.598690662518
2026-02-24,-0.019925337114,-0.171888771614,0.974927912182,-0.222520933956,0.811160242079,0.584823957846
2026-02-25,0.074157739251,0.415006992441,0.433883739118,-0.900968867902,0.821100117813,0.570784194357
2026-02-26,-0.005035005818,0.027293049539,-0.433883739118,-0.900968867902,0.830797016812,0.556575526641
2026-02-27,-0.019266392706,-0.439316780237,-0.974927912182,-0.222520933956,0.840248069608,0.542202159273
2026-02-28,0.005322970720,0.020647013083,-0.781831482468,0.623489801859,0.849450479481,0.527668345563
2026-03-01,0.001393575028,0.052970390163,0.000000000000,1.000000000000,0.858401523292,0.512978386299
2026-03-02,0.030483795741,0.014997614277,0.781831482468,0.623489801859,0.867098552281,0.498136628478
2026-03-03,-0.005363413837,-0.077535101645,0.974927912182,-0.222520933956,0.875538992859,0.483147464015
2026-03-04,0.037144180163,0.165932131574,0.433883739118,-0.900968867902,0.883720347362,0.468015328444
2026-03-05,-0.015613286684,-0.240657521718,-0.433883739118,-0.900968867902,0.891640194797,0.452744699607
2026-03-06,-0.031930594526,-0.188149246117,-0.974927912182,-0.222520933956,0.899296191553,0.437340096330
2026-03-07,-0.011556167741,-0.247266698407,-0.781831482468,0.623489801859,0.906686072098,0.421806077083
2026-03-08,-0.013030573375,0.175372314333,0.000000000000,1.000000000000,0.913807649647,0.406147238631
2026-03-09,0.036042055402,0.232016594462,0.781831482468,0.623489801859,0.920658816810,0.390368214676
2026-03-10,0.011562277473,-0.028643550165,0.974927912182,-0.222520933956,0.927237546218,0.374473674487
2026-03-11,0.014843996383,0.022496926655,0.433883739118,-0.900968867902,0.933541891118,0.358468321512
2026-03-12,0.001007472508,-0.032918611565,-0.433883739118,-0.900968867902,0.939569985953,0.342356891995
2026-03-13,0.005729220008,0.374745553059,-0.974927912182,-0.222520933956,0.945320046913,0.326144153564
2026-03-14,0.002968146914,-0.559498528229,-0.781831482468,0.623489801859,0.950790372463,0.309834903832
2026-03-15,0.023837669821,0.188425833872,0.000000000000,1.000000000000,0.955979343844,0.293433968967
2026-03-16,0.008356872915,0.424312331053,0.781831482468,0.623489801859,0.960885425557,0.276946202269
2026-03-17,-0.015686950568,-0.246591775274,0.974927912182,-0.222520933956,0.965507165814,0.260376482734
2026-03-18,-0.025321395340,0.023745168014,0.433883739118,-0.900968867902,0.969843196967,0.243729713610
2026-03-19,-0.019814258562,-0.085159815099,-0.433883739118,-0.900968867902,0.973892235915,0.227010820941
2026-03-20,0.004552938337,-0.076543712770,-0.974927912182,-0.222520933956,0.977653084482,0.210224752119
2026-03-21,-0.018941693777,-0.278581184185,-0.781831482468,0.623489801859,0.981124629772,0.193376474410
2026-03-22,-0.005621677926,0.267895668388,0.000000000000,1.000000000000,0.984305844499,0.176470973492
2026-03-23,0.018868832966,0.383167899568,0.781831482468,0.623489801859,0.987195787291,0.159513251973
2026-03-24,-0.000444860428,-0.365155676559,0.974927912182,-0.222520933956,0.989793602967,0.142508327916
2026-03-25,0.014118859280,0.033009683532,0.433883739118,-0.900968867902,0.992098522792,0.125461233353
2026-03-26,-0.028730499721,-0.082527811165,-0.433883739118,-0.900968867902,0.994109864702,0.108377012792
2026-03-27,-0.025280962336,0.066818395984,-0.974927912182,-0.222520933956,0.995827033510,0.091260721729
2026-03-28,-0.004233993190,-0.648673476690,-0.781831482468,0.623489801859,0.997249521077,0.074117425151
2026-03-29,-0.008262325212,0.426138530498,0.000000000000,1.000000000000,0.998376906467,0.056952196034
2026-03-30,0.004739341552,0.232636740259,0.781831482468,0.623489801859,0.999208856068,0.039770113846
2026-03-31,0.013863876813,0.056594022758,0.974927912182,-0.222520933956,0.999745123693,0.022576263042
2026-04-01,-0.010469027958,-0.046400922241,0.433883739118,-0.900968867902,0.999985550651,0.005375731558
2026-04-02,-0.046057847073,0.276762081058,-0.433883739118,-0.900968867902,0.999930065796,-0.011826390692
2026-04-03,0.008475186539,-0.589877167685,-0.974927912182,-0.222520933956,0.999578685548,-0.029025013322
2026-04-04,0.008775621212,-0.536863977258,-0.781831482468,0.623489801859,0.998931513885,-0.046215046984
2026-04-05,0.013813006648,0.174526220548,0.000000000000,1.000000000000,0.997988742316,-0.063391404870
2026-04-06,-0.001913339309,0.583984423192,0.781831482468,0.623489801859,0.996750649821,-0.080549004219
2026-04-07,0.033595562777,0.225949157268,0.974927912182,-0.222520933956,0.995217602774,-0.097682767822
2026-04-08,-0.032286430556,0.038625981042,0.433883739118,-0.900968867902,0.993390054826,-0.114787625522
2026-04-09,0.002749625940,-0.100943587781,-0.433883739118,-0.900968867902,0.991268546779,-0.131858515717
2026-04-10,0.005234875709,-0.031559308647,-0.974927912182,-0.222520933956,0.988853706421,-0.148890386856
2026-04-11,0.002307438031,-0.061193431282,-0.781831482468,0.623489801859,0.986146248342,-0.165878198935
2026-04-12,-0.025305283216,0.092130860111,0.000000000000,1.000000000000,0.983146973722,-0.182816924985
2026-04-13,0.037837488450,0.063818164894,0.781831482468,0.623489801859,0.979856770096,-0.199701552566
2026-04-14,-0.001650065581,0.026059818842,0.974927912182,-0.222520933956,0.976276611087,-0.216527085245
2026-04-15,0.013953642462,-0.199665386777,0.433883739118,-0.900968867902,0.972407556122,-0.233288544075
2026-04-16,0.020534070092,0.121166346653,-0.433883739118,-0.900968867902,0.968250750117,-0.249980969073
2026-04-17,0.012301256227,0.071863787020,-0.974927912182,-0.222520933956,0.963807423137,-0.266599420679
2026-04-18,-0.020613020793,-0.229716648576,-0.781831482468,0.623489801859,0.959078890034,-0.283138981228
2026-04-19,-0.022133489937,-0.050224665859,0.000000000000,1.000000000000,0.954066550058,-0.299594756397
2026-04-20,0.020438856805,0.019706291141,0.781831482468,0.623489801859,0.948771886440,-0.315961876658
2026-04-21,0.004023624808,0.063304934700,0.974927912182,-0.222520933956,0.943196465957,-0.332235498716
2026-04-22,0.009670819095,0.117856790551,0.433883739118,-0.900968867902,0.937341938464,-0.348410806945
2026-04-23,0.001244647696,-0.145876683573,-0.433883739118,-0.900968867902,0.931210036412,-0.364483014810
2026-04-24,-0.003644031950,-0.158987122112,-0.974927912182,-0.222520933956,0.924802574329,-0.380447366288
2026-04-25,-0.012245682919,-0.583185087731,-0.781831482468,0.623489801859,0.918121448284,-0.396299137269
2026-04-26,0.011787528716,0.429232872002,0.000000000000,1.000000000000,0.911168635333,-0.412033636959
2026-04-27,-0.014484289160,0.340579403692,0.781831482468,0.623489801859,0.903946192922,-0.427646209268
2026-04-28,-0.004240797026,-0.284215996696,0.974927912182,-0.222520933956,0.896456258291,-0.443132234183
2026-04-29,-0.011245338798,0.260767617540,0.433883739118,-0.900968867902,0.888701047829,-0.458487129140
2026-04-30,-0.003672623374,-0.229387985275,-0.433883739118,-0.900968867902,0.880682856430,-0.473706350380
2026-05-01,0.000429687493,0.076921676418,-0.974927912182,-0.222520933956,0.872404056805,-0.488785394289
2026-05-02,0.004049090291,-0.656209814035,-0.781831482468,0.623489801859,0.863867098784,-0.503719798736
2026-05-03,-0.000559010918,0.157602590087,0.000000000000,1.000000000000,0.855074508590,-0.518505144391
2026-05-04,0.008348607293,1.005433125691,0.781831482468,0.623489801859,0.846028888092,-0.533137056032
2026-05-05,0.012341525189,-0.271503661901,0.974927912182,-0.222520933956,0.836732914034,-0.547611203840
2026-05-06,0.026892021407,0.356208330464,0.433883739118,-0.900968867902,0.827189337246,-0.561923304683
2026-05-07,-0.016428507598,-0.397608222183,-0.433883739118,-0.900968867902,0.817400981825,-0.576069123380
2026-05-08,0.018642956531,-0.147697921245,-0.974927912182,-0.222520933956,0.807370744302,-0.590044473955
2026-05-09,0.001121123030,-0.117523250759,-0.781831482468,0.623489801859,0.797101592787,-0.603845220877
2026-05-10,0.021206943307,0.099070897734,0.000000000000,1.000000000000,0.786596566087,-0.617467280284
2026-05-11,0.009463185788,0.244871194360,0.781831482468,0.623489801859,0.775858772807,-0.630906621188
2026-05-12,-0.008141573619,-0.093739044167,0.974927912182,-0.222520933956,0.764891390434,-0.644159266672
2026-05-13,0.010242700744,0.177144699628,0.433883739118,-0.900968867902,0.753697664393,-0.657221295066
2026-05-14,0.009718947204,-0.168483117967,-0.433883739118,-0.900968867902,0.742280907087,-0.670088841106
2026-05-15,-0.008634438274,0.027612498309,-0.974927912182,-0.222520933956,0.730644496918,-0.682758097076
2026-05-16,-0.023933892395,-0.210590439006,-0.781831482468,0.623489801859,0.718791877288,-0.695225313941
2026-05-17,-0.011374648410,-0.565635750709,0.000000000000,1.000000000000,0.706726555578,-0.707486802450
2026-05-18,-0.008883308827,0.593144362809,0.781831482468,0.623489801859,0.694452102109,-0.719538934233
2026-05-19,-0.005623693054,-0.242206762325,0.974927912182,-0.222520933956,0.681972149090,-0.731378142868
2026-05-20,0.014545759933,0.012274887681,0.433883739118,-0.900968867902,0.669290389541,-0.743000924944
2026-05-21,0.013062167399,0.086176376519,-0.433883739118,-0.900968867902,0.656410576198,-0.754403841093
2026-05-22,-0.012061375351,0.077622660184,-0.974927912182,-0.222520933956,0.643336520404,-0.765583517008
2026-05-23,0.009563090094,-0.025182258277,-0.781831482468,0.623489801859,0.630072090984,-0.776536644443
2026-05-24,0.000592481330,-0.158410565254,0.000000000000,1.000000000000,0.616621213096,-0.787259982192
2026-05-25,0.009413838519,0.169680168133,0.781831482468,0.623489801859,0.602987867069,-0.797750357046
2026-05-26,-0.010179096070,0.212106582920,0.974927912182,-0.222520933956,0.589176087232,-0.808004664735
2026-05-27,-0.011408908805,-0.219678003467,0.433883739118,-0.900968867902,0.575189960712,-0.818019870844
2026-05-28,-0.016591896659,0.065423091748,-0.433883739118,-0.900968867902,0.561033626228,-0.827793011713
2026-05-29,0.007491188309,-0.120852108477,-0.974927912182,-0.222520933956,0.546711272869,-0.837321195312
2026-05-30,0.111341632334,1.071879660869,-0.781831482468,0.623489801859,0.532227138847,-0.846601602098
2026-05-31,-0.013108397065,-0.175894372555,0.000000000000,1.000000000000,0.517585510253,-0.855631485849
2026-06-01,-0.023493982239,0.179654696353,0.781831482468,0.623489801859,0.502790719779,-0.864408174478
2026-06-02,-0.062141281328,-0.487679441458,0.974927912182,-0.222520933956,0.487847145442,-0.872929070821
2026-06-03,-0.047753841238,-0.089711806891,0.433883739118,-0.900968867902,0.472759209286,-0.881191653407
2026-06-04,-0.027076245263,0.131251936598,-0.433883739118,-0.900968867902,0.457531376074,-0.889193477207
2026-06-05,-0.053477770805,0.122376353157,-0.974927912182,-0.222520933956,0.442168151967,-0.896932174351
2026-06-06,0.004193087612,-0.608477692042,-0.781831482468,0.623489801859,0.426674083190,-0.904405454834
2026-06-07,0.049440814928,-0.045278435502,0.000000000000,1.000000000000,0.411053754687,-0.911611107193
2026-06-08,-0.003320823720,-0.158189422797,0.781831482468,0.623489801859,0.395311788765,-0.918546999159
2026-06-09,-0.014696385689,0.025169136432,0.974927912182,-0.222520933956,0.379452843725,-0.925211078289
2026-06-10,-0.011326126581,-0.154061593200,0.433883739118,-0.900968867902,0.363481612483,-0.931601372577
2026-06-11,0.031680777438,0.073409164356,-0.433883739118,-0.900968867902,0.347402821184,-0.937715991030
2026-06-12,-0.002540194963,-0.096824641045,-0.974927912182,-0.222520933956,0.331221227802,-0.943553124235
2026-06-13,0.009953783429,-0.191064341397,-0.781831482468,0.623489801859,0.314941620729,-0.949111044890
2026-06-14,0.010675716212,0.232938586945,0.000000000000,1.000000000000,0.298568817364,-0.954388108318
2026-06-15,0.002166079548,0.259252242893,0.781831482468,0.623489801859,0.282107662682,-0.959382752949
2026-06-16,-0.021405444954,0.003028532968,0.974927912182,-0.222520933956,0.265563027804,-0.964093500789
2026-06-17,-0.005620918566,-0.050489146762,0.433883739118,-0.900968867902,0.248939808554,-0.968518957851
2026-06-18,-0.038926861496,-0.129010739167,-0.433883739118,-0.900968867902,0.232242924009,-0.972657814572
2026-06-19,0.005433254134,-0.258464045069,-0.974927912182,-0.222520933956,0.215477315047,-0.976508846197
2026-06-20,0.011037513878,-0.048884558691,-0.781831482468,0.623489801859,0.198647942880,-0.980070913143
2026-06-21,-0.006594453257,-0.087384716810,0.000000000000,1.000000000000,0.181759787591,-0.983342961339
2026-06-22,0.010509100763,0.265799621192,0.781831482468,0.623489801859,0.164817846657,-0.986324022532
2026-06-23,-0.021103715822,-0.024232012099,0.974927912182,-0.222520933956,0.147827133471,-0.989013214578
2026-06-24,-0.024233207997,0.316983824649,0.433883739118,-0.900968867902,0.130792675857,-0.991409741702
2026-06-25,-0.007070107203,0.024882846044,-0.433883739118,-0.900968867902,0.113719514586,-0.993512894734
2026-06-26,0.012531940247,0.088610707007,-0.974927912182,-0.222520933956,0.096612701881,-0.995322051316
2026-06-27,-0.018638592693,-0.492022265689,-0.781831482468,0.623489801859,0.079477299924,-0.996836676089
2026-06-28,-0.010281385037,-0.009158955798,0.000000000000,1.000000000000,0.062318379354,-0.998056320853
2026-06-29,0.014366095799,0.214324240883,0.781831482468,0.623489801859,0.045141017774,-0.998980624694
2026-06-30,-0.023511753206,-0.001721992941,0.974927912182,-0.222520933956,0.027950298240,-0.999609314096
