timestamp,price_log_return,volume_log_change,day_wk_sin,day_wk_cos,day_yr_sin,day_yr_cos
2022-07-02,-0.001407955856,-0.530525527990,-0.781831482468,0.623489801859,-0.006450864198,-0.999979192959
2022-07-03,0.002844903977,-0.099213532008,0.000000000000,1.000000000000,-0.023651127245,-0.999720272966
2022-07-04,0.047275427183,0.275723511953,0.781831482468,0.623489801859,-0.040844391543,-0.999165519661
2022-07-05,-0.002035878126,0.212800627441,0.974927912182,-0.222520933956,-0.058025569329,-0.998315097203
2022-07-06,0.017582449258,-0.082542176894,0.433883739118,-0.900968867902,-0.075189576415,-0.997169257247
2022-07-07,0.051656393389,0.048251150515,-0.433883739118,-0.900968867902,-0.092331333695,-0.995728338865
2022-07-08,0.004313222712,0.659063032026,-0.974927912182,-0.222520933956,-0.109445768649,-0.993992768447
2022-07-09,-0.006412741164,-0.520854834271,-0.781831482468,0.623489801859,-0.126527816839,-0.991963059577
2022-07-10,-0.034477479725,-0.032655796217,0.000000000000,1.000000000000,-0.143572423412,-0.989639812879
2022-07-11,-0.043595963395,-0.172212363729,0.781831482468,0.623489801859,-0.160574544595,-0.987023715839
2022-07-12,-0.032915621389,0.066475846577,0.974927912182,-0.222520933956,-0.177529149187,-0.984115542601
2022-07-13,0.044936759945,0.247021965377,0.433883739118,-0.900968867902,-0.194431220048,-0.980916153741
2022-07-14,0.017549651263,-0.058697612907,-0.433883739118,-0.900968867902,-0.211275755582,-0.977426496010
2022-07-15,0.012868197043,-0.184636680324,-0.974927912182,-0.222520933956,-0.228057771222,-0.973647602054
2022-07-16,0.016846296292,-0.063860301315,-0.781831482468,0.623489801859,-0.244772300897,-0.969580590108
2022-07-17,-0.019584899710,-0.058247670107,0.000000000000,1.000000000000,-0.261414398511,-0.965226663666
2022-07-18,0.078919678230,0.555890900527,0.781831482468,0.623489801859,-0.277979139399,-0.960587111125
2022-07-19,0.039405282003,0.198775859535,0.974927912182,-0.222520933956,-0.294461621787,-0.955663305403
2022-07-20,-0.006765243636,-0.127386739861,0.433883739118,-0.900968867902,-0.310856968244,-0.950456703535
2022-07-21,-0.002892621770,-0.244181635609,-0.433883739118,-0.900968867902,-0.327160327122,-0.944968846236
2022-07-22,-0.019601945765,-0.067954480611,-0.974927912182,-0.222520933956,-0.343366873996,-0.939201357453
2022-07-23,-0.011044710597,-0.268532426120,-0.781831482468,0.623489801859,-0.359471813088,-0.933155943878
2022-07-24,0.006375470790,-0.019178138060,0.000000000000,1.000000000000,-0.375470378688,-0.926834394446
2022-07-25,-0.056755659782,0.411847236430,0.781831482468,0.623489801859,-0.391357836561,-0.920238579805
2022-07-26,-0.005725043827,-0.217361747081,0.974927912182,-0.222520933956,-0.407129485354,-0.913370451764
2022-07-27,0.076595421549,0.103905672050,0.433883739118,-0.900968867902,-0.422780657983,-0.906232042711
2022-07-28,0.039057830892,0.236000321393,-0.433883739118,-0.900968867902,-0.438306723013,-0.898825465016
2022-07-29,-0.001647644691,-0.113792989417,-0.974927912182,-0.222520933956,-0.453703086031,-0.891152910406
2022-07-30,-0.006254683466,-0.242898012578,-0.781831482468,0.623489801859,-0.468965191008,-0.883216649313
2022-07-31,-0.013589886060,-0.178205728583,0.000000000000,1.000000000000,-0.484088521639,-0.875019030203
2022-08-01,-0.000973064708,0.092999741072,0.781831482468,0.623489801859,-0.499068602689,-0.866562478885
2022-08-02,-0.014520247083,0.093732505605,0.974927912182,-0.222520933956,-0.513901001309,-0.857849497787
2022-08-03,-0.005744061708,-0.076891550827,0.433883739118,-0.900968867902,-0.528581328356,-0.848882665221
2022-08-04,-0.009479525569,-0.045445538395,-0.433883739118,-0.900968867902,-0.543105239683,-0.839664634618
2022-08-05,0.028675899088,0.139519074082,-0.974927912182,-0.222520933956,-0.557468437433,-0.830198133741
2022-08-06,-0.014185359813,-0.591963521368,-0.781831482468,0.623489801859,-0.571666671303,-0.820485963879
2022-08-07,0.009303252730,-0.005739392578,0.000000000000,1.000000000000,-0.585695739807,-0.810530999019
2022-08-08,0.026971545345,0.587061628206,0.781831482468,0.623489801859,-0.599551491520,-0.800336184998
2022-08-09,-0.027470993496,-0.193182631465,0.974927912182,-0.222520933956,-0.613229826300,-0.789904538622
2022-08-10,0.033256795054,0.332200430440,0.433883739118,-0.900968867902,-0.626726696508,-0.779239146786
2022-08-11,0.000412762067,0.122776377248,-0.433883739118,-0.900968867902,-0.640038108204,-0.768343165549
2022-08-12,0.018415982057,-0.308712111451,-0.974927912182,-0.222520933956,-0.653160122327,-0.757219819208
2022-08-13,0.000870422129,-0.170689438337,-0.781831482468,0.623489801859,-0.666088855861,-0.745872399340
2022-08-14,-0.004297383077,0.000295217382,0.000000000000,1.000000000000,-0.678820482986,-0.734304263830
2022-08-15,-0.007526871184,0.423631349505,0.781831482468,0.623489801859,-0.691351236209,-0.722518835873
2022-08-16,-0.010565706274,-0.235501822636,0.974927912182,-0.222520933956,-0.703677407479,-0.710519602969
2022-08-17,-0.023181944884,0.108410413655,0.433883739118,-0.900968867902,-0.715795349283,-0.698310115884
2022-08-18,-0.005295957031,-0.264297034738,-0.433883739118,-0.900968867902,-0.727701475726,-0.685893987600
2022-08-19,-0.106026641902,0.534057209960,-0.974927912182,-0.222520933956,-0.739392263596,-0.673274892250
2022-08-20,0.013724431303,-0.383880323727,-0.781831482468,0.623489801859,-0.750864253399,-0.660456564028
2022-08-21,0.017239723513,-0.177726398622,0.000000000000,1.000000000000,-0.762114050389,-0.647442796083
2022-08-22,-0.006298802572,0.315326786561,0.781831482468,0.623489801859,-0.773138325571,-0.634237439398
2022-08-23,0.006018593855,0.006665620278,0.974927912182,-0.222520933956,-0.783933816683,-0.620844401651
2022-08-24,-0.006200333279,0.002630703477,0.433883739118,-0.900968867902,-0.794497329167,-0.607267646057
2022-08-25,0.009577016653,-0.029643699333,-0.433883739118,-0.900968867902,-0.804825737108,-0.593511190196
2022-08-26,-0.064085716560,0.310508283645,-0.974927912182,-0.222520933956,-0.814915984166,-0.579579104826
2022-08-27,-0.010832449814,-0.340339384741,-0.781831482468,0.623489801859,-0.824765084473,-0.565475512674
2022-08-28,-0.021429934307,-0.211858839178,0.000000000000,1.000000000000,-0.834370123523,-0.551204587220
2022-08-29,0.034134991630,0.292250798087,0.781831482468,0.623489801859,-0.843728259029,-0.536770551461
2022-08-30,-0.025001327784,0.055004114274,0.974927912182,-0.222520933956,-0.852836721769,-0.522177676660
2022-08-31,0.012696624169,-0.037167283536,0.433883739118,-0.900968867902,-0.861692816403,-0.507430281083
2022-09-01,0.003851817364,-0.096062865881,-0.433883739118,-0.900968867902,-0.870293922269,-0.492532728722
2022-09-02,-0.007849479691,-0.035684207904,-0.974927912182,-0.222520933956,-0.878637494161,-0.477489428003
2022-09-03,-0.006918477935,-0.209762952709,-0.781831482468,0.623489801859,-0.886721063083,-0.462304830480
2022-09-04,0.007766470822,0.066862660309,0.000000000000,1.000000000000,-0.894542236976,-0.446983429520
2022-09-05,-0.008761151996,0.132180392618,0.781831482468,0.623489801859,-0.902098701430,-0.431529758971
2022-09-06,-0.050448064672,0.409708476905,0.974927912182,-0.222520933956,-0.909388220365,-0.415948391825
2022-09-07,0.023745153749,-0.208376207579,0.433883739118,-0.900968867902,-0.916408636694,-0.400243938857
2022-09-08,0.002046070304,-0.090379966769,-0.433883739118,-0.900968867902,-0.923157872965,-0.384421047269
2022-09-09,0.100860097668,0.409140372843,-0.974927912182,-0.222520933956,-0.929633931968,-0.368484399308
2022-09-10,0.013905238413,-0.272351505849,-0.781831482468,0.623489801859,-0.935834897335,-0.352438710885
2022-09-11,0.004083651963,-0.067799806249,0.000000000000,1.000000000000,-0.941758934099,-0.336288730177
2022-09-12,0.027242163872,0.375471810484,0.781831482468,0.623489801859,-0.947404289244,-0.320039236223
2022-09-13,-0.097282198923,0.017354825341,0.974927912182,-0.222520933956,-0.952769292217,-0.303695037511
2022-09-14,-0.002743968675,-0.299388529084,0.433883739118,-0.900968867902,-0.957852355428,-0.287260970551
2022-09-15,-0.027034586241,-0.039955262710,-0.433883739118,-0.900968867902,-0.962651974716,-0.270741898448
2022-09-16,0.003616228173,-0.188965821325,-0.974927912182,-0.222520933956,-0.967166729798,-0.254142709461
2022-09-17,0.017794492716,-0.188128727253,-0.781831482468,0.623489801859,-0.971395284684,-0.237468315558
2022-09-18,-0.035812806048,0.224999998398,0.000000000000,1.000000000000,-0.975336388077,-0.220723650961
2022-09-19,0.006396912023,0.251122460794,0.781831482468,0.623489801859,-0.978988873741,-0.203913670683
2022-09-20,-0.034000477547,-0.088032089612,0.974927912182,-0.222520933956,-0.982351660847,-0.187043349070
2022-09-21,-0.018344813515,0.231256184086,0.433883739118,-0.900968867902,-0.985423754292,-0.170117678320
2022-09-22,0.045641677549,-0.119640843492,-0.433883739118,-0.900968867902,-0.988204244994,-0.153141667013
2022-09-23,-0.005988576297,-0.055984584622,-0.974927912182,-0.222520933956,-0.990692310162,-0.136120338623
2022-09-24,-0.018864440709,-0.397057879409,-0.781831482468,0.623489801859,-0.992887213536,-0.119058730034
2022-09-25,-0.007149858037,-0.112811837556,0.000000000000,1.000000000000,-0.994788305609,-0.101961890052
2022-09-26,0.022121968157,0.636542001288,0.781831482468,0.623489801859,-0.996395023819,-0.084834877906
2022-09-27,-0.005850034170,0.282681490672,0.974927912182,-0.222520933956,-0.997706892710,-0.067682761755
2022-09-28,0.016409099157,-0.098610930624,0.433883739118,-0.900968867902,-0.998723524080,-0.050510617185
2022-09-29,0.007504185755,-0.257141608839,-0.433883739118,-0.900968867902,-0.999444617092,-0.033323525712
2022-09-30,-0.007243323492,0.069132272318,-0.974927912182,-0.222520933956,-0.999869958362,-0.016126573271
2022-10-01,-0.006178716507,-0.854059158449,-0.781831482468,0.623489801859,-0.999999422025,0.001075151283
2022-10-02,-0.013973887936,0.103747108988,0.000000000000,1.000000000000,-0.999832969770,0.018276557682
2022-10-03,0.029974176307,0.383911003106,0.781831482468,0.623489801859,-0.999370650854,0.035472555753
2022-10-04,0.035702295703,0.163156992770,0.974927912182,-0.222520933956,-0.998612602084,0.052658056925
2022-10-05,-0.008698206075,-0.077116675722,0.433883739118,-0.900968867902,-0.997559047779,0.069827975730
2022-10-06,-0.010234041759,0.043802334001,-0.433883739118,-0.900968867902,-0.996210299702,0.086977231314
2022-10-07,-0.020687828067,-0.171964806222,-0.974927912182,-0.222520933956,-0.994566756971,0.104100748935
2022-10-08,-0.006687387417,-0.575543094864,-0.781831482468,0.623489801859,-0.992628905935,0.121193461471
2022-10-09,0.001536547989,0.024033802441,0.000000000000,1.000000000000,-0.990397320035,0.138250310911
2022-10-10,-0.015805352147,0.487861398430,0.781831482468,0.623489801859,-0.987872659635,0.155266249860
2022-10-11,-0.004716403713,0.045843049029,0.974927912182,-0.222520933956,-0.985055671822,0.172236243028
2022-10-12,0.005549896374,-0.140418095648,0.433883739118,-0.900968867902,-0.981947190187,0.189155268720
2022-10-13,0.011700026522,0.572292767275,-0.433883739118,-0.900968867902,-0.978548134580,0.206018320325
2022-10-14,-0.010228526229,-0.139753569874,-0.974927912182,-0.222520933956,-0.974859510837,0.222820407795
2022-10-15,-0.006170546676,-0.864888148133,-0.781831482468,0.623489801859,-0.970882410481,0.239556559121
2022-10-16,0.010458171487,0.105223987382,0.000000000000,1.000000000000,-0.966618010400,0.256221821807
2022-10-17,0.014563494131,0.423431606864,0.781831482468,0.623489801859,-0.962067572498,0.272811264334
2022-10-18,-0.011127327349,0.107159170693,0.974927912182,-0.222520933956,-0.957232443323,0.289319977619
2022-10-19,-0.010130621896,-0.310152930625,0.433883739118,-0.900968867902,-0.952114053668,0.305743076467
2022-10-20,-0.004492679159,0.088233471731,-0.433883739118,-0.900968867902,-0.946713918146,0.322075701021
2022-10-21,0.006211910653,0.281559477758,-0.974927912182,-0.222520933956,-0.941033634745,0.338313018192
2022-10-22,0.001861391394,-0.700891553204,-0.781831482468,0.623489801859,-0.935074884352,0.354450223099
2022-10-23,0.018508150954,0.317784601747,0.000000000000,1.000000000000,-0.928839430256,0.370482540482
2022-10-24,-0.011381303255,0.311036283349,0.781831482468,0.623489801859,-0.922329117629,0.386405226121
2022-10-25,0.038050125600,0.458304442245,0.974927912182,-0.222520933956,-0.915545872978,0.402213568237
2022-10-26,0.033017194359,0.209551939620,0.433883739118,-0.900968867902,-0.908491703573,0.417902888887
2022-10-27,-0.023607984322,-0.171275373066,-0.433883739118,-0.900968867902,-0.901168696856,0.433468545349
2022-10-28,0.015142492579,-0.120427429976,-0.974927912182,-0.222520933956,-0.893579019824,0.448905931494
2022-10-29,0.010775490653,-0.085986546255,-0.781831482468,0.623489801859,-0.885724918384,0.464210479152
2022-10-30,-0.008822978720,-0.248529010046,0.000000000000,1.000000000000,-0.877608716690,0.479377659461
2022-10-31,-0.006799218853,0.371854078238,0.781831482468,0.623489801859,-0.869232816457,0.494402984208
2022-11-01,-0.000512432016,-0.137056256978,0.974927912182,-0.222520933956,-0.860599696250,0.509282007157
2022-11-02,-0.016030424016,0.332970771206,0.433883739118,-0.900968867902,-0.851711910747,0.524010325368
2022-11-03,0.002501116491,-0.250816782620,-0.433883739118,-0.900968867902,-0.842572089987,0.538583580492
2022-11-04,0.045331998248,0.393513025089,-0.974927912182,-0.222520933956,-0.833182938589,0.552997460070
2022-11-05,0.006385182520,-0.526492260436,-0.781831482468,0.623489801859,-0.823547234956,0.567247698803
2022-11-06,-0.016878487268,-0.075818614013,0.000000000000,1.000000000000,-0.813667830446,0.581330079815
2022-11-07,-0.015587859865,0.422176540922,0.781831482468,0.623489801859,-0.803547648534,0.595240435904
2022-11-08,-0.105428646811,0.799175698006,0.974927912182,-0.222520933956,-0.793189683945,0.608974650772
2022-11-09,-0.154889548170,-0.145252471094,0.433883739118,-0.900968867902,-0.782597001768,0.622528660243
2022-11-10,0.102037409011,-0.212532909763,-0.433883739118,-0.900968867902,-0.771772736547,0.635898453468
2022-11-11,-0.031918453601,-0.398218299939,-0.974927912182,-0.222520933956,-0.760720091356,0.649080074110
2022-11-12,-0.013898139747,-0.631313687719,-0.781831482468,0.623489801859,-0.749442336852,0.662069621515
2022-11-13,-0.026896704985,-0.088188256654,0.000000000000,1.000000000000,-0.737942810303,0.674863251868
2022-11-14,0.016064732405,0.601045835207,0.781831482468,0.623489801859,-0.726224914604,0.687457179327
2022-11-15,0.015904317180,-0.304567551448,0.974927912182,-0.222520933956,-0.714292117269,0.699847677146
2022-11-16,-0.012825680371,-0.075865508576,0.433883739118,-0.900968867902,-0.702147949405,0.712031078779
2022-11-17,0.001083919421,-0.196655451974,-0.433883739118,-0.900968867902,-0.689796004666,0.724003778959
2022-11-18,0.000614627846,-0.036791088213,-0.974927912182,-0.222520933956,-0.677239938191,0.735762234774
2022-11-19,0.000824292760,-0.511515037057,-0.781831482468,0.623489801859,-0.664483465523,0.747302966705
2022-11-20,-0.025436030294,0.280129231656,0.000000000000,1.000000000000,-0.651530361507,0.758622559666
2022-11-21,-0.031459062587,0.563123795357,0.781831482468,0.623489801859,-0.638384459175,0.769717664007
2022-11-22,0.025174715080,-0.197322602697,0.974927912182,-0.222520933956,-0.625049648610,0.780584996507
2022-11-23,0.025667956986,0.070124417288,0.433883739118,-0.900968867902,-0.611529875799,0.791221341348
2022-11-24,-0.000375863632,-0.232213350716,-0.433883739118,-0.900968867902,-0.597829141459,0.801623551065
2022-11-25,-0.004988374895,-0.335687175219,-0.974927912182,-0.222520933956,-0.583951499858,0.811788547476
2022-11-26,-0.003489989122,-0.036987820486,-0.781831482468,0.623489801859,-0.569901057613,0.821713322596
2022-11-27,-0.001194466805,0.127312231761,0.000000000000,1.000000000000,-0.555681972476,0.831394939523
2022-11-28,-0.013918848241,0.305299986305,0.781831482468,0.623489801859,-0.541298452104,0.840830533312
2022-11-29,0.013940464110,-0.162514091598,0.974927912182,-0.222520933956,-0.526754752811,0.850017311819
2022-11-30,0.043059766584,0.224718779080,0.433883739118,-0.900968867902,-0.512055178311,0.858952556527
2022-12-01,-0.011802068595,-0.254253444216,-0.433883739118,-0.900968867902,-0.497204078447,0.867633623355
2022-12-02,0.007136986046,-0.158487150356,-0.974927912182,-0.222520933956,-0.482205847896,0.876057943434
2022-12-03,-0.010614234868,-0.186340587731,-0.781831482468,0.623489801859,-0.467064924877,0.884223023874
2022-12-04,0.013058842463,0.036729427458,0.000000000000,1.000000000000,-0.451785789833,0.892126448495
2022-12-05,-0.009128269217,0.277664126482,0.781831482468,0.623489801859,-0.436372964105,0.899765878548
2022-12-06,0.006733035251,-0.110288332131,0.974927912182,-0.222520933956,-0.420831008596,0.907139053401
2022-12-07,-0.014224977832,-0.010843842305,0.433883739118,-0.900968867902,-0.405164522421,0.914243791213
2022-12-08,0.022614200081,0.040889855126,-0.433883739118,-0.900968867902,-0.389378141545,0.921077989579
2022-12-09,-0.005838370506,-0.008238982544,-0.974927912182,-0.222520933956,-0.373476537413,0.927639626149
2022-12-10,-0.000258464205,-0.469884355852,-0.781831482468,0.623489801859,-0.357464415565,0.933926759229
2022-12-11,-0.001433196797,0.105632473559,0.000000000000,1.000000000000,-0.341346514245,0.939937528356
2022-12-12,0.005959927912,0.328657833536,0.781831482468,0.623489801859,-0.325127603000,0.945670154847
2022-12-13,0.032864788731,0.305790268592,0.974927912182,-0.222520933956,-0.308812481266,0.951122942324
2022-12-14,0.001928930642,-0.042186686708,0.433883739118,-0.900968867902,-0.292405976951,0.956294277220
2022-12-15,-0.025628381021,-0.197201686302,-0.433883739118,-0.900968867902,-0.275912945003,0.961182629254
2022-12-16,-0.042189808981,0.136541936861,-0.974927912182,-0.222520933956,-0.259338265975,0.965786551884
2022-12-17,0.008827572353,-0.507736111987,-0.781831482468,0.623489801859,-0.242686844583,0.970104682736
2022-12-18,-0.002212331171,-0.280639219082,0.000000000000,1.000000000000,-0.225963608248,0.974135744005
2022-12-19,-0.019176451895,0.455139240934,0.781831482468,0.623489801859,-0.209173505646,0.977878542834
2022-12-20,0.027988705082,0.277203956511,0.974927912182,-0.222520933956,-0.192321505239,0.981331971670
2022-12-21,-0.005264509420,-0.423121940650,0.433883739118,-0.900968867902,-0.175412593804,0.984495008588
2022-12-22,0.000761215411,0.099597139838,-0.433883739118,-0.900968867902,-0.158451774961,0.987366717594
2022-12-23,-0.001985808429,-0.070049308929,-0.974927912182,-0.222520933956,-0.141444067688,0.989946248902
2022-12-24,0.003019956155,-0.453046758755,-0.781831482468,0.623489801859,-0.124394504840,0.992232839189
2022-12-25,-0.000342509674,0.179136662629,0.000000000000,1.000000000000,-0.107308131656,0.994225811816
2022-12-26,0.004609855985,0.019588151952,0.781831482468,0.623489801859,-0.090190004270,0.995924577029
2022-12-27,-0.012048246868,0.281308401400,0.974927912182,-0.222520933956,-0.073045188211,0.997328632136
2022-12-28,-0.009895050300,0.076799182866,0.433883739118,-0.900968867902,-0.055878756905,0.998437561657
2022-12-29,0.005408644826,-0.161317243006,-0.433883739118,-0.900968867902,-0.038695790177,0.999251037439
2022-12-30,-0.002391695879,0.095919417005,-0.974927912182,-0.222520933956,-0.021501372741,0.999768818763
2022-12-31,-0.003323665650,-0.348745112006,-0.781831482468,0.623489801859,-0.004300592703,0.999990752408
2023-01-01,0.004677606312,-0.195392642738,0.000000000000,1.000000000000,0.017201575418,0.999852041956
2023-01-02,0.003805700685,0.269007750405,0.781831482468,0.623489801859,0.034398060614,0.999408211606
2023-01-03,-0.000516254899,0.139088771116,0.974927912182,-0.222520933956,0.051584366869,0.998668640288
2023-01-04,0.010934153962,0.281421327932,0.433883739118,-0.900968867902,0.068755408481,0.997633546852
2023-01-05,-0.001572817718,-0.296664547952,-0.433883739118,-0.900968867902,0.085906104261,0.996303237599
2023-01-06,0.006820792236,0.051309448876,-0.974927912182,-0.222520933956,0.103031379043,0.994678106189
2023-01-07,0.000183405828,-0.625040263080,-0.781831482468,0.623489801859,0.120126165182,0.992758633525
2023-01-08,0.007993082349,0.236060183964,0.000000000000,1.000000000000,0.137185404057,0.990545387609
2023-01-09,0.006148589187,0.645294145120,0.781831482468,0.623489801859,0.154204047563,0.988039023377
2023-01-10,0.014418133871,-0.163953053769,0.974927912182,-0.222520933956,0.171177059610,0.985240282501
2023-01-11,0.027621150498,0.150305630388,0.433883739118,-0.900968867902,0.188099417612,0.982149993175
2023-01-12,0.050803180490,0.643685619202,-0.433883739118,-0.900968867902,0.204966113969,0.978769069865
2023-01-13,0.053649212804,-0.179503308601,-0.974927912182,-0.222520933956,0.221772157556,0.975098513040
2023-01-14,0.052192440561,0.287709746463,-0.781831482468,0.623489801859,0.238512575194,0.971139408877
2023-01-15,-0.004563152777,-0.702712688070,0.000000000000,1.000000000000,0.255182413123,0.966892928939
2023-01-16,0.013737719952,0.328099193732,0.781831482468,0.623489801859,0.271776738471,0.962360329828
2023-01-17,-0.000383324379,-0.069246616177,0.974927912182,-0.222520933956,0.288290640710,0.957542952812
2023-01-18,-0.022592831153,0.182509718662,0.433883739118,-0.900968867902,0.304719233109,0.952442223431
2023-01-19,0.019055334103,-0.349610312027,-0.433883739118,-0.900968867902,0.321057654185,0.947059651072
2023-01-20,0.072684552611,0.308571456799,-0.974927912182,-0.222520933956,0.337301069136,0.941396828526
2023-01-21,0.004447222994,0.119116439162,-0.781831482468,0.623489801859,0.353444671274,0.935455431513
2023-01-22,-0.002514790230,-0.270782994499,0.000000000000,1.000000000000,0.369483683447,0.929237218188
2023-01-23,0.009375442199,0.069170696368,0.781831482468,0.623489801859,0.385413359454,0.922744028620
2023-01-24,-0.013077079201,-0.004294137440,0.974927912182,-0.222520933956,0.401228985448,0.915977784248
2023-01-25,0.021043184701,0.150229860147,0.433883739118,-0.900968867902,0.416925881329,0.908940487314
2023-01-26,-0.003687148594,-0.152020148305,-0.433883739118,-0.900968867902,0.432499402134,0.901634220265
2023-01-27,0.001993046474,-0.037672856630,-0.974927912182,-0.222520933956,0.447944939408,0.894061145145
2023-01-28,-0.002066314313,-0.545366292725,-0.781831482468,0.623489801859,0.463257922567,0.886223502949
2023-01-29,0.031771335385,0.622680549571,0.000000000000,1.000000000000,0.478433820255,0.878123612959
2023-01-30,-0.040096914666,-0.007984466877,0.781831482468,0.623489801859,0.493468141677,0.869763872065
2023-01-31,0.013012288540,-0.175004358487,0.974927912182,-0.222520933956,0.508356437938,0.861146754048
2023-02-01,0.024945734590,0.155617920925,0.433883739118,-0.900968867902,0.523094303349,0.852274808852
2023-02-02,-0.010674749877,0.183789261642,-0.433883739118,-0.900968867902,0.537677376741,0.843150661828
2023-02-03,-0.000961136248,-0.168916833654,-0.974927912182,-0.222520933956,0.552101342746,0.833777012959
2023-02-04,-0.005022313743,-0.549121778355,-0.781831482468,0.623489801859,0.566361933081,0.824156636057
2023-02-05,-0.016254488231,0.223917681843,0.000000000000,1.000000000000,0.580454927809,0.814292377947
2023-02-06,-0.008555376421,0.197031158661,0.781831482468,0.623489801859,0.594376156585,0.804187157621
2023-02-07,0.021910195715,0.132038668563,0.974927912182,-0.222520933956,0.608121499894,0.793843965378
2023-02-08,-0.014063722484,-0.069153108117,0.433883739118,-0.900968867902,0.621686890267,0.783265861934
2023-02-09,-0.050072947921,0.249849305643,-0.433883739118,-0.900968867902,0.635068313487,0.772455977519
2023-02-10,-0.007722817725,-0.184733984601,-0.974927912182,-0.222520933956,0.648261809776,0.761417510953
2023-02-11,0.010095720622,-0.504127971444,-0.781831482468,0.623489801859,0.661263474966,0.750153728696
2023-02-12,-0.003787160763,0.085771507039,0.000000000000,1.000000000000,0.674069461655,0.738667963881
2023-02-13,0.000912849794,0.294282219895,0.781831482468,0.623489801859,0.686675980345,0.726963615332
2023-02-14,0.018747466050,0.113463241268,0.974927912182,-0.222520933956,0.699079300566,0.715044146554
2023-02-15,0.089770007863,0.192600906139,0.433883739118,-0.900968867902,0.711275751974,0.702913084708
2023-02-16,-0.028558101482,0.190921955992,-0.433883739118,-0.900968867902,0.723261725444,0.690574019572
2023-02-17,0.039106249426,0.050628319500,-0.974927912182,-0.222520933956,0.735033674133,0.678030602474
2023-02-18,0.003075823649,-0.745450754549,-0.781831482468,0.623489801859,0.746588114532,0.665286545211
2023-02-19,-0.012809719094,0.264011097758,0.000000000000,1.000000000000,0.757921627497,0.652345618957
2023-02-20,0.020405044744,0.126023317415,0.781831482468,0.623489801859,0.769030859259,0.639211653138
2023-02-21,-0.015946381538,0.075226088139,0.974927912182,-0.222520933956,0.779912522417,0.625888534308
2023-02-22,-0.010180396881,-0.034244714983,0.433883739118,-0.900968867902,0.790563396912,0.612380204990
2023-02-23,-0.010027916762,0.009106335501,-0.433883739118,-0.900968867902,0.800980330978,0.598690662518
2023-02-24,-0.031792067406,-0.128108118190,-0.974927912182,-0.222520933956,0.811160242079,0.584823957846
2023-02-25,-0.000981248083,-0.509975946385,-0.781831482468,0.623489801859,0.821100117813,0.570784194357
2023-02-26,0.016511545834,0.033217836137,0.000000000000,1.000000000000,0.830797016812,0.556575526641
2023-02-27,-0.001628652492,0.308553023658,0.781831482468,0.623489801859,0.840248069608,0.542202159273
2023-02-28,-0.016092730875,-0.098486502973,0.974927912182,-0.222520933956,0.849450479481,0.527668345563
2023-03-01,0.021336804939,0.183149260491,0.433883739118,-0.900968867902,0.858401523292,0.512978386299
2023-03-02,-0.007261350209,-0.190429766945,-0.433883739118,-0.900968867902,0.867098552281,0.498136628478
2023-03-03,-0.048562425730,0.245625900425,-0.974927912182,-0.222520933956,0.875538992859,0.483147464015
2023-03-04,-0.000417303522,-0.847619236109,-0.781831482468,0.623489801859,0.883720347362,0.468015328444
2023-03-05,0.003668954675,0.176166941295,0.000000000000,1.000000000000,0.891640194797,0.452744699607
2023-03-06,-0.000256584178,0.264734973320,0.781831482468,0.623489801859,0.899296191553,0.437340096330
2023-03-07,-0.009406138966,0.271467614586,0.974927912182,-0.222520933956,0.906686072098,0.421806077083
2023-03-08,-0.022837315061,-0.010104557260,0.433883739118,-0.900968867902,0.913807649647,0.406147238631
2023-03-09,-0.064424513329,0.298139994206,-0.433883739118,-0.900968867902,0.920658816810,0.390368214676
2023-03-10,-0.008669656883,0.265000349816,-0.974927912182,-0.222520933956,0.927237546218,0.374473674487
2023-03-11,0.021812221244,-0.271090917495,-0.781831482468,0.623489801859,0.933541891118,0.358468321512
2023-03-12,0.071603911845,-0.030317253174,0.000000000000,1.000000000000,0.939569985953,0.342356891995
2023-03-13,0.087783634368,0.524421148217,0.781831482468,0.623489801859,0.945320046913,0.326144153564
2023-03-14,0.022416164798,0.099148048823,0.974927912182,-0.222520933956,0.950790372463,0.309834903832
2023-03-15,-0.015069419826,-0.224107054579,0.433883739118,-0.900968867902,0.955979343844,0.293433968967
2023-03-16,0.027387721970,-0.253920506645,-0.433883739118,-0.900968867902,0.960885425557,0.276946202269
2023-03-17,0.090430817355,0.404109218528,-0.974927912182,-0.222520933956,0.965507165814,0.260376482734
2023-03-18,-0.016843655915,-0.350726833378,-0.781831482468,0.623489801859,0.969843196967,0.243729713610
2023-03-19,0.039012512397,0.055704774918,0.000000000000,1.000000000000,0.973892235915,0.227010820941
2023-03-20,-0.009728058677,0.170127687073,0.781831482468,0.623489801859,0.977653084482,0.210224752119
2023-03-21,0.014607259457,-0.215274624951,0.974927912182,-0.222520933956,0.981124629772,0.193376474410
2023-03-22,-0.031304934786,-0.078336118406,0.433883739118,-0.900968867902,0.984305844499,0.176470973492
2023-03-23,0.036902430921,-0.320820844088,-0.433883739118,-0.900968867902,0.987195787291,0.159513251973
2023-03-24,-0.030119733186,0.070142336176,-0.974927912182,-0.222520933956,0.989793602967,0.142508327916
2023-03-25,0.000051715836,-0.663353288169,-0.781831482468,0.623489801859,0.992098522792,0.125461233353
2023-03-26,0.018008477903,0.036345330301,0.000000000000,1.000000000000,0.994109864702,0.108377012792
2023-03-27,-0.030997440056,0.270480230314,0.781831482468,0.623489801859,0.995827033510,0.091260721729
2023-03-28,0.004714100094,-0.022534546876,0.974927912182,-0.222520933956,0.997249521077,0.074117425151
2023-03-29,0.038853399313,0.151129478840,0.433883739118,-0.900968867902,0.998376906467,0.056952196034
2023-03-30,-0.011169598741,0.081231652964,-0.433883739118,-0.900968867902,0.999208856068,0.039770113846
2023-03-31,0.015746414888,-0.166128987434,-0.974927912182,-0.222520933956,0.999745123693,0.022576263042
2023-04-01,-0.002371236421,-0.557907119114,-0.781831482468,0.623489801859,0.999985550651,0.005375731558
2023-04-02,-0.007480171845,0.121748133076,0.000000000000,1.000000000000,0.999930065796,-0.011826390692
2023-04-03,-0.014613274150,0.464957915577,0.781831482468,0.623489801859,0.999578685548,-0.029025013322
2023-04-04,0.013505585875,-0.246465994456,0.974927912182,-0.222520933956,0.998931513885,-0.046215046984
2023-04-05,0.000351205705,0.109444244079,0.433883739118,-0.900968867902,0.997988742316,-0.063391404870
2023-04-06,-0.004761257347,-0.208881373577,-0.433883739118,-0.900968867902,0.996750649821,-0.080549004219
2023-04-07,-0.004226600896,-0.242163611419,-0.974927912182,-0.222520933956,0.995217602774,-0.097682767822
2023-04-08,0.000785183940,-0.147380563901,-0.781831482468,0.623489801859,0.993390054826,-0.114787625522
2023-04-09,0.013690692529,0.261550713826,0.000000000000,1.000000000000,0.991268546779,-0.131858515717
2023-04-10,0.045533646757,0.459781573241,0.781831482468,0.623489801859,0.988853706421,-0.148890386856
2023-04-11,0.019439489564,0.042584192082,0.974927912182,-0.222520933956,0.986146248342,-0.165878198935
2023-04-12,-0.003180367816,-0.075827337696,0.433883739118,-0.900968867902,0.983146973722,-0.182816924985
2023-04-13,0.008590133768,-0.064450644452,-0.433883739118,-0.900968867902,0.979856770096,-0.199701552566
2023-04-14,0.002845797962,0.259102060853,-0.974927912182,-0.222520933956,0.976276611087,-0.216527085245
2023-04-15,-0.005499737168,-0.640649530234,-0.781831482468,0.623489801859,0.972407556122,-0.233288544075
2023-04-16,-0.000103593122,0.073767051392,0.000000000000,1.000000000000,0.968250750117,-0.249980969073
2023-04-17,-0.029128723277,0.329527132670,0.781831482468,0.623489801859,0.963807423137,-0.266599420679
2023-04-18,0.031836460998,0.086169787110,0.974927912182,-0.222520933956,0.959078890034,-0.283138981228
2023-04-19,-0.053199536629,0.232174417827,0.433883739118,-0.900968867902,0.954066550058,-0.299594756397
2023-04-20,-0.020211126619,-0.140989764867,-0.433883739118,-0.900968867902,0.948771886440,-0.315961876658
2023-04-21,-0.034910877272,-0.027595950519,-0.974927912182,-0.222520933956,0.943196465957,-0.332235498716
2023-04-22,0.019624756556,-0.458429405193,-0.781831482468,0.623489801859,0.937341938464,-0.348410806945
2023-04-23,-0.008161741227,-0.026267218746,0.000000000000,1.000000000000,0.931210036412,-0.364483014810
2023-04-24,-0.002396548560,0.325442845820,0.781831482468,0.623489801859,0.924802574329,-0.380447366288
2023-04-25,0.028023207774,0.001697948677,0.974927912182,-0.222520933956,0.918121448284,-0.396299137269
2023-04-26,0.004057925869,0.585722208177,0.433883739118,-0.900968867902,0.911168635333,-0.412033636959
2023-04-27,0.036313132862,-0.159666633568,-0.433883739118,-0.900968867902,0.903946192922,-0.427646209268
2023-04-28,-0.004540602890,-0.436765417854,-0.974927912182,-0.222520933956,0.896456258291,-0.443132234183
2023-04-29,-0.003132803228,-0.497992997696,-0.781831482468,0.623489801859,0.888701047829,-0.458487129140
2023-04-30,0.000694439489,0.317844933748,0.000000000000,1.000000000000,0.880682856430,-0.473706350380
2023-05-01,-0.041052856211,0.241555922662,0.781831482468,0.623489801859,0.872404056805,-0.488785394289
2023-05-02,0.020749270291,-0.126859452403,0.974927912182,-0.222520933956,0.863867098784,-0.503719798736
2023-05-03,0.011294600825,0.151603446536,0.433883739118,-0.900968867902,0.855074508590,-0.518505144391
2023-05-04,-0.005482697825,-0.206914709959,-0.433883739118,-0.900968867902,0.846028888092,-0.533137056032
2023-05-05,0.023524523635,0.142865799357,-0.974927912182,-0.222520933956,0.836732914034,-0.547611203840
2023-05-06,-0.021553620509,-0.119650601823,-0.781831482468,0.623489801859,0.827189337246,-0.561923304683
2023-05-07,-0.015678412320,-0.342268176464,0.000000000000,1.000000000000,0.817400981825,-0.576069123380
2023-05-08,-0.027097480313,0.525964092893,0.781831482468,0.623489801859,0.807370744302,-0.590044473955
2023-05-09,-0.001282605114,-0.302686131462,0.974927912182,-0.222520933956,0.797101592787,-0.603845220877
2023-05-10,-0.001339333612,0.379806411156,0.433883739118,-0.900968867902,0.786596566087,-0.617467280284
2023-05-11,-0.022737627873,-0.211141666537,-0.433883739118,-0.900968867902,0.775858772807,-0.630906621188
2023-05-12,-0.007278017156,0.143944126507,-0.974927912182,-0.222520933956,0.764891390434,-0.644159266672
2023-05-13,-0.000780461802,-0.658307255521,-0.781831482468,0.623489801859,0.753697664393,-0.657221295066
2023-05-14,0.005457011386,0.001567635980,0.000000000000,1.000000000000,0.742280907087,-0.670088841106
2023-05-15,0.009683688180,0.364076773046,0.781831482468,0.623489801859,0.730644496918,-0.682758097076
2023-05-16,-0.005754943307,-0.124009392719,0.974927912182,-0.222520933956,0.718791877288,-0.695225313941
2023-05-17,0.013305949198,0.173203439003,0.433883739118,-0.900968867902,0.706726555578,-0.707486802450
2023-05-18,-0.020896322938,0.005462703291,-0.433883739118,-0.900968867902,0.694452102109,-0.719538934233
2023-05-19,0.002156270430,-0.301637083024,-0.974927912182,-0.222520933956,0.681972149090,-0.731378142868
2023-05-20,0.008865600285,-0.468860762299,-0.781831482468,0.623489801859,0.669290389541,-0.743000924944
2023-05-21,-0.013947366815,0.204955091173,0.000000000000,1.000000000000,0.656410576198,-0.754403841093
2023-05-22,0.003635895571,0.245782300016,0.781831482468,0.623489801859,0.643336520404,-0.765583517008
2023-05-23,0.013848962643,0.214148707290,0.974927912182,-0.222520933956,0.630072090984,-0.776536644443
2023-05-24,-0.033270400188,0.173918501378,0.433883739118,-0.900968867902,0.616621213096,-0.787259982192
2023-05-25,0.005354526205,-0.162743872722,-0.433883739118,-0.900968867902,0.602987867069,-0.797750357046
2023-05-26,0.009139332662,-0.085849815692,-0.974927912182,-0.222520933956,0.589176087232,-0.808004664735
2023-05-27,0.005563330345,-0.476664968074,-0.781831482468,0.623489801859,0.575189960712,-0.818019870844
2023-05-28,0.044309499754,0.611411569062,0.000000000000,1.000000000000,0.561033626228,-0.827793011713
2023-05-29,-0.012171112107,0.042801923274,0.781831482468,0.623489801859,0.546711272869,-0.837321195312
2023-05-30,-0.001570299422,-0.135985800839,0.974927912182,-0.222520933956,0.532227138847,-0.846601602098
2023-05-31,-0.017577792723,0.166798762663,0.433883739118,-0.900968867902,0.517585510253,-0.855631485849
2023-06-01,-0.014792581991,-0.064462075393,-0.433883739118,-0.900968867902,0.502790719779,-0.864408174478
2023-06-02,0.015891611066,0.010736145682,-0.974927912182,-0.222520933956,0.487847145442,-0.872929070821
2023-06-03,-0.006422915434,-0.570636383782,-0.781831482468,0.623489801859,0.472759209286,-0.881191653407
2023-06-04,0.001621483975,0.110027108241,0.000000000000,1.000000000000,0.457531376074,-0.889193477207
2023-06-05,-0.051410345699,0.832128251021,0.781831482468,0.623489801859,0.442168151967,-0.896932174351
2023-06-06,0.055815118562,0.019169539344,0.974927912182,-0.222520933956,0.426674083190,-0.904405454834
2023-06-07,-0.033325424121,-0.115886492800,0.433883739118,-0.900968867902,0.411053754687,-0.911611107193
2023-06-08,0.006138366064,-0.495010332294,-0.433883739118,-0.900968867902,0.395311788765,-0.918546999159
2023-06-09,-0.001050860138,-0.077635661099,-0.974927912182,-0.222520933956,0.379452843725,-0.925211078289
2023-06-10,-0.024045314677,0.590050604803,-0.781831482468,0.623489801859,0.363481612483,-0.931601372577
2023-06-11,0.003434076224,-0.616071931283,0.000000000000,1.000000000000,0.347402821184,-0.937715991030
2023-06-12,-0.001453165003,0.084410576814,0.781831482468,0.623489801859,0.331221227802,-0.943553124235
2023-06-13,0.000626326956,0.191556040498,0.974927912182,-0.222520933956,0.314941620729,-0.949111044890
2023-06-14,-0.031115354033,0.008605949326,0.433883739118,-0.900968867902,0.298568817364,-0.954388108318
2023-06-15,0.017819375410,0.104513947071,-0.433883739118,-0.900968867902,0.282107662682,-0.959382752949
2023-06-16,0.028942773265,0.030302802449,-0.974927912182,-0.222520933956,0.265563027804,-0.964093500789
2023-06-17,0.006934900793,-0.386607284496,-0.781831482468,0.623489801859,0.248939808554,-0.968518957851
2023-06-18,-0.006602603438,-0.147885490487,0.000000000000,1.000000000000,0.232242924009,-0.972657814572
2023-06-19,0.019359247202,0.293367975670,0.781831482468,0.623489801859,0.215477315047,-0.976508846197
2023-06-20,0.053528495285,0.549075091848,0.974927912182,-0.222520933956,0.198647942880,-0.980070913143
2023-06-21,0.058274213207,0.406334303504,0.433883739118,-0.900968867902,0.181759787591,-0.983342961339
2023-06-22,-0.003837723580,-0.479092287450,-0.433883739118,-0.900968867902,0.164817846657,-0.986324022532
2023-06-23,0.025845905768,0.154989335392,-0.974927912182,-0.222520933956,0.147827133471,-0.989013214578
2023-06-24,-0.004793067902,-0.685707758177,-0.781831482468,0.623489801859,0.130792675857,-0.991409741702
2023-06-25,-0.002242660722,0.044724785860,0.000000000000,1.000000000000,0.113719514586,-0.993512894734
2023-06-26,-0.006884835938,0.261072665192,0.781831482468,0.623489801859,0.096612701881,-0.995322051316
2023-06-27,0.013682563415,-0.003909793194,0.974927912182,-0.222520933956,0.079477299924,-0.996836676089
2023-06-28,-0.019808917913,-0.119969973523,0.433883739118,-0.900968867902,0.062318379354,-0.998056320853
2023-06-29,0.011865197538,-0.100301780019,-0.433883739118,-0.900968867902,0.045141017774,-0.998980624694
2023-06-30,0.001047243279,0.694117228997,-0.974927912182,-0.222520933956,0.027950298240,-0.999609314096
2023-07-01,0.003695144363,-1.066081526778,-0.781831482468,0.623489801859,0.010751307764,-0.999942203020
2023-07-02,0.001002809469,0.147751332042,0.000000000000,1.000000000000,-0.006450864198,-0.999979192959
2023-07-03,0.017342426318,0.371460674075,0.781831482468,0.623489801859,-0.023651127245,-0.999720272966
2023-07-04,-0.012234379050,-0.175722763793,0.974927912182,-0.222520933956,-0.040844391543,-0.999165519661
2023-07-05,-0.008595533521,-0.026033439273,0.433883739118,-0.900968867902,-0.058025569329,-0.998315097203
2023-07-06,-0.020020299640,0.526399548458,-0.433883739118,-0.900968867902,-0.075189576415,-0.997169257247
2023-07-07,0.014370909980,-0.456539388351,-0.974927912182,-0.222520933956,-0.092331333695,-0.995728338865
2023-07-08,-0.001640134546,-0.577964772405,-0.781831482468,0.623489801859,-0.109445768649,-0.993992768447
2023-07-09,-0.004012544787,0.051131165084,0.000000000000,1.000000000000,-0.126527816839,-0.991963059577
2023-07-10,0.008029538805,0.629247492921,0.781831482468,0.623489801859,-0.143572423412,-0.989639812879
2023-07-11,0.006765948366,-0.199050861717,0.974927912182,-0.222520933956,-0.160574544595,-0.987023715839
2023-07-12,-0.007516669539,0.197528992099,0.433883739118,-0.900968867902,-0.177529149187,-0.984115542601
2023-07-13,0.035059117999,0.469877993728,-0.433883739118,-0.900968867902,-0.194431220048,-0.980916153741
2023-07-14,-0.036955452770,-0.124282135815,-0.974927912182,-0.222520933956,-0.211275755582,-0.977426496010
2023-07-15,-0.001262140944,-0.959706430190,-0.781831482468,0.623489801859,-0.228057771222,-0.973647602054
2023-07-16,-0.001541791528,0.061114079647,0.000000000000,1.000000000000,-0.244772300897,-0.969580590108
2023-07-17,-0.003418965294,0.441241310163,0.781831482468,0.623489801859,-0.261414398511,-0.965226663666
2023-07-18,-0.009643886495,-0.007677250660,0.974927912182,-0.222520933956,-0.277979139399,-0.960587111125
2023-07-19,0.001919386950,-0.080010556019,0.433883739118,-0.900968867902,-0.294461621787,-0.955663305403
2023-07-20,-0.004083626308,0.189229175357,-0.433883739118,-0.900968867902,-0.310856968244,-0.950456703535
2023-07-21,0.003910458253,-0.289377151814,-0.974927912182,-0.222520933956,-0.327160327122,-0.944968846236
2023-07-22,-0.004589155219,-0.331941190974,-0.781831482468,0.623489801859,-0.343366873996,-0.939201357453
2023-07-23,0.010449658783,0.157913405186,0.000000000000,1.000000000000,-0.359471813088,-0.933155943878
2023-07-24,-0.030633538165,0.512705105211,0.781831482468,0.623489801859,-0.375470378688,-0.926834394446
2023-07-25,0.001728455480,-0.405183136532,0.974927912182,-0.222520933956,-0.391357836561,-0.920238579805
2023-07-26,0.004355653333,0.273595794109,0.433883739118,-0.900968867902,-0.407129485354,-0.913370451764
2023-07-27,-0.004927238584,-0.225671693104,-0.433883739118,-0.900968867902,-0.422780657983,-0.906232042711
2023-07-28,0.003709444205,0.040725129323,-0.974927912182,-0.222520933956,-0.438306723013,-0.898825465016
2023-07-29,0.001284060769,-0.548567427948,-0.781831482468,0.623489801859,-0.453703086031,-0.891152910406
2023-07-30,-0.002783773787,0.291848922334,0.000000000000,1.000000000000,-0.468965191008,-0.883216649313
2023-07-31,-0.001545062822,0.295044692045,0.781831482468,0.623489801859,-0.484088521639,-0.875019030203
2023-08-01,0.015130233826,0.449503153192,0.974927912182,-0.222520933956,-0.499068602689,-0.866562478885
2023-08-02,-0.017807507517,0.050177899387,0.433883739118,-0.900968867902,-0.513901001309,-0.857849497787
2023-08-03,0.000916180779,-0.407659766393,-0.433883739118,-0.900968867902,-0.528581328356,-0.848882665221
2023-08-04,-0.003590833546,-0.059954111028,-0.974927912182,-0.222520933956,-0.543105239683,-0.839664634618
2023-08-05,-0.001100031890,-0.601133233980,-0.781831482468,0.623489801859,-0.557468437433,-0.830198133741
2023-08-06,-0.000009347995,0.096907646777,0.000000000000,1.000000000000,-0.571666671303,-0.820485963879
2023-08-07,0.004765273802,0.627674725601,0.781831482468,0.623489801859,-0.585695739807,-0.810530999019
2023-08-08,0.019846386979,0.254820382838,0.974927912182,-0.222520933956,-0.599551491520,-0.800336184998
2023-08-09,-0.006877101417,0.045012215806,0.433883739118,-0.900968867902,-0.613229826300,-0.789904538622
2023-08-10,-0.004471948989,-0.437615118412,-0.433883739118,-0.900968867902,-0.626726696508,-0.779239146786
2023-08-11,-0.001083746922,-0.151708046906,-0.974927912182,-0.222520933956,-0.640038108204,-0.768343165549
2023-08-12,0.000620603937,-0.498275022775,-0.781831482468,0.623489801859,-0.653160122327,-0.757219819208
2023-08-13,-0.004533340724,0.168322609449,0.000000000000,1.000000000000,-0.666088855861,-0.745872399340
2023-08-14,0.004277614075,0.648073598874,0.781831482468,0.623489801859,-0.678820482986,-0.734304263830
2023-08-15,-0.008129120119,-0.103153210003,0.974927912182,-0.222520933956,-0.691351236209,-0.722518835873
2023-08-16,-0.016193584839,0.167780719121,0.433883739118,-0.900968867902,-0.703677407479,-0.710519602969
2023-08-17,-0.073624120096,0.733215454863,-0.433883739118,-0.900968867902,-0.715795349283,-0.698310115884
2023-08-18,-0.023334248654,-0.258731629505,-0.974927912182,-0.222520933956,-0.727701475726,-0.685893987600
2023-08-19,0.001789155951,-0.815330414507,-0.781831482468,0.623489801859,-0.739392263596,-0.673274892250
2023-08-20,0.003571869420,-0.162535176668,0.000000000000,1.000000000000,-0.750864253399,-0.660456564028
2023-08-21,-0.002501958865,0.391849075113,0.781831482468,0.623489801859,-0.762114050389,-0.647442796083
2023-08-22,-0.003546469519,0.081282205810,0.974927912182,-0.222520933956,-0.773138325571,-0.634237439398
2023-08-23,0.015248455549,0.157934138016,0.433883739118,-0.900968867902,-0.783933816683,-0.620844401651
2023-08-24,-0.010239565761,-0.277328196861,-0.433883739118,-0.900968867902,-0.794497329167,-0.607267646057
2023-08-25,-0.004393992437,-0.036834189494,-0.974927912182,-0.222520933956,-0.804825737108,-0.593511190196
2023-08-26,-0.001506261986,-0.720638279910,-0.781831482468,0.623489801859,-0.814915984166,-0.579579104826
2023-08-27,0.003118365041,0.135969290847,0.000000000000,1.000000000000,-0.824765084473,-0.565475512674
2023-08-28,0.000630587825,0.464635381119,0.781831482468,0.623489801859,-0.834370123523,-0.551204587220
2023-08-29,0.060249892571,0.981768728725,0.974927912182,-0.222520933956,-0.843728259029,-0.536770551461
2023-08-30,-0.015634289371,-0.586079221126,0.433883739118,-0.900968867902,-0.852836721769,-0.522177676660
2023-08-31,-0.051329145450,0.210901876592,-0.433883739118,-0.900968867902,-0.861692816403,-0.507430281083
2023-09-01,-0.005054814301,-0.159665861430,-0.974927912182,-0.222520933956,-0.870293922269,-0.492532728722
2023-09-02,0.002634986878,-0.532501991357,-0.781831482468,0.623489801859,-0.878637494161,-0.477489428003
2023-09-03,0.003887765542,-0.119521844662,0.000000000000,1.000000000000,-0.886721063083,-0.462304830480
2023-09-04,-0.006069712504,0.175380356499,0.781831482468,0.623489801859,-0.894542236976,-0.446983429520
2023-09-05,-0.001257301424,0.038038827115,0.974927912182,-0.222520933956,-0.902098701430,-0.431529758971
2023-09-06,-0.001038013802,0.139272305859,0.433883739118,-0.900968867902,-0.909388220365,-0.415948391825
2023-09-07,0.018732105502,-0.139852292922,-0.433883739118,-0.900968867902,-0.916408636694,-0.400243938857
2023-09-08,-0.012831149861,-0.024739220428,-0.974927912182,-0.222520933956,-0.923157872965,-0.384421047269
2023-09-09,-0.000385185563,-0.679807040832,-0.781831482468,0.623489801859,-0.929633931968,-0.368484399308
2023-09-10,-0.002453267905,0.365461304167,0.000000000000,1.000000000000,-0.935834897335,-0.352438710885
2023-09-11,-0.026261881067,0.614215790058,0.781831482468,0.623489801859,-0.941758934099,-0.336288730177
2023-09-12,0.026305127953,0.245214410542,0.974927912182,-0.222520933956,-0.947404289244,-0.320039236223
2023-09-13,0.015173852959,-0.355757948286,0.433883739118,-0.900968867902,-0.952769292217,-0.303695037511
2023-09-14,0.011800835131,0.055012944597,-0.433883739118,-0.900968867902,-0.957852355428,-0.287260970551
2023-09-15,0.002597241409,-0.184908002850,-0.974927912182,-0.222520933956,-0.962651974716,-0.270741898448
2023-09-16,-0.001519910354,-0.438828897248,-0.781831482468,0.623489801859,-0.967166729798,-0.254142709461
2023-09-17,-0.001284074187,-0.088631624631,0.000000000000,1.000000000000,-0.971395284684,-0.237468315558
2023-09-18,0.008260511390,0.835130888551,0.781831482468,0.623489801859,-0.975336388077,-0.220723650961
2023-09-19,0.016931102662,-0.123028019163,0.974927912182,-0.222520933956,-0.978988873741,-0.203913670683
2023-09-20,-0.002911478899,-0.038882501026,0.433883739118,-0.900968867902,-0.982351660847,-0.187043349070
2023-09-21,-0.021020467717,0.006778144295,-0.433883739118,-0.900968867902,-0.985423754292,-0.170117678320
2023-09-22,0.000449150541,-0.234274405510,-0.974927912182,-0.222520933956,-0.988204244994,-0.153141667013
2023-09-23,-0.000006686902,-0.356731986484,-0.781831482468,0.623489801859,-0.990692310162,-0.136120338623
2023-09-24,-0.012210127075,0.101149006994,0.000000000000,1.000000000000,-0.992887213536,-0.119058730034
2023-09-25,0.001585160786,0.381462090140,0.781831482468,0.623489801859,-0.994788305609,-0.101961890052
2023-09-26,-0.003093569596,-0.183592214992,0.974927912182,-0.222520933956,-0.996395023819,-0.084834877906
2023-09-27,0.005153782853,0.160024777844,0.433883739118,-0.900968867902,-0.997706892710,-0.067682761755
2023-09-28,0.025063206235,0.183525883319,-0.433883739118,-0.900968867902,-0.998723524080,-0.050510617185
2023-09-29,-0.004072674570,-0.303221522545,-0.974927912182,-0.222520933956,-0.999444617092,-0.033323525712
2023-09-30,0.002085958121,-0.667891743407,-0.781831482468,0.623489801859,-0.999869958362,-0.016126573271
2023-10-01,0.036976120856,0.578132823316,0.000000000000,1.000000000000,-0.999999422025,0.001075151283
2023-10-02,-0.016319145789,0.733626352407,0.781831482468,0.623489801859,-0.999832969770,0.018276557682
2023-10-03,-0.003668317066,-0.551031851924,0.974927912182,-0.222520933956,-0.999370650854,0.035472555753
2023-10-04,0.013377719302,-0.023455191280,0.433883739118,-0.900968867902,-0.998612602084,0.052658056925
2023-10-05,-0.013890662256,0.063781730344,-0.433883739118,-0.900968867902,-0.997559047779,0.069827975730
2023-10-06,0.019171883788,0.127500826650,-0.974927912182,-0.222520933956,-0.996210299702,0.086977231314
2023-10-07,0.000795565220,-0.722196218494,-0.781831482468,0.623489801859,-0.994566756971,0.104100748935
2023-10-08,-0.001207428683,0.189066871121,0.000000000000,1.000000000000,-0.992628905935,0.121193461471
2023-10-09,-0.012659387728,0.416548899088,0.781831482468,0.623489801859,-0.990397320035,0.138250310911
2023-10-10,-0.007009006013,-0.185628889460,0.974927912182,-0.222520933956,-0.987872659635,0.155266249860
2023-10-11,-0.019081220842,0.313683299013,0.433883739118,-0.900968867902,-0.985055671822,0.172236243028
2023-10-12,-0.004345381647,-0.373644828241,-0.433883739118,-0.900968867902,-0.981947190187,0.189155268720
2023-10-13,0.003938005783,0.479055696386,-0.974927912182,-0.222520933956,-0.978548134580,0.206018320325
2023-10-14,-0.000024866642,-1.034814837839,-0.781831482468,0.623489801859,-0.974859510837,0.222820407795
2023-10-15,0.011030760316,0.275645576903,0.000000000000,1.000000000000,-0.970882410481,0.239556559121
2023-10-16,0.048854397305,1.366412349542,0.781831482468,0.623489801859,-0.966618010400,0.256221821807
2023-10-17,-0.003643399433,-0.626738139672,0.974927912182,-0.222520933956,-0.962067572498,0.272811264334
2023-10-18,-0.003080719750,-0.156015640035,0.433883739118,-0.900968867902,-0.957232443323,0.289319977619
2023-10-19,0.013724231161,0.127059944930,-0.433883739118,-0.900968867902,-0.952114053668,0.305743076467
2023-10-20,0.032985768983,0.399171743778,-0.974927912182,-0.222520933956,-0.946713918146,0.322075701021
2023-10-21,0.007901299916,-0.623813119111,-0.781831482468,0.623489801859,-0.941033634745,0.338313018192
2023-10-22,0.002519829955,-0.099649736775,0.000000000000,1.000000000000,-0.935074884352,0.354450223099
2023-10-23,0.098123405529,1.300839459124,0.781831482468,0.623489801859,-0.928839430256,0.370482540482
2023-10-24,0.024342751788,0.158108621588,0.974927912182,-0.222520933956,-0.922329117629,0.386405226121
2023-10-25,0.017581001125,-0.576219841874,0.433883739118,-0.900968867902,-0.915545872978,0.402213568237
2023-10-26,-0.010083818434,-0.262323243370,-0.433883739118,-0.900968867902,-0.908491703573,0.417902888887
2023-10-27,-0.007253169257,-0.168293611872,-0.974927912182,-0.222520933956,-0.901168696856,0.433468545349
2023-10-28,0.005287514961,-0.479889292882,-0.781831482468,0.623489801859,-0.893579019824,0.448905931494
2023-10-29,0.013082482218,0.093873984391,0.000000000000,1.000000000000,-0.885724918384,0.464210479152
2023-10-30,-0.001046255777,0.431663794392,0.781831482468,0.623489801859,-0.877608716690,0.479377659461
2023-10-31,0.004782938802,-0.086663423722,0.974927912182,-0.222520933956,-0.869232816457,0.494402984208
2023-11-01,0.021952875621,0.353759184464,0.433883739118,-0.900968867902,-0.860599696250,0.509282007157
2023-11-02,-0.014181643038,-0.066689797215,-0.433883739118,-0.900968867902,-0.851711910747,0.524010325368
2023-11-03,-0.005911206955,-0.201943591311,-0.974927912182,-0.222520933956,-0.842572089987,0.538583580492
2023-11-04,0.010022958694,-0.584768052966,-0.781831482468,0.623489801859,-0.833182938589,0.552997460070
2023-11-05,-0.000936521317,0.261000585272,0.000000000000,1.000000000000,-0.823547234956,0.567247698803
2023-11-06,-0.000341987013,0.022361356085,0.781831482468,0.623489801859,-0.813667830446,0.581330079815
2023-11-07,0.011526405304,0.394617877000,0.974927912182,-0.222520933956,-0.803547648534,0.595240435904
2023-11-08,0.005955525293,-0.085262643208,0.433883739118,-0.900968867902,-0.793189683945,0.608974650772
2023-11-09,0.028692239824,0.780880835212,-0.433883739118,-0.900968867902,-0.782597001768,0.622528660243
2023-11-10,0.016778346050,-0.508460047859,-0.974927912182,-0.222520933956,-0.771772736547,0.635898453468
2023-11-11,-0.004725682318,-0.489227549124,-0.781831482468,0.623489801859,-0.760720091356,0.649080074110
2023-11-12,-0.002251742592,-0.187319055572,0.000000000000,1.000000000000,-0.749442336852,0.662069621515
2023-11-13,-0.015013537055,0.501157431480,0.781831482468,0.623489801859,-0.737942810303,0.674863251868
2023-11-14,-0.026784357840,0.224622700204,0.974927912182,-0.222520933956,-0.726224914604,0.687457179327
2023-11-15,0.063846199276,0.137200260065,0.433883739118,-0.900968867902,-0.714292117269,0.699847677146
2023-11-16,-0.046629756191,-0.050914300558,-0.433883739118,-0.900968867902,-0.702147949405,0.712031078779
2023-11-17,0.012148746967,-0.147311411334,-0.974927912182,-0.222520933956,-0.689796004666,0.724003778959
2023-11-18,-0.000300085016,-0.635705990663,-0.781831482468,0.623489801859,-0.677239938191,0.735762234774
2023-11-19,0.021653391392,0.083102663594,0.000000000000,1.000000000000,-0.664483465523,0.747302966705
2023-11-20,0.002415334455,0.480719028534,0.781831482468,0.623489801859,-0.651530361507,0.758622559666
2023-11-21,-0.045392621922,0.186553930771,0.974927912182,-0.222520933956,-0.638384459175,0.769717664007
2023-11-22,0.044201389468,-0.031268437810,0.433883739118,-0.900968867902,-0.625049648610,0.780584996507
2023-11-23,-0.003819999415,-0.540176231031,-0.433883739118,-0.900968867902,-0.611529875799,0.791221341348
2023-11-24,0.011482880924,0.477844831108,-0.974927912182,-0.222520933956,-0.597829141459,0.801623551065
2023-11-25,0.002026342936,-0.923911645636,-0.781831482468,0.623489801859,-0.583951499858,0.811788547476
2023-11-26,-0.008440249841,0.412432996969,0.000000000000,1.000000000000,-0.569901057613,0.821713322596
2023-11-27,-0.006020176744,0.323932667861,0.781831482468,0.623489801859,-0.555681972476,0.831394939523
2023-11-28,0.015367313611,0.132541274330,0.974927912182,-0.222520933956,-0.541298452104,0.840830533312
2023-11-29,0.000724175028,-0.045622411072,0.433883739118,-0.900968867902,-0.526754752811,0.850017311819
2023-11-30,-0.003857188998,-0.134717249124,-0.433883739118,-0.900968867902,-0.512055178311,0.858952556527
2023-12-01,0.025550730115,0.260749706601,-0.974927912182,-0.222520933956,-0.497204078447,0.867633623355
2023-12-02,0.020152443139,-0.414510810785,-0.781831482468,0.623489801859,-0.482205847896,0.876057943434
2023-12-03,0.012637770520,0.015056681584,0.000000000000,1.000000000000,-0.467064924877,0.884223023874
2023-12-04,0.048856566887,0.927186071778,0.781831482468,0.623489801859,-0.451785789833,0.892126448495
2023-12-05,0.048825234560,-0.093123695013,0.974927912182,-0.222520933956,-0.436372964105,0.899765878548
2023-12-06,-0.007610515703,-0.193967619331,0.433883739118,-0.900968867902,-0.420831008596,0.907139053401
2023-12-07,-0.010427160037,-0.079074291017,-0.433883739118,-0.900968867902,-0.405164522421,0.914243791213
2023-12-08,0.019985683235,-0.123662414524,-0.974927912182,-0.222520933956,-0.389378141545,0.921077989579
2023-12-09,-0.010026349185,-0.340806662448,-0.781831482468,0.623489801859,-0.373476537413,0.927639626149
2023-12-10,0.001227688266,-0.289655144602,0.000000000000,1.000000000000,-0.357464415565,0.933926759229
2023-12-11,-0.059668646697,1.139586084004,0.781831482468,0.623489801859,-0.341346514245,0.939937528356
2023-12-12,0.004991678164,-0.494554962090,0.974927912182,-0.222520933956,-0.325127603000,0.945670154847
2023-12-13,0.034162749571,0.078305443444,0.433883739118,-0.900968867902,-0.308812481266,0.951122942324
2023-12-14,0.003101461159,-0.046569619638,-0.433883739118,-0.900968867902,-0.292405976951,0.956294277220
2023-12-15,-0.025761678810,-0.264213420034,-0.974927912182,-0.222520933956,-0.275912945003,0.961182629254
2023-12-16,0.007374628549,-0.311233689185,-0.781831482468,0.623489801859,-0.259338265975,0.965786551884
2023-12-17,-0.020943422408,0.147826403231,0.000000000000,1.000000000000,-0.242686844583,0.970104682736
2023-12-18,0.029979669512,0.413688745487,0.781831482468,0.623489801859,-0.225963608248,0.974135744005
2023-12-19,-0.008316570719,-0.084919822128,0.974927912182,-0.222520933956,-0.209173505646,0.977878542834
2023-12-20,0.032164737245,0.184610112991,0.433883739118,-0.900968867902,-0.192321505239,0.981331971670
2023-12-21,0.004956565640,-0.216097843792,-0.433883739118,-0.900968867902,-0.175412593804,0.984495008588
2023-12-22,0.002930565787,-0.065535007820,-0.974927912182,-0.222520933956,-0.158451774961,0.987366717594
2023-12-23,-0.005889392399,-0.442611771846,-0.781831482468,0.623489801859,-0.141444067688,0.989946248902
2023-12-24,-0.016677702596,0.332213726309,0.000000000000,1.000000000000,-0.124394504840,0.992232839189
2023-12-25,0.013783631647,0.114540588266,0.781831482468,0.623489801859,-0.107308131656,0.994225811816
2023-12-26,-0.025374479540,0.352070657920,0.974927912182,-0.222520933956,-0.090190004270,0.995924577029
2023-12-27,0.021462391204,-0.172832644018,0.433883739118,-0.900968867902,-0.073045188211,0.997328632136
2023-12-28,-0.018938483263,-0.094108995242,-0.433883739118,-0.900968867902,-0.055878756905,0.998437561657
2023-12-29,-0.012474379352,0.122946973001,-0.974927912182,-0.222520933956,-0.038695790177,0.999251037439
2023-12-30,0.001364883237,-0.484638632556,-0.781831482468,0.623489801859,-0.021501372741,0.999768818763
2023-12-31,0.002565328952,0.023670096364,0.000000000000,1.000000000000,-0.004300592703,0.999990752408
2024-01-01,0.044021664837,0.116686998872,0.781831482468,0.623489801859,0.017201575418,0.999852041956
2024-01-02,0.017742604014,0.758305876668,0.974927912182,-0.222520933956,0.034398060614,0.999408211606
2024-01-03,-0.048064953579,0.163933962578,0.433883739118,-0.900968867902,0.051584366869,0.998668640288
2024-01-04,0.030607357718,-0.420032343612,-0.433883739118,-0.900968867902,0.068755408481,0.997633546852
2024-01-05,-0.000390082845,0.060158762075,-0.974927912182,-0.222520933956,0.085906104261,0.996303237599
2024-01-06,-0.003936304128,-0.697828527745,-0.781831482468,0.623489801859,0.103031379043,0.994678106189
2024-01-07,-0.001048480801,0.183334440008,0.000000000000,1.000000000000,0.120126165182,0.992758633525
2024-01-08,0.066624266356,0.793592135247,0.781831482468,0.623489801859,0.137185404057,0.990545387609
2024-01-09,-0.017845417106,-0.070878396937,0.974927912182,-0.222520933956,0.154204047563,0.988039023377
2024-01-10,0.010522032752,0.229910929346,0.433883739118,-0.900968867902,0.171177059610,0.985240282501
2024-01-11,-0.005574241148,-0.089292265956,-0.433883739118,-0.900968867902,0.188099417612,0.982149993175
2024-01-12,-0.078842628833,-0.056112861284,-0.974927912182,-0.222520933956,0.204966113969,0.978769069865
2024-01-13,-0.000251708664,-0.743526135139,-0.781831482468,0.623489801859,0.221772157556,0.975098513040
2024-01-14,-0.024720775355,-0.161956709837,0.000000000000,1.000000000000,0.238512575194,0.971139408877
2024-01-15,0.016978564046,0.242068343182,0.781831482468,0.623489801859,0.255182413123,0.966892928939
2024-01-16,0.015011364506,0.075177083323,0.974927912182,-0.222520933956,0.271776738471,0.962360329828
2024-01-17,-0.009599712826,-0.143257038651,0.433883739118,-0.900968867902,0.288290640710,0.957542952812
2024-01-18,-0.035253906004,0.190159127530,-0.433883739118,-0.900968867902,0.304719233109,0.952442223431
2024-01-19,0.008599127738,0.020955913147,-0.974927912182,-0.222520933956,0.321057654185,0.947059651072
2024-01-20,0.001132983454,-0.798671000845,-0.781831482468,0.623489801859,0.337301069136,0.941396828526
2024-01-21,-0.002879434925,-0.215118006870,0.000000000000,1.000000000000,0.353444671274,0.935455431513
2024-01-22,-0.050308910281,1.210114918629,0.781831482468,0.623489801859,0.369483683447,0.929237218188
2024-01-23,0.008523584258,-0.069160679715,0.974927912182,-0.222520933956,0.385413359454,0.922744028620
2024-01-24,0.005793705728,-0.268440878188,0.433883739118,-0.900968867902,0.401228985448,0.915977784248
2024-01-25,-0.003581157289,-0.189926039567,-0.433883739118,-0.900968867902,0.416925881329,0.908940487314
2024-01-26,0.046076574495,0.325192489216,-0.974927912182,-0.222520933956,0.432499402134,0.901634220265
2024-01-27,0.007224112855,-0.806895123575,-0.781831482468,0.623489801859,0.447944939408,0.894061145145
2024-01-28,-0.002007256017,0.389259175918,0.000000000000,1.000000000000,0.463257922567,0.886223502949
2024-01-29,0.029364415737,0.203726709454,0.781831482468,0.623489801859,0.478433820255,0.878123612959
2024-01-30,-0.007783744990,0.142873224966,0.974927912182,-0.222520933956,0.493468141677,0.869763872065
2024-01-31,-0.008651552809,0.034252119205,0.433883739118,-0.900968867902,0.508356437938,0.861146754048
2024-02-01,0.011514890294,-0.141225381564,-0.433883739118,-0.900968867902,0.523094303349,0.852274808852
2024-02-02,0.002552374530,-0.141141457122,-0.974927912182,-0.222520933956,0.537677376741,0.843150661828
2024-02-03,-0.004493245492,-0.510204134179,-0.781831482468,0.623489801859,0.552101342746,0.833777012959
2024-02-04,-0.009551086229,0.281613500227,0.000000000000,1.000000000000,0.566361933081,0.824156636057
2024-02-05,0.001761707532,0.234573839438,0.781831482468,0.623489801859,0.580454927809,0.814292377947
2024-02-06,0.009936804709,-0.108063168630,0.974927912182,-0.222520933956,0.594376156585,0.804187157621
2024-02-07,0.028228646210,0.229244120126,0.433883739118,-0.900968867902,0.608121499894,0.793843965378
2024-02-08,0.021945671282,0.213489849144,-0.433883739118,-0.900968867902,0.621686890267,0.783265861934
2024-02-09,0.039932995408,0.407628986350,-0.974927912182,-0.222520933956,0.635068313487,0.772455977519
2024-02-10,0.013149960695,-0.874450227320,-0.781831482468,0.623489801859,0.648261809776,0.761417510953
2024-02-11,0.010881064259,0.163725950010,0.000000000000,1.000000000000,0.661263474966,0.750153728696
2024-02-12,0.033881478532,0.580379788773,0.781831482468,0.623489801859,0.674069461655,0.738667963881
2024-02-13,-0.004328588760,0.030843756983,0.974927912182,-0.222520933956,0.686675980345,0.726963615332
2024-02-14,0.041046849510,0.094115449769,0.433883739118,-0.900968867902,0.699079300566,0.715044146554
2024-02-15,0.002156009229,-0.013937337384,-0.433883739118,-0.900968867902,0.711275751974,0.702913084708
2024-02-16,0.004258432610,-0.313695910206,-0.974927912182,-0.222520933956,0.723261725444,0.690574019572
2024-02-17,-0.009578029498,-0.342445916904,-0.781831482468,0.623489801859,0.735033674133,0.678030602474
2024-02-18,0.008855834281,-0.128550505810,0.000000000000,1.000000000000,0.746588114532,0.665286545211
2024-02-19,-0.006610163694,0.193986057482,0.781831482468,0.623489801859,0.757921627497,0.652345618957
2024-02-20,0.009719679337,0.445548185077,0.974927912182,-0.222520933956,0.769030859259,0.639211653138
2024-02-21,-0.008560904315,-0.152893243682,0.433883739118,-0.900968867902,0.779912522417,0.625888534308
2024-02-22,-0.010358547640,-0.118980921178,-0.433883739118,-0.900968867902,0.790563396912,0.612380204990
2024-02-23,-0.011231806116,-0.170640830590,-0.974927912182,-0.222520933956,0.800980330978,0.598690662518
2024-02-24,0.016405594130,-0.345066892560,-0.781831482468,0.623489801859,0.811160242079,0.584823957846
2024-02-25,0.003139013368,0.015638262029,0.000000000000,1.000000000000,0.821100117813,0.570784194357
2024-02-26,0.052511187657,0.793319886963,0.781831482468,0.623489801859,0.830797016812,0.556575526641
2024-02-27,0.045936216440,0.378601063094,0.974927912182,-0.222520933956,0.840248069608,0.542202159273
2024-02-28,0.090695292977,0.514570089808,0.433883739118,-0.900968867902,0.849450479481,0.527668345563
2024-02-29,-0.021122414270,-0.239719457514,-0.433883739118,-0.900968867902,0.858401523292,0.512978386299
2024-03-01,0.020095465788,-0.488470569557,-0.974927912182,-0.222520933956,0.867098552281,0.498136628478
2024-03-02,-0.006600547312,-0.520131774135,-0.781831482468,0.623489801859,0.875538992859,0.483147464015
2024-03-03,0.018172204659,0.094415106576,0.000000000000,1.000000000000,0.883720347362,0.468015328444
2024-03-04,0.078567080849,0.990216644330,0.781831482468,0.623489801859,0.891640194797,0.452744699607
2024-03-05,-0.068582981815,0.374786139414,0.974927912182,-0.222520933956,0.899296191553,0.437340096330
2024-03-06,0.035499700201,-0.402333891848,0.433883739118,-0.900968867902,0.906686072098,0.421806077083
2024-03-07,0.012308140053,-0.380554977528,-0.433883739118,-0.900968867902,0.913807649647,0.406147238631
2024-03-08,0.020331312237,0.231045118170,-0.974927912182,-0.222520933956,0.920658816810,0.390368214676
2024-03-09,0.002906296632,-1.007830217402,-0.781831482468,0.623489801859,0.927237546218,0.374473674487
2024-03-10,0.007575825657,0.501561787675,0.000000000000,1.000000000000,0.933541891118,0.358468321512
2024-03-11,0.043992298583,0.610650641557,0.781831482468,0.623489801859,0.939569985953,0.342356891995
2024-03-12,-0.008949836049,-0.049315290979,0.974927912182,-0.222520933956,0.945320046913,0.326144153564
2024-03-13,0.022166899064,-0.260418040501,0.433883739118,-0.900968867902,0.950790372463,0.309834903832
2024-03-14,-0.023352461458,0.211945972051,-0.433883739118,-0.900968867902,0.955979343844,0.293433968967
2024-03-15,-0.028308923292,0.273243733074,-0.974927912182,-0.222520933956,0.960885425557,0.276946202269
2024-03-16,-0.060717725206,-0.514024323369,-0.781831482468,0.623489801859,0.965507165814,0.260376482734
2024-03-17,0.046012240705,-0.046433762977,0.000000000000,1.000000000000,0.969843196967,0.243729713610
2024-03-18,-0.012388507554,0.096793748294,0.781831482468,0.623489801859,0.973892235915,0.227010820941
2024-03-19,-0.087120731857,0.409833212496,0.974927912182,-0.222520933956,0.977653084482,0.210224752119
2024-03-20,0.092510852969,-0.105384858353,0.433883739118,-0.900968867902,0.981124629772,0.193376474410
2024-03-21,-0.036318674226,-0.406545279394,-0.433883739118,-0.900968867902,0.984305844499,0.176470973492
2024-03-22,-0.026498446652,-0.071739671043,-0.974927912182,-0.222520933956,0.987195787291,0.159513251973
2024-03-23,0.004434288665,-0.514928336853,-0.781831482468,0.623489801859,0.989793602967,0.142508327916
2024-03-24,0.048327093151,0.095081194928,0.000000000000,1.000000000000,0.992098522792,0.125461233353
2024-03-25,0.039725047695,0.450741469397,0.781831482468,0.623489801859,0.994109864702,0.108377012792
2024-03-26,0.000414778607,-0.170393364418,0.974927912182,-0.222520933956,0.995827033510,0.091260721729
2024-03-27,-0.007637444543,0.125537579260,0.433883739118,-0.900968867902,0.997249521077,0.074117425151
2024-03-28,0.018397189972,-0.172019737742,-0.433883739118,-0.900968867902,0.998376906467,0.056952196034
2024-03-29,-0.012118158012,-0.309259142818,-0.974927912182,-0.222520933956,0.999208856068,0.039770113846
2024-03-30,-0.003547757049,-0.387222089325,-0.781831482468,0.623489801859,0.999745123693,0.022576263042
2024-03-31,0.023952858696,0.157430671245,0.000000000000,1.000000000000,0.999985550651,0.005375731558
2024-04-01,-0.023137002333,0.553451908841,0.781831482468,0.623489801859,0.999930065796,-0.011826390692
2024-04-02,-0.062990904370,0.374301259504,0.974927912182,-0.222520933956,0.999578685548,-0.029025013322
2024-04-03,0.008123743073,-0.385417302281,0.433883739118,-0.900968867902,0.998931513885,-0.046215046984
2024-04-04,0.037598862712,-0.001407011738,-0.433883739118,-0.900968867902,0.997988742316,-0.063391404870
2024-04-05,-0.009845630418,-0.020276985110,-0.974927912182,-0.222520933956,0.996750649821,-0.080549004219
2024-04-06,0.015482496363,-0.524807707721,-0.781831482468,0.623489801859,0.995217602774,-0.097682767822
2024-04-07,0.006747455364,0.060113453795,0.000000000000,1.000000000000,0.993390054826,-0.114787625522
2024-04-08,0.032185794097,0.563725095790,0.781831482468,0.623489801859,0.991268546779,-0.131858515717
2024-04-09,-0.035413761204,-0.022651291099,0.974927912182,-0.222520933956,0.988853706421,-0.148890386856
2024-04-10,0.020739301243,0.050627940358,0.433883739118,-0.900968867902,0.986146248342,-0.165878198935
2024-04-11,-0.007497782585,-0.239638343717,-0.433883739118,-0.900968867902,0.983146973722,-0.182816924985
2024-04-12,-0.041748970181,0.380826826899,-0.974927912182,-0.222520933956,0.979856770096,-0.199701552566
2024-04-13,-0.051522049715,0.180707170709,-0.781831482468,0.623489801859,0.976276611087,-0.216527085245
2024-04-14,0.029598501495,-0.074291481695,0.000000000000,1.000000000000,0.972407556122,-0.233288544075
2024-04-15,-0.035810999497,-0.118576122302,0.781831482468,0.623489801859,0.968250750117,-0.249980969073
2024-04-16,0.006061920177,-0.017315558597,0.974927912182,-0.222520933956,0.963807423137,-0.266599420679
2024-04-17,-0.040539585350,-0.021998303465,0.433883739118,-0.900968867902,0.959078890034,-0.283138981228
2024-04-18,0.035841202086,-0.151955525256,-0.433883739118,-0.900968867902,0.954066550058,-0.299594756397
2024-04-19,0.005195142877,0.326736118812,-0.974927912182,-0.222520933956,0.948771886440,-0.315961876658
2024-04-20,0.017865871887,-0.770706487084,-0.781831482468,0.623489801859,0.943196465957,-0.332235498716
2024-04-21,-0.001043662477,-0.118974785774,0.000000000000,1.000000000000,0.937341938464,-0.348410806945
2024-04-22,0.029008901759,0.321500866290,0.781831482468,0.623489801859,0.931210036412,-0.364483014810
2024-04-23,-0.006460398490,-0.151321920635,0.974927912182,-0.222520933956,0.924802574329,-0.380447366288
2024-04-24,-0.032606301316,0.219449039009,0.433883739118,-0.900968867902,0.918121448284,-0.396299137269
2024-04-25,0.003181282769,0.060215471287,-0.433883739118,-0.900968867902,0.911168635333,-0.412033636959
2024-04-26,-0.011328935219,-0.286748188980,-0.974927912182,-0.222520933956,0.903946192922,-0.427646209268
2024-04-27,-0.005286917956,-0.211852401515,-0.781831482468,0.623489801859,0.896456258291,-0.443132234183
2024-04-28,-0.004835296290,-0.119274181680,0.000000000000,1.000000000000,0.888701047829,-0.458487129140
2024-04-29,0.011467091788,0.429542726603,0.781831482468,0.623489801859,0.880682856430,-0.473706350380
2024-04-30,-0.051494629717,0.351128560980,0.974927912182,-0.222520933956,0.872404056805,-0.488785394289
2024-05-01,-0.040089923481,0.246932438387,0.433883739118,-0.900968867902,0.863867098784,-0.503719798736
2024-05-02,0.014814392550,-0.392585098980,-0.433883739118,-0.900968867902,0.855074508590,-0.518505144391
2024-05-03,0.061757206498,0.013970557813,-0.974927912182,-0.222520933956,0.846028888092,-0.533137056032
2024-05-04,0.015801344389,-0.475422182064,-0.781831482468,0.623489801859,0.836732914034,-0.547611203840
2024-05-05,0.002183511057,-0.119593194917,0.000000000000,1.000000000000,0.827189337246,-0.561923304683
2024-05-06,-0.013667364764,0.450133484919,0.781831482468,0.623489801859,0.817400981825,-0.576069123380
2024-05-07,-0.013181929996,-0.101396159578,0.974927912182,-0.222520933956,0.807370744302,-0.590044473955
2024-05-08,-0.018569986258,0.006053250301,0.433883739118,-0.900968867902,0.797101592787,-0.603845220877
2024-05-09,0.029977308604,-0.024635140187,-0.433883739118,-0.900968867902,0.786596566087,-0.617467280284
2024-05-10,-0.036456454635,0.088367331359,-0.974927912182,-0.222520933956,0.775858772807,-0.630906621188
2024-05-11,0.000015356867,-0.697487062686,-0.781831482468,0.623489801859,0.764891390434,-0.644159266672
2024-05-12,0.010711364153,-0.003025286670,0.000000000000,1.000000000000,0.753697664393,-0.657221295066
2024-05-13,0.023371494238,0.703536960400,0.781831482468,0.623489801859,0.742280907087,-0.670088841106
2024-05-14,-0.021674038112,0.010596191860,0.974927912182,-0.222520933956,0.730644496918,-0.682758097076
2024-05-15,0.073804297661,0.345412887825,0.433883739118,-0.900968867902,0.718791877288,-0.695225313941
2024-05-16,-0.015755724397,-0.231943126700,-0.433883739118,-0.900968867902,0.706726555578,-0.707486802450
2024-05-17,0.027522834905,-0.118983790370,-0.974927912182,-0.222520933956,0.694452102109,-0.719538934233
2024-05-18,-0.001657856805,-0.517177381526,-0.781831482468,0.623489801859,0.681972149090,-0.731378142868
2024-05-19,-0.009945159553,0.141320399306,0.000000000000,1.000000000000,0.669290389541,-0.743000924944
2024-05-20,0.075109088825,0.823325649674,0.781831482468,0.623489801859,0.656410576198,-0.754403841093
2024-05-21,-0.018528857182,0.067910200848,0.974927912182,-0.222520933956,0.643336520404,-0.765583517008
2024-05-22,-0.014565869510,-0.358193259715,0.433883739118,-0.900968867902,0.630072090984,-0.776536644443
2024-05-23,-0.017406596588,0.244676128880,-0.433883739118,-0.900968867902,0.616621213096,-0.787259982192
2024-05-24,0.008743394668,-0.361106223861,-0.974927912182,-0.222520933956,0.602987867069,-0.797750357046
2024-05-25,0.010738658385,-0.634975312428,-0.781831482468,0.623489801859,0.589176087232,-0.808004664735
2024-05-26,-0.010855523058,0.009990724621,0.000000000000,1.000000000000,0.575189960712,-0.818019870844
2024-05-27,0.012710548994,0.504030360772,0.781831482468,0.623489801859,0.561033626228,-0.827793011713
2024-05-28,-0.015953999046,0.234933471093,0.974927912182,-0.222520933956,0.546711272869,-0.837321195312
2024-05-29,-0.010570529094,-0.203127329367,0.433883739118,-0.900968867902,0.532227138847,-0.846601602098
2024-05-30,0.011577009906,0.099791014424,-0.433883739118,-0.900968867902,0.517585510253,-0.855631485849
2024-05-31,-0.012860492771,-0.074640637951,-0.974927912182,-0.222520933956,0.502790719779,-0.864408174478
2024-06-01,0.003188258105,-0.855502887231,-0.781831482468,0.623489801859,0.487847145442,-0.872929070821
2024-06-02,0.000659449961,0.385121555043,0.000000000000,1.000000000000,0.472759209286,-0.881191653407
2024-06-03,0.015425138658,0.638500615042,0.781831482468,0.623489801859,0.457531376074,-0.889193477207
2024-06-04,0.025300225249,0.022835470087,0.974927912182,-0.222520933956,0.442168151967,-0.896932174351
2024-06-05,0.007272217817,-0.010276704497,0.433883739118,-0.900968867902,0.426674083190,-0.904405454834
2024-06-06,-0.004591890272,-0.262994554907,-0.433883739118,-0.900968867902,0.411053754687,-0.911611107193
2024-06-07,-0.020194557080,0.360975799921,-0.974927912182,-0.222520933956,0.395311788765,-0.918546999159
2024-06-08,-0.000531019639,-0.931126413646,-0.781831482468,0.623489801859,0.379452843725,-0.925211078289
2024-06-09,0.004925659127,-0.052404545805,0.000000000000,1.000000000000,0.363481612483,-0.931601372577
2024-06-10,-0.001950427046,0.419972253152,0.781831482468,0.623489801859,0.347402821184,-0.937715991030
2024-06-11,-0.031867374918,0.588872420153,0.974927912182,-0.222520933956,0.331221227802,-0.943553124235
2024-06-12,0.013412234174,-0.073152184738,0.433883739118,-0.900968867902,0.314941620729,-0.949111044890
2024-06-13,-0.021998155421,-0.175149681111,-0.433883739118,-0.900968867902,0.298568817364,-0.954388108318
2024-06-14,-0.011227334405,-0.055065167509,-0.974927912182,-0.222520933956,0.282107662682,-0.959382752949
2024-06-15,0.002721687016,-0.663002925488,-0.781831482468,0.623489801859,0.265563027804,-0.964093500789
2024-06-16,0.006746193121,-0.061336833601,0.000000000000,1.000000000000,0.248939808554,-0.968518957851
2024-06-17,-0.002234669799,0.815064150585,0.781831482468,0.623489801859,0.232242924009,-0.972657814572
2024-06-18,-0.020505771883,0.274417611116,0.974927912182,-0.222520933956,0.215477315047,-0.976508846197
2024-06-19,-0.002773987515,-0.626391507506,0.433883739118,-0.900968867902,0.198647942880,-0.980070913143
2024-06-20,-0.002028534278,0.194761609980,-0.433883739118,-0.900968867902,0.181759787591,-0.983342961339
2024-06-21,-0.011362664076,0.021110959801,-0.974927912182,-0.222520933956,0.164817846657,-0.986324022532
2024-06-22,0.002436781820,-0.977004374689,-0.781831482468,0.623489801859,0.147827133471,-0.989013214578
2024-06-23,-0.016821441362,0.124970376762,0.000000000000,1.000000000000,0.130792675857,-0.991409741702
2024-06-24,-0.047042933993,1.351458013035,0.781831482468,0.623489801859,0.113719514586,-0.993512894734
2024-06-25,0.025020978590,-0.390521530839,0.974927912182,-0.222520933956,0.096612701881,-0.995322051316
2024-06-26,-0.016203198264,-0.260428256278,0.433883739118,-0.900968867902,0.079477299924,-0.996836676089
2024-06-27,0.012964547863,-0.058284607003,-0.433883739118,-0.900968867902,0.062318379354,-0.998056320853
2024-06-28,-0.021073812009,0.161491251015,-0.974927912182,-0.222520933956,0.045141017774,-0.998980624694
2024-06-29,0.009359920065,-0.679102014139,-0.781831482468,0.623489801859,0.027950298240,-0.999609314096
2024-06-30,0.028989272732,0.314738554853,0.000000000000,1.000000000000,0.010751307764,-0.999942203020
2024-07-01,0.002767262527,0.384812398793,0.781831482468,0.623489801859,-0.006450864198,-0.999979192959
2024-07-02,-0.013180176056,-0.234153127069,0.974927912182,-0.222520933956,-0.023651127245,-0.999720272966
2024-07-03,-0.030363202507,0.389769840415,0.433883739118,-0.900968867902,-0.040844391543,-0.999165519661
2024-07-04,-0.054579048954,0.324160057490,-0.433883739118,-0.900968867902,-0.058025569329,-0.998315097203
2024-07-05,-0.005549607841,0.297681792066,-0.974927912182,-0.222520933956,-0.075189576415,-0.997169257247
2024-07-06,0.028552385625,-0.989104273665,-0.781831482468,0.623489801859,-0.092331333695,-0.995728338865
2024-07-07,-0.043009217189,-0.002767542078,0.000000000000,1.000000000000,-0.109445768649,-0.993992768447
2024-07-08,0.015210533791,0.659991889659,0.781831482468,0.623489801859,-0.126527816839,-0.991963059577
2024-07-09,0.022737964112,-0.356200831241,0.974927912182,-0.222520933956,-0.143572423412,-0.989639812879
2024-07-10,-0.004608673370,-0.062000755627,0.433883739118,-0.900968867902,-0.160574544595,-0.987023715839
2024-07-11,-0.006909245978,0.092354286727,-0.433883739118,-0.900968867902,-0.177529149187,-0.984115542601
2024-07-12,0.009623984558,-0.114388958855,-0.974927912182,-0.222520933956,-0.194431220048,-0.980916153741
2024-07-13,0.022753003243,-0.404868230825,-0.781831482468,0.623489801859,-0.211275755582,-0.977426496010
2024-07-14,0.025927850263,0.263234703528,0.000000000000,1.000000000000,-0.228057771222,-0.973647602054
2024-07-15,0.064998620395,0.538924089336,0.781831482468,0.623489801859,-0.244772300897,-0.969580590108
2024-07-16,0.003493129783,0.088446470096,0.974927912182,-0.222520933956,-0.261414398511,-0.965226663666
2024-07-17,-0.015143242455,-0.246505853066,0.433883739118,-0.900968867902,-0.277979139399,-0.960587111125
2024-07-18,-0.002259714160,-0.177350237511,-0.433883739118,-0.900968867902,-0.294461621787,-0.955663305403
2024-07-19,0.041879420110,0.306361128099,-0.974927912182,-0.222520933956,-0.310856968244,-0.950456703535
2024-07-20,0.006774946348,-0.665027431124,-0.781831482468,0.623489801859,-0.327160327122,-0.944968846236
2024-07-21,0.014645375370,0.336876647394,0.000000000000,1.000000000000,-0.343366873996,-0.939201357453
2024-07-22,-0.008387766690,0.470135069608,0.781831482468,0.623489801859,-0.359471813088,-0.933155943878
2024-07-23,-0.024831503546,-0.180501535990,0.974927912182,-0.222520933956,-0.375470378688,-0.926834394446
2024-07-24,-0.008462196558,-0.259376054642,0.433883739118,-0.900968867902,-0.391357836561,-0.920238579805
2024-07-25,0.006177613680,0.332732540652,-0.433883739118,-0.900968867902,-0.407129485354,-0.913370451764
2024-07-26,0.031939992193,-0.228507501163,-0.974927912182,-0.222520933956,-0.422780657983,-0.906232042711
2024-07-27,-0.001454798896,0.129152546398,-0.781831482468,0.623489801859,-0.438306723013,-0.898825465016
2024-07-28,0.006504525640,-0.653739338088,0.000000000000,1.000000000000,-0.453703086031,-0.891152910406
2024-07-29,-0.021262245664,0.815441453757,0.781831482468,0.623489801859,-0.468965191008,-0.883216649313
2024-07-30,-0.009305346231,-0.262022074851,0.974927912182,-0.222520933956,-0.484088521639,-0.875019030203
2024-07-31,-0.024183450577,-0.002798837875,0.433883739118,-0.900968867902,-0.499068602689,-0.866562478885
2024-08-01,0.011359846111,0.269588065469,-0.433883739118,-0.900968867902,-0.513901001309,-0.857849497787
2024-08-02,-0.062217013865,0.049639172061,-0.974927912182,-0.222520933956,-0.528581328356,-0.848882665221
2024-08-03,-0.012039486792,-0.304626656682,-0.781831482468,0.623489801859,-0.543105239683,-0.839664634618
2024-08-04,-0.043157882724,0.000185370791,0.000000000000,1.000000000000,-0.557468437433,-0.830198133741
2024-08-05,-0.073631985821,1.233092552032,0.781831482468,0.623489801859,-0.571666671303,-0.820485963879
2024-08-06,0.037138465099,-0.793332194646,0.974927912182,-0.222520933956,-0.585695739807,-0.810530999019
2024-08-07,-0.018131945621,-0.168931203587,0.433883739118,-0.900968867902,-0.599551491520,-0.800336184998
2024-08-08,0.114615857433,0.084270616747,-0.433883739118,-0.900968867902,-0.613229826300,-0.789904538622
2024-08-09,-0.013541633553,-0.303952642951,-0.974927912182,-0.222520933956,-0.626726696508,-0.779239146786
2024-08-10,0.001078575430,-0.752745592865,-0.781831482468,0.623489801859,-0.640038108204,-0.768343165549
2024-08-11,-0.037213546523,0.368418758526,0.000000000000,1.000000000000,-0.653160122327,-0.757219819208
2024-08-12,0.010756599641,0.488047167319,0.781831482468,0.623489801859,-0.666088855861,-0.745872399340
2024-08-13,0.020924539277,-0.200979577895,0.974927912182,-0.222520933956,-0.678820482986,-0.734304263830
2024-08-14,-0.031378301392,-0.012141654010,0.433883739118,-0.900968867902,-0.691351236209,-0.722518835873
2024-08-15,-0.020244862097,0.174729739245,-0.433883739118,-0.900968867902,-0.703677407479,-0.710519602969
2024-08-16,0.022911430101,-0.195324983303,-0.974927912182,-0.222520933956,-0.715795349283,-0.698310115884
2024-08-17,0.009881840637,-0.770013550721,-0.781831482468,0.623489801859,-0.727701475726,-0.685893987600
2024-08-18,-0.016870237926,0.266546277493,0.000000000000,1.000000000000,-0.739392263596,-0.673274892250
2024-08-19,0.017113663556,0.378818350723,0.781831482468,0.623489801859,-0.750864253399,-0.660456564028
2024-08-20,-0.008112024605,0.198905476290,0.974927912182,-0.222520933956,-0.762114050389,-0.647442796083
2024-08-21,0.035987487775,0.034746266668,0.433883739118,-0.900968867902,-0.773138325571,-0.634237439398
2024-08-22,-0.013052114106,-0.169579604991,-0.433883739118,-0.900968867902,-0.783933816683,-0.620844401651
2024-08-23,0.059666677790,0.431473939415,-0.974927912182,-0.222520933956,-0.794497329167,-0.607267646057
2024-08-24,0.001319630813,-0.685402567773,-0.781831482468,0.623489801859,-0.804825737108,-0.593511190196
2024-08-25,0.002405226161,-0.129490798644,0.000000000000,1.000000000000,-0.814915984166,-0.579579104826
2024-08-26,-0.022842512079,0.385455533985,0.781831482468,0.623489801859,-0.824765084473,-0.565475512674
2024-08-27,-0.055192877561,0.345437900753,0.974927912182,-0.222520933956,-0.834370123523,-0.551204587220
2024-08-28,-0.008040214509,0.029870743911,0.433883739118,-0.900968867902,-0.843728259029,-0.536770551461
2024-08-29,0.006089656743,-0.223350238352,-0.433883739118,-0.900968867902,-0.852836721769,-0.522177676660
2024-08-30,-0.004534788620,0.002100688604,-0.974927912182,-0.222520933956,-0.861692816403,-0.507430281083
2024-08-31,-0.002533305050,-0.956866611676,-0.781831482468,0.623489801859,-0.870293922269,-0.492532728722
2024-09-01,-0.028281771258,0.684463151654,0.000000000000,1.000000000000,-0.878637494161,-0.477489428003
2024-09-02,0.030696731083,0.094746637759,0.781831482468,0.623489801859,-0.886721063083,-0.462304830480
2024-09-03,-0.028857442237,-0.013760737470,0.974927912182,-0.222520933956,-0.894542236976,-0.446983429520
2024-09-04,0.009367548967,0.289697487145,0.433883739118,-0.900968867902,-0.902098701430,-0.431529758971
2024-09-05,-0.031738730145,-0.138159349497,-0.433883739118,-0.900968867902,-0.909388220365,-0.415948391825
2024-09-06,-0.040178859906,0.464211166405,-0.974927912182,-0.222520933956,-0.916408636694,-0.400243938857
2024-09-07,0.003532917856,-0.951504802366,-0.781831482468,0.623489801859,-0.923157872965,-0.384421047269
2024-09-08,0.012880905396,-0.042503252305,0.000000000000,1.000000000000,-0.929633931968,-0.368484399308
2024-09-09,0.038945513665,0.639209921298,0.781831482468,0.623489801859,-0.935834897335,-0.352438710885
2024-09-10,0.010973955159,-0.182002109155,0.974927912182,-0.222520933956,-0.941758934099,-0.336288730177
2024-09-11,-0.005314110423,0.249868605453,0.433883739118,-0.900968867902,-0.947404289244,-0.320039236223
2024-09-12,0.013576697629,-0.090726359383,-0.433883739118,-0.900968867902,-0.952769292217,-0.303695037511
2024-09-13,0.041190722907,-0.040568081374,-0.974927912182,-0.222520933956,-0.957852355428,-0.287260970551
2024-09-14,-0.009391286289,-0.681936732617,-0.781831482468,0.623489801859,-0.962651974716,-0.270741898448
2024-09-15,-0.013798343779,0.098057448170,0.000000000000,1.000000000000,-0.967166729798,-0.254142709461
2024-09-16,-0.016874951656,0.569691740956,0.781831482468,0.623489801859,-0.971395284684,-0.237468315558
2024-09-17,0.035717088661,0.172811804047,0.974927912182,-0.222520933956,-0.975336388077,-0.220723650961
2024-09-18,0.021994330568,0.073772410011,0.433883739118,-0.900968867902,-0.978988873741,-0.203913670683
2024-09-19,0.020721119054,0.041093716274,-0.433883739118,-0.900968867902,-0.982351660847,-0.187043349070
2024-09-20,0.004004011647,-0.194041870119,-0.974927912182,-0.222520933956,-0.985423754292,-0.170117678320
2024-09-21,0.003189303016,-0.892570752091,-0.781831482468,0.623489801859,-0.988204244994,-0.153141667013
2024-09-22,0.003996604788,0.337031571465,0.000000000000,1.000000000000,-0.990692310162,-0.136120338623
2024-09-23,-0.005023067643,0.441959035085,0.781831482468,0.623489801859,-0.992887213536,-0.119058730034
2024-09-24,0.015234244172,-0.047677208500,0.974927912182,-0.222520933956,-0.994788305609,-0.101961890052
2024-09-25,-0.018185964559,-0.177133745668,0.433883739118,-0.900968867902,-0.996395023819,-0.084834877906
2024-09-26,0.031764030656,0.385477068683,-0.433883739118,-0.900968867902,-0.997706892710,-0.067682761755
2024-09-27,0.009309629649,-0.139910961184,-0.974927912182,-0.222520933956,-0.998723524080,-0.050510617185
2024-09-28,0.001473050356,-0.743409901506,-0.781831482468,0.623489801859,-0.999444617092,-0.033323525712
2024-09-29,-0.003837262678,-0.030331683585,0.000000000000,1.000000000000,-0.999869958362,-0.016126573271
2024-09-30,-0.035762477050,0.920135615638,0.781831482468,0.623489801859,-0.999999422025,0.001075151283
2024-10-01,-0.040152970417,0.302465575918,0.974927912182,-0.222520933956,-0.999832969770,0.018276557682
2024-10-02,-0.003362528966,-0.208663745597,0.433883739118,-0.900968867902,-0.999370650854,0.035472555753
2024-10-03,0.002086085374,-0.121296552665,-0.433883739118,-0.900968867902,-0.998612602084,0.052658056925
2024-10-04,0.021300283559,-0.199187997001,-0.974927912182,-0.222520933956,-0.997559047779,0.069827975730
2024-10-05,0.000362002617,-0.799112671600,-0.781831482468,0.623489801859,-0.996210299702,0.086977231314
2024-10-06,0.011672701784,0.104849280989,0.000000000000,1.000000000000,-0.994566756971,0.104100748935
2024-10-07,-0.009312611593,0.840770520344,0.781831482468,0.623489801859,-0.992628905935,0.121193461471
2024-10-08,-0.001683566538,-0.196794878843,0.974927912182,-0.222520933956,-0.990397320035,0.138250310911
2024-10-09,-0.025261155468,-0.016611402271,0.433883739118,-0.900968867902,-0.987872659635,0.155266249860
2024-10-10,-0.005090366976,0.095794093568,-0.433883739118,-0.900968867902,-0.985055671822,0.172236243028
2024-10-11,0.035378479360,-0.004135315821,-0.974927912182,-0.222520933956,-0.981947190187,0.189155268720
2024-10-12,0.011906298332,-0.593996466158,-0.781831482468,0.623489801859,-0.978548134580,0.206018320325
2024-10-13,-0.005421094129,0.082139591320,0.000000000000,1.000000000000,-0.974859510837,0.222820407795
2024-10-14,0.049580549288,0.877321113766,0.781831482468,0.623489801859,-0.970882410481,0.239556559121
2024-10-15,0.014952642422,0.111530973897,0.974927912182,-0.222520933956,-0.966618010400,0.256221821807
2024-10-16,0.008490108547,-0.246328707317,0.433883739118,-0.900968867902,-0.962067572498,0.272811264334
2024-10-17,-0.003153528787,-0.152558586786,-0.433883739118,-0.900968867902,-0.957232443323,0.289319977619
2024-10-18,0.015004897050,0.116899044554,-0.974927912182,-0.222520933956,-0.952114053668,0.305743076467
2024-10-19,-0.000819623722,-0.936805695453,-0.781831482468,0.623489801859,-0.946713918146,0.322075701021
2024-10-20,0.009303330182,0.272922645722,0.000000000000,1.000000000000,-0.941033634745,0.338313018192
2024-10-21,-0.023963262921,0.681136925801,0.781831482468,0.623489801859,-0.935074884352,0.354450223099
2024-10-22,-0.000095677993,-0.164571225894,0.974927912182,-0.222520933956,-0.928839430256,0.370482540482
2024-10-23,-0.013890438214,0.014218761433,0.433883739118,-0.900968867902,-0.922329117629,0.386405226121
2024-10-24,0.025691547967,-0.026684150203,-0.433883739118,-0.900968867902,-0.915545872978,0.402213568237
2024-10-25,-0.022532133473,0.277702597386,-0.974927912182,-0.222520933956,-0.908491703573,0.417902888887
2024-10-26,0.005570705733,-0.750047750934,-0.781831482468,0.623489801859,-0.901168696856,0.433468545349
2024-10-27,0.013555484058,-0.158238317880,0.000000000000,1.000000000000,-0.893579019824,0.448905931494
2024-10-28,0.028709215103,0.841732725215,0.781831482468,0.623489801859,-0.885724918384,0.464210479152
2024-10-29,0.039446590578,0.411325747694,0.974927912182,-0.222520933956,-0.877608716690,0.479377659461
2024-10-30,-0.005252363418,-0.364826177521,0.433883739118,-0.900968867902,-0.869232816457,0.494402984208
2024-10-31,-0.029806220897,-0.000460802437,-0.433883739118,-0.900968867902,-0.860599696250,0.509282007157
2024-11-01,-0.010490161237,0.207363571942,-0.974927912182,-0.222520933956,-0.851711910747,0.524010325368
2024-11-02,-0.002784362786,-1.011243144914,-0.781831482468,0.623489801859,-0.842572089987,0.538583580492
2024-11-03,-0.007942586110,0.651002579554,0.000000000000,1.000000000000,-0.833182938589,0.552997460070
2024-11-04,-0.013615611362,0.166491399495,0.781831482468,0.623489801859,-0.823547234956,0.567247698803
2024-11-05,0.022572112491,0.111590481814,0.974927912182,-0.222520933956,-0.813667830446,0.581330079815
2024-11-06,0.086669031268,0.946034337182,0.433883739118,-0.900968867902,-0.803547648534,0.595240435904
2024-11-07,0.003507649687,-0.625164139161,-0.433883739118,-0.900968867902,-0.793189683945,0.608974650772
2024-11-08,0.008404323339,-0.139986779570,-0.974927912182,-0.222520933956,-0.782597001768,0.622528660243
2024-11-09,0.003044406381,-0.642920940722,-0.781831482468,0.623489801859,-0.771772736547,0.635898453468
2024-11-10,0.047007045372,1.046030932709,0.000000000000,1.000000000000,-0.760720091356,0.649080074110
2024-11-11,0.097340143125,0.356749992424,0.781831482468,0.623489801859,-0.749442336852,0.662069621515
2024-11-12,-0.008442066269,0.124995043210,0.974927912182,-0.222520933956,-0.737942810303,0.674863251868
2024-11-13,0.029444850488,-0.078679653597,0.433883739118,-0.900968867902,-0.726224914604,0.687457179327
2024-11-14,-0.037496922319,-0.343747321393,-0.433883739118,-0.900968867902,-0.714292117269,0.699847677146
2024-11-15,0.042802118291,-0.113150910673,-0.974927912182,-0.222520933956,-0.702147949405,0.712031078779
2024-11-16,-0.005588812244,-0.568087098316,-0.781831482468,0.623489801859,-0.689796004666,0.724003778959
2024-11-17,-0.007900350440,0.044491059066,0.000000000000,1.000000000000,-0.677239938191,0.735762234774
2024-11-18,0.007725465406,0.488381657184,0.781831482468,0.623489801859,-0.664483465523,0.747302966705
2024-11-19,0.019697543184,-0.013524773267,0.974927912182,-0.222520933956,-0.651530361507,0.758622559666
2024-11-20,0.021381444998,-0.038159209186,0.433883739118,-0.900968867902,-0.638384459175,0.769717664007
2024-11-21,0.043204637382,0.390747848379,-0.433883739118,-0.900968867902,-0.625049648610,0.780584996507
2024-11-22,0.004991722095,-0.300908237474,-0.974927912182,-0.222520933956,-0.611529875799,0.791221341348
2024-11-23,-0.012404002530,-0.569192764519,-0.781831482468,0.623489801859,-0.597829141459,0.801623551065
2024-11-24,0.002416240326,0.152121011578,0.000000000000,1.000000000000,-0.583951499858,0.811788547476
2024-11-25,-0.051409637293,0.447640520780,0.781831482468,0.623489801859,-0.569901057613,0.821713322596
2024-11-26,-0.012069852534,0.124717327889,0.974927912182,-0.222520933956,-0.555681972476,0.831394939523
2024-11-27,0.042328813305,-0.253490385793,0.433883739118,-0.900968867902,-0.541298452104,0.840830533312
2024-11-28,-0.003236310003,-0.308326306412,-0.433883739118,-0.900968867902,-0.526754752811,0.850017311819
2024-11-29,0.018736162907,0.050532195362,-0.974927912182,-0.222520933956,-0.512055178311,0.858952556527
2024-11-30,-0.010442730465,-0.552523918802,-0.781831482468,0.623489801859,-0.497204078447,0.867633623355
2024-12-01,0.008576311620,0.145554286482,0.000000000000,1.000000000000,-0.482205847896,0.876057943434
2024-12-02,-0.014647119798,0.686283053463,0.781831482468,0.623489801859,-0.467064924877,0.884223023874
2024-12-03,0.001426603469,-0.080372823222,0.974927912182,-0.222520933956,-0.451785789833,0.892126448495
2024-12-04,0.028408310872,0.140692876556,0.433883739118,-0.900968867902,-0.436372964105,0.899765878548
2024-12-05,-0.022266865312,0.659017572789,-0.433883739118,-0.900968867902,-0.420831008596,0.907139053401
2024-12-06,0.033864801768,-0.456446929351,-0.974927912182,-0.222520933956,-0.405164522421,0.914243791213
2024-12-07,0.000026270485,-0.760751875076,-0.781831482468,0.623489801859,-0.389378141545,0.921077989579
2024-12-08,0.013051327820,-0.001172300463,0.000000000000,1.000000000000,-0.373476537413,0.927639626149
2024-12-09,-0.038292503466,0.919567740057,0.781831482468,0.623489801859,-0.357464415565,0.933926759229
2024-12-10,-0.007802793554,-0.054330635380,0.974927912182,-0.222520933956,-0.341346514245,0.939937528356
2024-12-11,0.045472949571,-0.205035151084,0.433883739118,-0.900968867902,-0.325127603000,0.945670154847
2024-12-12,-0.011232138150,-0.169552368985,-0.433883739118,-0.900968867902,-0.308812481266,0.951122942324
2024-12-13,0.014057223472,-0.236490042951,-0.974927912182,-0.222520933956,-0.292405976951,0.956294277220
2024-12-14,-0.000850841793,-0.341804939663,-0.781831482468,0.623489801859,-0.275912945003,0.961182629254
2024-12-15,0.028452377697,0.235284451290,0.000000000000,1.000000000000,-0.259338265975,0.965786551884
2024-12-16,0.016460567443,0.576401243758,0.781831482468,0.623489801859,-0.242686844583,0.970104682736
2024-12-17,0.001045224633,-0.282946361316,0.974927912182,-0.222520933956,-0.225963608248,0.974135744005
2024-12-18,-0.059179154654,0.313727078355,0.433883739118,-0.900968867902,-0.209173505646,0.977878542834
2024-12-19,-0.025825905125,0.035128980758,-0.433883739118,-0.900968867902,-0.192321505239,0.981331971670
2024-12-20,0.002714273553,0.082987527990,-0.974927912182,-0.222520933956,-0.175412593804,0.984495008588
2024-12-21,-0.005448791172,-0.713260375619,-0.781831482468,0.623489801859,-0.158451774961,0.987366717594
2024-12-22,-0.022044180382,-0.182085069663,0.000000000000,1.000000000000,-0.141444067688,0.989946248902
2024-12-23,-0.004412175449,0.413421860906,0.781831482468,0.623489801859,-0.124394504840,0.992232839189
2024-12-24,0.041273994068,-0.325467055949,0.974927912182,-0.222520933956,-0.107308131656,0.994225811816
2024-12-25,0.006294761563,-0.335080891047,0.433883739118,-0.900968867902,-0.090190004270,0.995924577029
2024-12-26,-0.035921593297,0.333807176471,-0.433883739118,-0.900968867902,-0.073045188211,0.997328632136
2024-12-27,-0.017168804865,0.107970225780,-0.974927912182,-0.222520933956,-0.055878756905,0.998437561657
2024-12-28,0.010553910907,-0.776766601292,-0.781831482468,0.623489801859,-0.038695790177,0.999251037439
2024-12-29,-0.017316317369,0.206465618835,0.000000000000,1.000000000000,-0.021501372741,0.999768818763
2024-12-30,-0.009528989192,0.639717309502,0.781831482468,0.623489801859,-0.004300592703,0.999990752408
2024-12-31,0.008448290053,-0.253070447011,0.974927912182,-0.222520933956,0.012901459949,0.999916772702
2025-01-01,0.010546386457,-0.576148248787,0.433883739118,-0.900968867902,0.017201575418,0.999852041956
2025-01-02,0.025793710694,0.629364715998,-0.433883739118,-0.900968867902,0.034398060614,0.999408211606
2025-01-03,0.012519038753,-0.256183733683,-0.974927912182,-0.222520933956,0.051584366869,0.998668640288
2025-01-04,0.001311953703,-0.466170031559,-0.781831482468,0.623489801859,0.068755408481,0.997633546852
2025-01-05,0.000801159028,-0.084839460977,0.000000000000,1.000000000000,0.085906104261,0.996303237599
2025-01-06,0.037561856517,0.926186345162,0.781831482468,0.623489801859,0.103031379043,0.994678106189
2025-01-07,-0.051824282979,0.124354326607,0.974927912182,-0.222520933956,0.120126165182,0.992758633525
2025-01-08,-0.019578857697,0.084744756841,0.433883739118,-0.900968867902,0.137185404057,0.990545387609
2025-01-09,-0.027298849179,-0.017348566294,-0.433883739118,-0.900968867902,0.154204047563,0.988039023377
2025-01-10,0.023693265629,-0.011512323401,-0.974927912182,-0.222520933956,0.171177059610,0.985240282501
2025-01-11,-0.001425062498,-1.190989926226,-0.781831482468,0.623489801859,0.188099417612,0.982149993175
2025-01-12,-0.000826809569,0.101946785400,0.000000000000,1.000000000000,0.204966113969,0.978769069865
2025-01-13,0.000297197889,1.251134235846,0.781831482468,0.623489801859,0.221772157556,0.975098513040
2025-01-14,0.021121093072,-0.305462042819,0.974927912182,-0.222520933956,0.238512575194,0.971139408877
2025-01-15,0.040306661406,0.072381593568,0.433883739118,-0.900968867902,0.255182413123,0.966892928939
2025-01-16,-0.007466135921,-0.066187167939,-0.433883739118,-0.900968867902,0.271776738471,0.962360329828
2025-01-17,0.046087453887,0.284218795104,-0.974927912182,-0.222520933956,0.288290640710,0.957542952812
2025-01-18,-0.000516768544,-0.354226249879,-0.781831482468,0.623489801859,0.304719233109,0.952442223431
2025-01-19,-0.032299629277,0.420176859944,0.000000000000,1.000000000000,0.321057654185,0.947059651072
2025-01-20,0.009128828075,0.497425624015,0.781831482468,0.623489801859,0.337301069136,0.941396828526
2025-01-21,0.039681834259,-0.352857358330,0.974927912182,-0.222520933956,0.353444671274,0.935455431513
2025-01-22,-0.023768546993,-0.498916166506,0.433883739118,-0.900968867902,0.369483683447,0.929237218188
2025-01-23,0.002958402684,0.658669758811,-0.433883739118,-0.900968867902,0.385413359454,0.922744028620
2025-01-24,0.008231811163,-0.686713416794,-0.974927912182,-0.222520933956,0.401228985448,0.915977784248
2025-01-25,-0.001000657457,-0.785263978207,-0.781831482468,0.623489801859,0.416925881329,0.908940487314
2025-01-26,-0.019597313564,-0.057975798135,0.000000000000,1.000000000000,0.432499402134,0.901634220265
2025-01-27,-0.005809577851,1.373268461564,0.781831482468,0.623489801859,0.447944939408,0.894061145145
2025-01-28,-0.007425167615,-0.634726015757,0.974927912182,-0.222520933956,0.463257922567,0.886223502949
2025-01-29,0.023126120747,0.005313553500,0.433883739118,-0.900968867902,0.478433820255,0.878123612959
2025-01-30,0.009903181108,-0.123636636135,-0.433883739118,-0.900968867902,0.493468141677,0.869763872065
2025-01-31,-0.022500491172,0.087153464866,-0.974927912182,-0.222520933956,0.508356437938,0.861146754048
2025-02-01,-0.017227936972,-0.499292885379,-0.781831482468,0.623489801859,0.523094303349,0.852274808852
2025-02-02,-0.029919108207,0.821068975700,0.000000000000,1.000000000000,0.537677376741,0.843150661828
2025-02-03,0.037337836665,0.603821057717,0.781831482468,0.623489801859,0.552101342746,0.833777012959
2025-02-04,-0.035467893341,-0.457923511789,0.974927912182,-0.222520933956,0.566361933081,0.824156636057
2025-02-05,-0.012920048754,-0.396102002236,0.433883739118,-0.900968867902,0.580454927809,0.814292377947
2025-02-06,-0.000229269518,-0.081025020084,-0.433883739118,-0.900968867902,0.594376156585,0.804187157621
2025-02-07,-0.000664976674,0.207359573761,-0.974927912182,-0.222520933956,0.608121499894,0.793843965378
2025-02-08,-0.000483212699,-0.909540747838,-0.781831482468,0.623489801859,0.621686890267,0.783265861934
2025-02-09,0.000182820937,0.211439073666,0.000000000000,1.000000000000,0.635068313487,0.772455977519
2025-02-10,0.009667728228,0.368232069040,0.781831482468,0.623489801859,0.648261809776,0.761417510953
2025-02-11,-0.017497924369,-0.066809792505,0.974927912182,-0.222520933956,0.661263474966,0.750153728696
2025-02-12,0.022088315919,0.274702365361,0.433883739118,-0.900968867902,0.674069461655,0.738667963881
2025-02-13,-0.012976316590,-0.283853565902,-0.433883739118,-0.900968867902,0.686675980345,0.726963615332
2025-02-14,0.009118577917,-0.127577050095,-0.974927912182,-0.222520933956,0.699079300566,0.715044146554
2025-02-15,0.000731796242,-0.651323668959,-0.781831482468,0.623489801859,0.711275751974,0.702913084708
2025-02-16,-0.014506383627,-0.030404352616,0.000000000000,1.000000000000,0.723261725444,0.690574019572
2025-02-17,-0.004184968401,0.502639156574,0.781831482468,0.623489801859,0.735033674133,0.678030602474
2025-02-18,-0.002444539993,0.311457986323,0.974927912182,-0.222520933956,0.746588114532,0.665286545211
2025-02-19,0.011407035190,-0.252701594613,0.433883739118,-0.900968867902,0.757921627497,0.652345618957
2025-02-20,0.017421911358,0.088326374808,-0.433883739118,-0.900968867902,0.769030859259,0.639211653138
2025-02-21,-0.022714094704,0.448858925622,-0.974927912182,-0.222520933956,0.779912522417,0.625888534308
2025-02-22,0.004693347302,-0.994328380812,-0.781831482468,0.623489801859,0.790563396912,0.612380204990
2025-02-23,-0.003150983070,-0.076655276029,0.000000000000,1.000000000000,0.800980330978,0.598690662518
2025-02-24,-0.051753205536,0.952062756853,0.781831482468,0.623489801859,0.811160242079,0.584823957846
2025-02-25,-0.029776669355,0.738053984500,0.974927912182,-0.222520933956,0.821100117813,0.570784194357
2025-02-26,-0.050728086221,-0.355123847933,0.433883739118,-0.900968867902,0.830797016812,0.556575526641
2025-02-27,0.004225980661,-0.204327183228,-0.433883739118,-0.900968867902,0.840248069608,0.542202159273
2025-02-28,-0.003917962994,0.462321549039,-0.974927912182,-0.222520933956,0.849450479481,0.527668345563
2025-03-01,0.019470783362,-1.052322241954,-0.781831482468,0.623489801859,0.858401523292,0.512978386299
2025-03-02,0.091215014957,0.693439771037,0.000000000000,1.000000000000,0.867098552281,0.498136628478
2025-03-03,-0.090822704829,0.182239062826,0.781831482468,0.623489801859,0.875538992859,0.483147464015
2025-03-04,0.013348200634,-0.028619211152,0.974927912182,-0.222520933956,0.883720347362,0.468015328444
2025-03-05,0.038255419053,-0.298954038132,0.433883739118,-0.900968867902,0.891640194797,0.452744699607
2025-03-06,-0.007329931515,-0.055978198971,-0.433883739118,-0.900968867902,0.899296191553,0.437340096330
2025-03-07,-0.036438378269,0.322856239274,-0.974927912182,-0.222520933956,0.906686072098,0.421806077083
2025-03-08,-0.006802656950,-1.287073641388,-0.781831482468,0.623489801859,0.913807649647,0.406147238631
2025-03-09,-0.066631743222,0.528977321973,0.000000000000,1.000000000000,0.920658816810,0.390368214676
2025-03-10,-0.026005355987,0.559379859811,0.781831482468,0.623489801859,0.927237546218,0.374473674487
2025-03-11,0.053672934065,0.011800698671,0.974927912182,-0.222520933956,0.933541891118,0.358468321512
2025-03-12,0.010326959816,-0.304237829651,0.433883739118,-0.900968867902,0.939569985953,0.342356891995
2025-03-13,-0.032233767761,-0.250457831913,-0.433883739118,-0.900968867902,0.945320046913,0.326144153564
2025-03-14,0.035176581476,-0.059847241774,-0.974927912182,-0.222520933956,0.950790372463,0.309834903832
2025-03-15,0.004444222151,-0.773597161017,-0.781831482468,0.623489801859,0.955979343844,0.293433968967
2025-03-16,-0.021129378542,0.446351686790,0.000000000000,1.000000000000,0.960885425557,0.276946202269
2025-03-17,0.017953698574,0.162453178059,0.781831482468,0.623489801859,0.965507165814,0.260376482734
2025-03-18,-0.016274157682,-0.040543879778,0.974927912182,-0.222520933956,0.969843196967,0.243729713610
2025-03-19,0.048787879453,0.371365679738,0.433883739118,-0.900968867902,0.973892235915,0.227010820941
2025-03-20,-0.031425915618,-0.185107226776,-0.433883739118,-0.900968867902,0.977653084482,0.210224752119
2025-03-21,-0.001473786636,-0.422254501318,-0.974927912182,-0.222520933956,0.981124629772,0.193376474410
2025-03-22,-0.002510880251,-0.657228360444,-0.781831482468,0.623489801859,0.984305844499,0.176470973492
2025-03-23,0.026158789818,0.244457296052,0.000000000000,1.000000000000,0.987195787291,0.159513251973
2025-03-24,0.016647018674,1.010081423703,0.781831482468,0.623489801859,0.989793602967,0.142508327916
2025-03-25,-0.000311034369,-0.141958777021,0.974927912182,-0.222520933956,0.992098522792,0.125461233353
2025-03-26,-0.006547157037,-0.116576940083,0.433883739118,-0.900968867902,0.994109864702,0.108377012792
2025-03-27,0.003173508503,-0.089679982264,-0.433883739118,-0.900968867902,0.995827033510,0.091260721729
2025-03-28,-0.032929565500,0.337050169347,-0.974927912182,-0.222520933956,0.997249521077,0.074117425151
2025-03-29,-0.021031680008,-0.700773783644,-0.781831482468,0.623489801859,0.998376906467,0.056952196034
2025-03-30,-0.003189951600,-0.139235901187,0.000000000000,1.000000000000,0.999208856068,0.039770113846
2025-03-31,0.002600512812,0.675266027795,0.781831482468,0.623489801859,0.999745123693,0.022576263042
2025-04-01,0.031248520532,-0.028983479899,0.974927912182,-0.222520933956,0.999985550651,0.005375731558
2025-04-02,-0.032014458323,0.524046803182,0.433883739118,-0.900968867902,0.999930065796,-0.011826390692
2025-04-03,0.007453656492,-0.255592011673,-0.433883739118,-0.900968867902,0.999578685548,-0.029025013322
2025-04-04,0.008876865807,0.203246551262,-0.974927912182,-0.222520933956,0.998931513885,-0.046215046984
2025-04-05,-0.004051522069,-1.144265247758,-0.781831482468,0.623489801859,0.997988742316,-0.063391404870
2025-04-06,-0.065449225225,0.925781724762,0.000000000000,1.000000000000,0.996750649821,-0.080549004219
2025-04-07,0.012967507561,0.922063186555,0.781831482468,0.623489801859,0.995217602774,-0.097682767822
2025-04-08,-0.038117076262,-0.636005546484,0.974927912182,-0.222520933956,0.993390054826,-0.114787625522
2025-04-09,0.079389009442,0.555623148511,0.433883739118,-0.900968867902,0.991268546779,-0.131858515717
2025-04-10,-0.036351854577,-0.632980630166,-0.433883739118,-0.900968867902,0.988853706421,-0.148890386856
2025-04-11,0.046363853795,-0.070912008113,-0.974927912182,-0.222520933956,0.986146248342,-0.165878198935
2025-04-12,0.022317029489,-0.540715214792,-0.781831482468,0.623489801859,0.983146973722,-0.182816924985
2025-04-13,-0.018963852137,0.171521791442,0.000000000000,1.000000000000,0.979856770096,-0.199701552566
2025-04-14,0.010193602875,0.168755978810,0.781831482468,0.623489801859,0.976276611087,-0.216527085245
2025-04-15,-0.010384627626,-0.195383089359,0.974927912182,-0.222520933956,0.972407556122,-0.233288544075
2025-04-16,0.004351453244,0.054732093519,0.433883739118,-0.900968867902,0.968250750117,-0.249980969073
2025-04-17,0.010204134780,-0.330755290210,-0.433883739118,-0.900968867902,0.963807423137,-0.266599420679
2025-04-18,-0.005254861396,-0.513786834416,-0.974927912182,-0.222520933956,0.959078890034,-0.283138981228
2025-04-19,0.007227854354,0.181355635107,-0.781831482468,0.623489801859,0.954066550058,-0.299594756397
2025-04-20,0.001302774044,-0.039790205609,0.000000000000,1.000000000000,0.948771886440,-0.315961876658
2025-04-21,0.027155041279,1.037789876541,0.781831482468,0.623489801859,0.943196465957,-0.332235498716
2025-04-22,0.065484910995,0.300358326661,0.974927912182,-0.222520933956,0.937341938464,-0.348410806945
2025-04-23,0.002748931682,-0.292576883850,0.433883739118,-0.900968867902,0.931210036412,-0.364483014810
2025-04-24,0.002608013738,-0.281517008848,-0.433883739118,-0.900968867902,0.924802574329,-0.380447366288
2025-04-25,0.008233751970,0.262049136988,-0.974927912182,-0.222520933956,0.918121448284,-0.396299137269
2025-04-26,-0.000777011298,-0.842875086278,-0.781831482468,0.623489801859,0.911168635333,-0.412033636959
2025-04-27,-0.009470108357,0.026752292042,0.000000000000,1.000000000000,0.903946192922,-0.427646209268
2025-04-28,0.012969852186,0.581650057383,0.781831482468,0.623489801859,0.896456258291,-0.443132234183
2025-04-29,-0.007333309425,-0.226417628741,0.974927912182,-0.222520933956,0.888701047829,-0.458487129140
2025-04-30,-0.000822066986,0.093827294734,0.433883739118,-0.900968867902,0.880682856430,-0.473706350380
2025-05-01,0.023965778896,0.148300198621,-0.433883739118,-0.900968867902,0.872404056805,-0.488785394289
2025-05-02,0.004319853436,-0.218545405216,-0.974927912182,-0.222520933956,0.863867098784,-0.503719798736
2025-05-03,-0.010562998381,-0.515757918642,-0.781831482468,0.623489801859,0.855074508590,-0.518505144391
2025-05-04,-0.016569841901,0.142913299406,0.000000000000,1.000000000000,0.846028888092,-0.533137056032
2025-05-05,0.004570714740,0.349655012192,0.781831482468,0.623489801859,0.836732914034,-0.547611203840
2025-05-06,0.021451265529,0.028073261641,0.974927912182,-0.222520933956,0.827189337246,-0.561923304683
2025-05-07,0.002371543824,1.064517501578,0.433883739118,-0.900968867902,0.817400981825,-0.576069123380
2025-05-08,0.062026403534,-0.096595400198,-0.433883739118,-0.900968867902,0.807370744302,-0.590044473955
2025-05-09,-0.002624571996,-0.183138706034,-0.974927912182,-0.222520933956,0.797101592787,-0.603845220877
2025-05-10,0.016618093182,-0.319624757764,-0.781831482468,0.623489801859,0.786596566087,-0.617467280284
2025-05-11,-0.005650983970,0.090592675274,0.000000000000,1.000000000000,0.775858772807,-0.630906621188
2025-05-12,-0.012501714607,0.312273530688,0.781831482468,0.623489801859,0.764891390434,-0.644159266672
2025-05-13,0.013111031808,-0.184217785297,0.974927912182,-0.222520933956,0.753697664393,-0.657221295066
2025-05-14,-0.006070027639,-0.135198893227,0.433883739118,-0.900968867902,0.742280907087,-0.670088841106
2025-05-15,0.001980148737,0.092468724959,-0.433883739118,-0.900968867902,0.730644496918,-0.682758097076
2025-05-16,-0.002464381119,-0.127219335455,-0.974927912182,-0.222520933956,0.718791877288,-0.695225313941
2025-05-17,-0.002885647289,-0.158022429685,-0.781831482468,0.623489801859,0.706726555578,-0.707486802450
2025-05-18,0.031055414958,0.274849167511,0.000000000000,1.000000000000,0.694452102109,-0.719538934233
2025-05-19,-0.007920998373,0.213512055238,0.781831482468,0.623489801859,0.681972149090,-0.731378142868
2025-05-20,0.011157568710,-0.525531127425,0.974927912182,-0.222520933956,0.669290389541,-0.743000924944
2025-05-21,0.026675054497,0.760072425114,0.433883739118,-0.900968867902,0.656410576198,-0.754403841093
2025-05-22,0.018027963942,-0.107071652819,-0.433883739118,-0.900968867902,0.643336520404,-0.765583517008
2025-05-23,-0.040062562339,-0.037903361618,-0.974927912182,-0.222520933956,0.630072090984,-0.776536644443
2025-05-24,0.004680702474,-0.386296294035,-0.781831482468,0.623489801859,0.616621213096,-0.787259982192
2025-05-25,0.011476897551,0.034565330052,0.000000000000,1.000000000000,0.602987867069,-0.797750357046
2025-05-26,0.003707294854,-0.033545573333,0.781831482468,0.623489801859,0.589176087232,-0.808004664735
2025-05-27,-0.004081096575,0.223354178732,0.974927912182,-0.222520933956,0.575189960712,-0.818019870844
2025-05-28,-0.010999457494,-0.155931822120,0.433883739118,-0.900968867902,0.561033626228,-0.827793011713
2025-05-29,-0.020245528009,0.130771644250,-0.433883739118,-0.900968867902,0.546711272869,-0.837321195312
2025-05-30,-0.015676574888,0.028724059582,-0.974927912182,-0.222520933956,0.532227138847,-0.846601602098
2025-05-31,0.006130518270,-0.390975595353,-0.781831482468,0.623489801859,0.517585510253,-0.855631485849
2025-06-01,0.009643965284,-0.041914350819,0.000000000000,1.000000000000,0.502790719779,-0.864408174478
2025-06-02,0.002169203775,0.203122258828,0.781831482468,0.623489801859,0.487847145442,-0.872929070821
2025-06-03,-0.004250198056,0.008189951838,0.974927912182,-0.222520933956,0.472759209286,-0.881191653407
2025-06-04,-0.006666084188,-0.036407512471,0.433883739118,-0.900968867902,0.457531376074,-0.889193477207
2025-06-05,-0.030597731847,0.254928148859,-0.433883739118,-0.900968867902,0.442168151967,-0.896932174351
2025-06-06,0.027330353064,-0.162534279241,-0.974927912182,-0.222520933956,0.426674083190,-0.904405454834
2025-06-07,0.011669145987,-0.241744109887,-0.781831482468,0.623489801859,0.411053754687,-0.911611107193
2025-06-08,0.001684159608,-0.046381752062,0.000000000000,1.000000000000,0.395311788765,-0.918546999159
2025-06-09,0.041659964565,0.422856797519,0.781831482468,0.623489801859,0.379452843725,-0.925211078289
2025-06-10,-0.000334318427,-0.021755946314,0.974927912182,-0.222520933956,0.363481612483,-0.931601372577
2025-06-11,-0.014347388610,-0.073129758846,0.433883739118,-0.900968867902,0.347402821184,-0.937715991030
2025-06-12,-0.025699166845,0.075754577761,-0.433883739118,-0.900968867902,0.331221227802,-0.943553124235
2025-06-13,0.001527347194,0.237561872812,-0.974927912182,-0.222520933956,0.314941620729,-0.949111044890
2025-06-14,-0.005847555255,-0.604259001420,-0.781831482468,0.623489801859,0.298568817364,-0.954388108318
2025-06-15,0.000754577955,-0.033809933176,0.000000000000,1.000000000000,0.282107662682,-0.959382752949
2025-06-16,0.011723623977,0.315345469665,0.781831482468,0.623489801859,0.265563027804,-0.964093500789
2025-06-17,-0.020773336362,0.105381481966,0.974927912182,-0.222520933956,0.248939808554,-0.968518957851
2025-06-18,0.002694339504,-0.167817617435,0.433883739118,-0.900968867902,0.232242924009,-0.972657814572
2025-06-19,-0.001899521739,-0.236993388581,-0.433883739118,-0.900968867902,0.215477315047,-0.976508846197
2025-06-20,-0.013218729771,0.310982046065,-0.974927912182,-0.222520933956,0.198647942880,-0.980070913143
2025-06-21,-0.010237095074,-0.283851592787,-0.781831482468,0.623489801859,0.181759787591,-0.983342961339
2025-06-22,-0.012500036872,0.535585104747,0.000000000000,1.000000000000,0.164817846657,-0.986324022532
2025-06-23,0.044454682116,-0.004576388814,0.781831482468,0.623489801859,0.147827133471,-0.989013214578
2025-06-24,0.004421629399,-0.289837201946,0.974927912182,-0.222520933956,0.130792675857,-0.991409741702
2025-06-25,0.012329889289,0.055787775437,0.433883739118,-0.900968867902,0.113719514586,-0.993512894734
2025-06-26,-0.003744456200,-0.162257153347,-0.433883739118,-0.900968867902,0.096612701881,-0.995322051316
2025-06-27,0.001200006028,0.032759742113,-0.974927912182,-0.222520933956,0.079477299924,-0.996836676089
2025-06-28,0.002231861322,-0.412038062496,-0.781831482468,0.623489801859,0.062318379354,-0.998056320853
2025-06-29,0.009808164803,0.168061055925,0.000000000000,1.000000000000,0.045141017774,-0.998980624694
2025-06-30,-0.011602107852,0.168696802759,0.781831482468,0.623489801859,0.027950298240,-0.999609314096
2025-07-01,-0.013504224994,0.047490812083,0.974927912182,-0.222520933956,0.010751307764,-0.999942203020
2025-07-02,0.029467777201,0.243079970696,0.433883739118,-0.900968867902,-0.006450864198,-0.999979192959
2025-07-03,0.007218611789,-0.107912960949,-0.433883739118,-0.900968867902,-0.023651127245,-0.999720272966
2025-07-04,-0.014825919147,-0.169629060747,-0.974927912182,-0.222520933956,-0.040844391543,-0.999165519661
2025-07-05,0.001820390124,-0.330732514454,-0.781831482468,0.623489801859,-0.058025569329,-0.998315097203
2025-07-06,0.009205212307,0.182522290887,0.000000000000,1.000000000000,-0.075189576415,-0.997169257247
2025-07-07,-0.008570920982,0.211827852235,0.781831482468,0.623489801859,-0.092331333695,-0.995728338865
2025-07-08,0.005987787748,-0.025274901680,0.974927912182,-0.222520933956,-0.109445768649,-0.993992768447
2025-07-09,0.021576245275,0.268607930564,0.433883739118,-0.900968867902,-0.126527816839,-0.991963059577
2025-07-10,0.041012050718,0.504236179419,-0.433883739118,-0.900968867902,-0.143572423412,-0.989639812879
2025-07-11,0.013103070357,-0.098342649987,-0.974927912182,-0.222520933956,-0.160574544595,-0.987023715839
2025-07-12,-0.000696019205,-0.646832376405,-0.781831482468,0.623489801859,-0.177529149187,-0.984115542601
2025-07-13,0.014211873753,0.073998683310,0.000000000000,1.000000000000,-0.194431220048,-0.980916153741
2025-07-14,0.006139691785,1.310361764986,0.781831482468,0.623489801859,-0.211275755582,-0.977426496010
2025-07-15,-0.017443885858,-0.614368054761,0.974927912182,-0.222520933956,-0.228057771222,-0.973647602054
2025-07-16,0.008129063951,-0.309330366368,0.433883739118,-0.900968867902,-0.244772300897,-0.969580590108
2025-07-17,0.004632531544,0.002792757559,-0.433883739118,-0.900968867902,-0.261414398511,-0.965226663666
2025-07-18,-0.010844225618,0.074306958641,-0.974927912182,-0.222520933956,-0.277979139399,-0.960587111125
2025-07-19,-0.000536145993,-0.493925706345,-0.781831482468,0.623489801859,-0.294461621787,-0.955663305403
2025-07-20,-0.005434339336,0.189965554968,0.000000000000,1.000000000000,-0.310856968244,-0.950456703535
2025-07-21,0.001182157470,0.193868256461,0.781831482468,0.623489801859,-0.327160327122,-0.944968846236
2025-07-22,0.021529885924,0.126276467560,0.974927912182,-0.222520933956,-0.343366873996,-0.939201357453
2025-07-23,-0.010391307548,-0.173364516790,0.433883739118,-0.900968867902,-0.359471813088,-0.933155943878
2025-07-24,-0.003263802708,0.086507373303,-0.433883739118,-0.900968867902,-0.375470378688,-0.926834394446
2025-07-25,-0.006204300770,0.367256611709,-0.974927912182,-0.222520933956,-0.391357836561,-0.920238579805
2025-07-26,0.002644369296,-0.770849351050,-0.781831482468,0.623489801859,-0.407129485354,-0.913370451764
2025-07-27,0.012646766557,0.119811622909,0.000000000000,1.000000000000,-0.422780657983,-0.906232042711
2025-07-28,-0.012840860305,0.170099578991,0.781831482468,0.623489801859,-0.438306723013,-0.898825465016
2025-07-29,-0.000019742704,0.054635420248,0.974927912182,-0.222520933956,-0.453703086031,-0.891152910406
2025-07-30,-0.000771661972,0.006305255375,0.433883739118,-0.900968867902,-0.468965191008,-0.883216649313
2025-07-31,-0.017749425967,0.006859207453,-0.433883739118,-0.900968867902,-0.484088521639,-0.875019030203
2025-08-01,-0.021287126462,0.274631390017,-0.974927912182,-0.222520933956,-0.499068602689,-0.866562478885
2025-08-02,-0.007024004180,-0.473307686490,-0.781831482468,0.623489801859,-0.513901001309,-0.857849497787
2025-08-03,0.014913601072,-0.167508998818,0.000000000000,1.000000000000,-0.528581328356,-0.848882665221
2025-08-04,0.007450970809,-0.295800459748,0.781831482468,0.623489801859,-0.543105239683,-0.839664634618
2025-08-05,-0.008118573367,0.534042260173,0.974927912182,-0.222520933956,-0.557468437433,-0.830198133741
2025-08-06,0.007737149330,-0.079416873702,0.433883739118,-0.900968867902,-0.571666671303,-0.820485963879
2025-08-07,0.021236359971,0.127590667332,-0.433883739118,-0.900968867902,-0.585695739807,-0.810530999019
2025-08-08,-0.006902004197,-0.070139945503,-0.974927912182,-0.222520933956,-0.599551491520,-0.800336184998
2025-08-09,-0.001615574998,-0.100485935477,-0.781831482468,0.623489801859,-0.613229826300,-0.789904538622
2025-08-10,0.023803615271,0.181554098006,0.000000000000,1.000000000000,-0.626726696508,-0.779239146786
2025-08-11,-0.004833792330,0.335049856156,0.781831482468,0.623489801859,-0.640038108204,-0.768343165549
2025-08-12,0.012067410413,-0.217901656365,0.974927912182,-0.222520933956,-0.653160122327,-0.757219819208
2025-08-13,0.026046115310,0.222046700843,0.433883739118,-0.900968867902,-0.666088855861,-0.745872399340
2025-08-14,-0.041250443242,0.135112733122,-0.433883739118,-0.900968867902,-0.678820482986,-0.734304263830
2025-08-15,-0.008154397098,-0.415680883752,-0.974927912182,-0.222520933956,-0.691351236209,-0.722518835873
2025-08-16,0.000791861062,-0.357274819759,-0.781831482468,0.623489801859,-0.703677407479,-0.710519602969
2025-08-17,-0.000325941461,-0.046547415953,0.000000000000,1.000000000000,-0.715795349283,-0.698310115884
2025-08-18,-0.010275848948,0.462125954411,0.781831482468,0.623489801859,-0.727701475726,-0.685893987600
2025-08-19,-0.029870220205,-0.015649245132,0.974927912182,-0.222520933956,-0.739392263596,-0.673274892250
2025-08-20,0.012712851607,-0.052482530690,0.433883739118,-0.900968867902,-0.750864253399,-0.660456564028
2025-08-21,-0.016372327847,-0.162118559665,-0.433883739118,-0.900968867902,-0.762114050389,-0.647442796083
2025-08-22,0.038863926425,0.355840564510,-0.974927912182,-0.222520933956,-0.773138325571,-0.634237439398
2025-08-23,-0.012915297319,-0.398971778991,-0.781831482468,0.623489801859,-0.783933816683,-0.620844401651
2025-08-24,-0.016745357832,0.289377627446,0.000000000000,1.000000000000,-0.794497329167,-0.607267646057
2025-08-25,-0.029826315529,0.147388323924,0.781831482468,0.623489801859,-0.804825737108,-0.593511190196
2025-08-26,0.015125123340,-0.211099026551,0.974927912182,-0.222520933956,-0.814915984166,-0.579579104826
2025-08-27,-0.005206553469,-0.110491312203,0.433883739118,-0.900968867902,-0.824765084473,-0.565475512674
2025-08-28,0.011822640333,-0.054178140020,-0.433883739118,-0.900968867902,-0.834370123523,-0.551204587220
2025-08-29,-0.037423359715,0.279534462250,-0.974927912182,-0.222520933956,-0.843728259029,-0.536770551461
2025-08-30,0.003657460805,-0.413383797073,-0.781831482468,0.623489801859,-0.852836721769,-0.522177676660
2025-08-31,-0.005264910693,-0.070401759622,0.000000000000,1.000000000000,-0.861692816403,-0.507430281083
2025-09-01,0.009323672099,0.331842715893,0.781831482468,0.623489801859,-0.870293922269,-0.492532728722
2025-09-02,0.017691382281,0.111754330295,0.974927912182,-0.222520933956,-0.878637494161,-0.477489428003
2025-09-03,0.004688830576,-0.201677031139,0.433883739118,-0.900968867902,-0.886721063083,-0.462304830480
2025-09-04,-0.008987461698,-0.016305587381,-0.433883739118,-0.900968867902,-0.894542236976,-0.446983429520
2025-09-05,-0.000656057151,0.001836209258,-0.974927912182,-0.222520933956,-0.902098701430,-0.431529758971
2025-09-06,-0.003859995744,-1.030277556854,-0.781831482468,0.623489801859,-0.909388220365,-0.415948391825
2025-09-07,0.008518160055,0.135391810040,0.000000000000,1.000000000000,-0.916408636694,-0.400243938857
2025-09-08,0.008097306013,0.490707498134,0.781831482468,0.623489801859,-0.923157872965,-0.384421047269
2025-09-09,-0.004837916693,0.134118277648,0.974927912182,-0.222520933956,-0.929633931968,-0.368484399308
2025-09-10,0.021508270892,0.203765713769,0.433883739118,-0.900968867902,-0.935834897335,-0.352438710885
2025-09-11,0.013529013825,-0.210298231222,-0.433883739118,-0.900968867902,-0.941758934099,-0.336288730177
2025-09-12,0.005129680319,0.181658237130,-0.974927912182,-0.222520933956,-0.947404289244,-0.320039236223
2025-09-13,-0.001302038146,-0.461037909312,-0.781831482468,0.623489801859,-0.952769292217,-0.303695037511
2025-09-14,-0.004692746080,-0.052023137027,0.000000000000,1.000000000000,-0.957852355428,-0.287260970551
2025-09-15,0.000322446110,0.478750124532,0.781831482468,0.623489801859,-0.962651974716,-0.270741898448
2025-09-16,0.012039614741,-0.145233339837,0.974927912182,-0.222520933956,-0.967166729798,-0.254142709461
2025-09-17,-0.003211840787,0.279221075383,0.433883739118,-0.900968867902,-0.971395284684,-0.237468315558
2025-09-18,0.005725006775,-0.201997391836,-0.433883739118,-0.900968867902,-0.975336388077,-0.220723650961
2025-09-19,-0.012441583362,-0.241955262819,-0.974927912182,-0.222520933956,-0.978988873741,-0.203913670683
2025-09-20,0.000286084831,-0.529570556989,-0.781831482468,0.623489801859,-0.982351660847,-0.187043349070
2025-09-21,-0.003600148365,-0.016252340468,0.000000000000,1.000000000000,-0.985423754292,-0.170117678320
2025-09-22,-0.022430533320,1.144890537336,0.781831482468,0.623489801859,-0.988204244994,-0.153141667013
2025-09-23,-0.006531416615,-0.403576492742,0.974927912182,-0.222520933956,-0.990692310162,-0.136120338623
2025-09-24,0.011663525697,0.017484654009,0.433883739118,-0.900968867902,-0.992887213536,-0.119058730034
2025-09-25,-0.038491879644,0.452382467320,-0.433883739118,-0.900968867902,-0.994788305609,-0.101961890052
2025-09-26,0.006066325431,-0.268591571114,-0.974927912182,-0.222520933956,-0.996395023819,-0.084834877906
2025-09-27,-0.000281527333,-0.786045833554,-0.781831482468,0.623489801859,-0.997706892710,-0.067682761755
2025-09-28,0.022008506442,0.237814006348,0.000000000000,1.000000000000,-0.998723524080,-0.050510617185
2025-09-29,0.020111147409,0.586658307115,0.781831482468,0.623489801859,-0.999444617092,-0.033323525712
2025-09-30,-0.003014115884,-0.017041293467,0.974927912182,-0.222520933956,-0.999869958362,-0.016126573271
2025-10-01,0.039478652768,0.189992765910,0.433883739118,-0.900968867902,-0.999999422025,0.001075151283
2025-10-02,0.016983874859,0.001211734084,-0.433883739118,-0.900968867902,-0.999832969770,0.018276557682
2025-10-03,0.013050507216,0.161608617240,-0.974927912182,-0.222520933956,-0.999370650854,0.035472555753
2025-10-04,0.001298763222,-0.825459074247,-0.781831482468,0.623489801859,-0.998612602084,0.052658056925
2025-10-05,0.008848164694,0.695198077024,0.000000000000,1.000000000000,-0.997559047779,0.069827975730
2025-10-06,0.009981752929,-0.015321650366,0.781831482468,0.623489801859,-0.996210299702,0.086977231314
2025-10-07,-0.026817983765,0.048161168278,0.974927912182,-0.222520933956,-0.994566756971,0.104100748935
2025-10-08,0.015551259305,-0.152874046115,0.433883739118,-0.900968867902,-0.992628905935,0.121193461471
2025-10-09,-0.013460402367,0.133027518640,-0.433883739118,-0.900968867902,-0.990397320035,0.138250310911
2025-10-10,-0.072321821847,0.718403867541,-0.974927912182,-0.222520933956,-0.987872659635,0.155266249860
2025-10-11,-0.021485160033,-0.328622706600,-0.781831482468,0.623489801859,-0.985055671822,0.172236243028
2025-10-12,0.038609346344,-0.162422671933,0.000000000000,1.000000000000,-0.981947190187,0.189155268720
2025-10-13,0.000879292966,-0.269365306722,0.781831482468,0.623489801859,-0.978548134580,0.206018320325
2025-10-14,-0.018849163446,0.253256203474,0.974927912182,-0.222520933956,-0.974859510837,0.222820407795
2025-10-15,-0.020862578291,-0.239491661152,0.433883739118,-0.900968867902,-0.970882410481,0.239556559121
2025-10-16,-0.023722484783,0.184815473208,-0.433883739118,-0.900968867902,-0.966618010400,0.256221821807
2025-10-17,-0.016009839805,0.132772250224,-0.974927912182,-0.222520933956,-0.962067572498,0.272811264334
2025-10-18,0.006837580350,-0.970418930128,-0.781831482468,0.623489801859,-0.957232443323,0.289319977619
2025-10-19,0.013605430464,0.232252356810,0.000000000000,1.000000000000,-0.952114053668,0.305743076467
2025-10-20,0.017534490738,0.287132912425,0.781831482468,0.623489801859,-0.946713918146,0.322075701021
2025-10-21,-0.019282830173,0.465880552926,0.974927912182,-0.222520933956,-0.941033634745,0.338313018192
2025-10-22,-0.007293562271,-0.224979418033,0.433883739118,-0.900968867902,-0.935074884352,0.354450223099
2025-10-23,0.021870444425,-0.385747889974,-0.433883739118,-0.900968867902,-0.928839430256,0.370482540482
2025-10-24,0.008721714285,-0.131770104303,-0.974927912182,-0.222520933956,-0.922329117629,0.386405226121
2025-10-25,0.005459116893,-0.667432152036,-0.781831482468,0.623489801859,-0.915545872978,0.402213568237
2025-10-26,0.025039267745,0.523591911126,0.000000000000,1.000000000000,-0.908491703573,0.417902888887
2025-10-27,-0.003089502855,0.392572381863,0.781831482468,0.623489801859,-0.901168696856,0.433468545349
2025-10-28,-0.010244824087,0.043822363067,0.974927912182,-0.222520933956,-0.893579019824,0.448905931494
2025-10-29,-0.026016805466,-0.036873195694,0.433883739118,-0.900968867902,-0.885724918384,0.464210479152
2025-10-30,-0.016026638955,0.113599642846,-0.433883739118,-0.900968867902,-0.877608716690,0.479377659461
2025-10-31,0.011480961196,-0.147977293884,-0.974927912182,-0.222520933956,-0.869232816457,0.494402984208
2025-11-01,0.004624825172,-0.842700922197,-0.781831482468,0.623489801859,-0.860599696250,0.509282007157
2025-11-02,0.005216141233,0.281536382735,0.000000000000,1.000000000000,-0.851711910747,0.524010325368
2025-11-03,-0.037687182901,0.753745190663,0.781831482468,0.623489801859,-0.842572089987,0.538583580492
2025-11-04,-0.047640857538,0.420804451701,0.974927912182,-0.222520933956,-0.833182938589,0.552997460070
2025-11-05,0.022400061322,-0.357861255707,0.433883739118,-0.900968867902,-0.823547234956,0.567247698803
2025-11-06,-0.025251182492,-0.193541474813,-0.433883739118,-0.900968867902,-0.813667830446,0.581330079815
2025-11-07,0.020238925969,0.365781530700,-0.974927912182,-0.222520933956,-0.803547648534,0.595240435904
2025-11-08,-0.010603212214,-0.583067177909,-0.781831482468,0.623489801859,-0.793189683945,0.608974650772
2025-11-09,0.023551839700,0.148438124524,0.000000000000,1.000000000000,-0.782597001768,0.622528660243
2025-11-10,0.012120269336,0.153577505363,0.781831482468,0.623489801859,-0.771772736547,0.635898453468
2025-11-11,-0.028702546477,0.021948516316,0.974927912182,-0.222520933956,-0.760720091356,0.649080074110
2025-11-12,-0.013039146643,-0.100217192359,0.433883739118,-0.900968867902,-0.749442336852,0.662069621515
2025-11-13,-0.019524742977,0.456226826727,-0.433883739118,-0.900968867902,-0.737942810303,0.674863251868
2025-11-14,-0.054622871137,0.118712876253,-0.974927912182,-0.222520933956,-0.726224914604,0.687457179327
2025-11-15,0.012123106499,-1.088555948498,-0.781831482468,0.623489801859,-0.714292117269,0.699847677146
2025-11-16,-0.014463938462,0.613216874108,0.000000000000,1.000000000000,-0.702147949405,0.712031078779
2025-11-17,-0.022368382716,0.281379580485,0.781831482468,0.623489801859,-0.689796004666,0.724003778959
2025-11-18,0.009241173563,0.073144428887,0.974927912182,-0.222520933956,-0.677239938191,0.735762234774
2025-11-19,-0.016082377700,-0.232021232940,0.433883739118,-0.900968867902,-0.664483465523,0.747302966705
2025-11-20,-0.054299143132,0.198271393430,-0.433883739118,-0.900968867902,-0.651530361507,0.758622559666
2025-11-21,-0.017950490472,0.276364737690,-0.974927912182,-0.222520933956,-0.638384459175,0.769717664007
2025-11-22,-0.005211872394,-1.152519706193,-0.781831482468,0.623489801859,-0.625049648610,0.780584996507
2025-11-23,0.025158586579,0.353367590262,0.000000000000,1.000000000000,-0.611529875799,0.791221341348
2025-11-24,0.016742357811,0.248030909714,0.781831482468,0.623489801859,-0.597829141459,0.801623551065
2025-11-25,-0.010576476957,-0.138029704320,0.974927912182,-0.222520933956,-0.583951499858,0.811788547476
2025-11-26,0.035722587913,0.025264608481,0.433883739118,-0.900968867902,-0.569901057613,0.821713322596
2025-11-27,0.008437806108,-0.153382639632,-0.433883739118,-0.900968867902,-0.555681972476,0.831394939523
2025-11-28,-0.004018666774,0.065401008721,-0.974927912182,-0.222520933956,-0.541298452104,0.840830533312
2025-11-29,-0.000742778627,-0.473639259580,-0.781831482468,0.623489801859,-0.526754752811,0.850017311819
2025-11-30,-0.005047792573,0.015078324253,0.000000000000,1.000000000000,-0.512055178311,0.858952556527
2025-12-01,-0.046101838054,0.826311302395,0.781831482468,0.623489801859,-0.497204078447,0.867633623355
2025-12-02,0.056620993870,-0.113220468571,0.974927912182,-0.222520933956,-0.482205847896,0.876057943434
2025-12-03,0.023558262012,-0.011480413250,0.433883739118,-0.900968867902,-0.467064924877,0.884223023874
2025-12-04,-0.014931972866,-0.184953752430,-0.433883739118,-0.900968867902,-0.451785789833,0.892126448495
2025-12-05,-0.030343059976,-0.020064150381,-0.974927912182,-0.222520933956,-0.436372964105,0.899765878548
2025-12-06,-0.001291646063,-0.509766918019,-0.781831482468,0.623489801859,-0.420831008596,0.907139053401
2025-12-07,0.012614572226,0.221085237408,0.000000000000,1.000000000000,-0.405164522421,0.914243791213
2025-12-08,0.002591195980,0.191426888102,0.781831482468,0.623489801859,-0.389378141545,0.921077989579
2025-12-09,0.022381192698,0.152685133454,0.974927912182,-0.222520933956,-0.373476537413,0.927639626149
2025-12-10,-0.007262832847,-0.021787989322,0.433883739118,-0.900968867902,-0.357464415565,0.933926759229
2025-12-11,0.005314970108,-0.013664480108,-0.433883739118,-0.900968867902,-0.341346514245,0.939937528356
2025-12-12,-0.024521421452,0.218295101156,-0.974927912182,-0.222520933956,-0.325127603000,0.945670154847
2025-12-13,0.000313418756,-0.222878244623,-0.781831482468,0.623489801859,-0.308812481266,0.951122942324
2025-12-14,-0.023797671018,-0.241291723251,0.000000000000,1.000000000000,-0.292405976951,0.956294277220
2025-12-15,-0.020108914713,-0.102279813079,0.781831482468,0.623489801859,-0.275912945003,0.961182629254
2025-12-16,0.016345736935,-0.099073179500,0.974927912182,-0.222520933956,-0.259338265975,0.965786551884
2025-12-17,-0.019544833041,0.069759748769,0.433883739118,-0.900968867902,-0.242686844583,0.970104682736
2025-12-18,-0.007939728498,0.174285215957,-0.433883739118,-0.900968867902,-0.225963608248,0.974135744005
2025-12-19,0.030433154968,-0.119534064936,-0.974927912182,-0.222520933956,-0.209173505646,0.977878542834
2025-12-20,0.002727355122,-1.157412975721,-0.781831482468,0.623489801859,-0.192321505239,0.981331971670
2025-12-21,0.003139028067,0.300934200102,0.000000000000,1.000000000000,-0.175412593804,0.984495008588
2025-12-22,-0.001487584959,0.650856223281,0.781831482468,0.623489801859,-0.158451774961,0.987366717594
2025-12-23,-0.012234274953,0.138124628103,0.974927912182,-0.222520933956,-0.141444067688,0.989946248902
2025-12-24,0.002262076104,-0.536310294958,0.433883739118,-0.900968867902,-0.124394504840,0.992232839189
2025-12-25,-0.004314857856,-0.247258628686,-0.433883739118,-0.900968867902,-0.107308131656,0.994225811816
2025-12-26,0.000764168281,0.755070237577,-0.974927912182,-0.222520933956,-0.090190004270,0.995924577029
2025-12-27,0.005719219566,-1.128062019285,-0.781831482468,0.623489801859,-0.073045188211,0.997328632136
2025-12-28,0.000383512559,0.098034735878,0.000000000000,1.000000000000,-0.055878756905,0.998437561657
2025-12-29,-0.007974888883,1.161306683428,0.781831482468,0.623489801859,-0.038695790177,0.999251037439
2025-12-30,0.014718097809,-0.307777676071,0.974927912182,-0.222520933956,-0.021501372741,0.999768818763
2025-12-31,-0.010473099349,-0.050608103800,0.433883739118,-0.900968867902,-0.004300592703,0.999990752408
2026-01-01,0.013880733661,-0.584892012570,-0.433883739118,-0.900968867902,0.017201575418,0.999852041956
2026-01-02,0.013574570130,0.900813689125,-0.974927912182,-0.222520933956,0.034398060614,0.999408211606
2026-01-03,0.007294409627,-0.803533795005,-0.781831482468,0.623489801859,0.051584366869,0.998668640288
2026-01-04,0.008903689948,0.253558122505,0.000000000000,1.000000000000,0.068755408481,0.997633546852
2026-01-05,0.026651498381,0.690068624022,0.781831482468,0.623489801859,0.085906104261,0.996303237599
2026-01-06,-0.001636609711,-0.017878345963,0.974927912182,-0.222520933956,0.103031379043,0.994678106189
2026-01-07,-0.026168967250,-0.187619717492,0.433883739118,-0.900968867902,0.120126165182,0.992758633525
2026-01-08,-0.003081466893,-0.025036209402,-0.433883739118,-0.900968867902,0.137185404057,0.990545387609
2026-01-09,-0.005662930150,-0.101230457903,-0.974927912182,-0.222520933956,0.154204047563,0.988039023377
2026-01-10,-0.001398046660,-1.129045757821,-0.781831482468,0.623489801859,0.171177059610,0.985240282501
2026-01-11,0.004865110901,0.326347225913,0.000000000000,1.000000000000,0.188099417612,0.982149993175
2026-01-12,0.004016380963,0.879076767523,0.781831482468,0.623489801859,0.204966113969,0.978769069865
2026-01-13,0.044280285031,0.284999406671,0.974927912182,-0.222520933956,0.221772157556,0.975098513040
2026-01-14,0.016723797822,0.097189224140,0.433883739118,-0.900968867902,0.238512575194,0.971139408877
2026-01-15,-0.014320038275,-0.132250893796,-0.433883739118,-0.900968867902,0.255182413123,0.966892928939
2026-01-16,-0.000272878552,-0.467920334292,-0.974927912182,-0.222520933956,0.271776738471,0.962360329828
2026-01-17,-0.004461072058,-0.730054746904,-0.781831482468,0.623489801859,0.288290640710,0.957542952812
2026-01-18,-0.015529993658,0.261478130490,0.000000000000,1.000000000000,0.304719233109,0.952442223431
2026-01-19,-0.011610285762,0.633132221591,0.781831482468,0.623489801859,0.321057654185,0.947059651072
2026-01-20,-0.046924255055,0.303112372663,0.974927912182,-0.222520933956,0.337301069136,0.941396828526
2026-01-21,0.011999327760,0.059567030154,0.433883739118,-0.900968867902,0.353444671274,0.935455431513
2026-01-22,0.000956077769,-0.460303437168,-0.433883739118,-0.900968867902,0.369483683447,0.929237218188
2026-01-23,0.000462901331,0.092568432752,-0.974927912182,-0.222520933956,0.385413359454,0.922744028620
2026-01-24,-0.004402117624,-0.985311838647,-0.781831482468,0.623489801859,0.401228985448,0.915977784248
2026-01-25,-0.028900838362,0.908796869798,0.000000000000,1.000000000000,0.416925881329,0.908940487314
2026-01-26,0.019388940551,0.226968556277,0.781831482468,0.623489801859,0.432499402134,0.901634220265
2026-01-27,0.009420276565,-0.156953110015,0.974927912182,-0.222520933956,0.447944939408,0.894061145145
2026-01-28,0.000919864501,0.027053084250,0.433883739118,-0.900968867902,0.463257922567,0.886223502949
2026-01-29,-0.053227949504,0.484982484735,-0.433883739118,-0.900968867902,0.478433820255,0.878123612959
2026-01-30,-0.005132847430,0.108793760146,-0.974927912182,-0.222520933956,0.493468141677,0.869763872065
2026-01-31,-0.067706919272,-0.022511084074,-0.781831482468,0.623489801859,0.508356437938,0.861146754048
2026-02-01,-0.021166842147,-0.278022655593,0.000000000000,1.000000000000,0.523094303349,0.852274808852
2026-02-02,0.022026908158,0.342065073303,0.781831482468,0.623489801859,0.537677376741,0.843150661828
2026-02-03,-0.039600469375,-0.096196482187,0.974927912182,-0.222520933956,0.552101342746,0.833777012959
2026-02-04,-0.035170615942,-0.015262554215,0.433883739118,-0.900968867902,0.566361933081,0.824156636057
2026-02-05,-0.152334408030,0.624478891552,-0.433883739118,-0.900968867902,0.580454927809,0.814292377947
2026-02-06,0.118003181433,-0.090285160088,-0.974927912182,-0.222520933956,0.594376156585,0.804187157621
2026-02-07,-0.018213402813,-0.609378300654,-0.781831482468,0.623489801859,0.608121499894,0.793843965378
2026-02-08,0.014085235885,-0.450819075021,0.000000000000,1.000000000000,0.621686890267,0.783265861934
2026-02-09,-0.002050715422,0.270913488899,0.781831482468,0.623489801859,0.635068313487,0.772455977519
2026-02-10,-0.019103237590,-0.249214504358,0.974927912182,-0.222520933956,0.648261809776,0.761417510953
2026-02-11,-0.026543221212,0.201843115693,0.433883739118,-0.900968867902,0.661263474966,0.750153728696
2026-02-12,-0.011562368275,-0.106562007866,-0.433883739118,-0.900968867902,0.674069461655,0.738667963881
2026-02-13,0.039033769357,-0.089687134967,-0.974927912182,-0.222520933956,0.686675980345,0.726963615332
2026-02-14,0.013125933068,-0.125327906495,-0.781831482468,0.623489801859,0.699079300566,0.715044146554
2026-02-15,-0.014138040069,0.109783632356,0.000000000000,1.000000000000,0.711275751974,0.702913084708
2026-02-16,0.000798782478,-0.178580926914,0.781831482468,0.623489801859,0.723261725444,0.690574019572
2026-02-17,-0.019788873300,0.036473025105,0.974927912182,-0.222520933956,0.735033674133,0.678030602474
2026-02-18,-0.015963632260,-0.052177876982,0.433883739118,-0.900968867902,0.746588114532,0.665286545211
2026-02-19,0.007980125995,-0.049596225033,-0.433883739118,-0.900968867902,0.757921627497,0.652345618957
2026-02-20,0.015528995657,0.411130438040,-0.974927912182,-0.222520933956,0.769030859259,0.639211653138
2026-02-21,-0.000024354972,-0.950849725514,-0.781831482468,0.623489801859,0.779912522417,0.625888534308
2026-02-22,-0.005076923598,-0.025606068249,0.000000000000,1.000000000000,0.790563396912,0.612380204990
2026-02-23,-0.046012673136,1.046473083249,0.781831482468,0.623489801859,0.800980330978,0.598690662518
2026-02-24,-0.008340510439,-0.221022167972,0.974927912182,-0.222520933956,0.811160242079,0.584823957846
2026-02-25,0.058788162811,0.272203890168,0.433883739118,-0.900968867902,0.821100117813,0.570784194357
2026-02-26,-0.007478610812,-0.221159429812,-0.433883739118,-0.900968867902,0.830797016812,0.556575526641
2026-02-27,-0.023580345400,-0.064989079704,-0.974927912182,-0.222520933956,0.840248069608,0.542202159273
2026-02-28,0.016768637201,0.042711330042,-0.781831482468,0.623489801859,0.849450479481,0.527668345563
2026-03-01,-0.018952127255,-0.031615097884,0.000000000000,1.000000000000,0.858401523292,0.512978386299
2026-03-02,0.045173998742,0.330698501186,0.781831482468,0.623489801859,0.867098552281,0.498136628478
2026-03-03,-0.007035921401,-0.167623489777,0.974927912182,-0.222520933956,0.875538992859,0.483147464015
2026-03-04,0.062670110544,0.448345251976,0.433883739118,-0.900968867902,0.883720347362,0.468015328444
2026-03-05,-0.026047184091,-0.383253366192,-0.433883739118,-0.900968867902,0.891640194797,0.452744699607
2026-03-06,-0.038926762230,-0.156101239126,-0.974927912182,-0.222520933956,0.899296191553,0.437340096330
2026-03-07,-0.012760002816,-0.632428409491,-0.781831482468,0.623489801859,0.906686072098,0.421806077083
2026-03-08,-0.019556151272,0.355722367996,0.000000000000,1.000000000000,0.913807649647,0.406147238631
2026-03-09,0.036210883134,0.399568476281,0.781831482468,0.623489801859,0.920658816810,0.390368214676
2026-03-10,0.022043063054,0.087087893647,0.974927912182,-0.222520933956,0.927237546218,0.374473674487
2026-03-11,0.003967140831,-0.177145807725,0.433883739118,-0.900968867902,0.933541891118,0.358468321512
2026-03-12,0.004102088510,-0.101470721622,-0.433883739118,-0.900968867902,0.939569985953,0.342356891995
2026-03-13,0.006712861239,0.403170015196,-0.974927912182,-0.222520933956,0.945320046913,0.326144153564
2026-03-14,0.003465390533,-1.009762950579,-0.781831482468,0.623489801859,0.950790372463,0.309834903832
2026-03-15,0.021879197879,0.228044047438,0.000000000000,1.000000000000,0.955979343844,0.293433968967
2026-03-16,0.028056806109,0.685794737970,0.781831482468,0.623489801859,0.960885425557,0.276946202269
2026-03-17,-0.012617278563,-0.115700116448,0.974927912182,-0.222520933956,0.965507165814,0.260376482734
2026-03-18,-0.036884174233,-0.068379701741,0.433883739118,-0.900968867902,0.969843196967,0.243729713610
2026-03-19,-0.018884161048,-0.035169152598,-0.433883739118,-0.900968867902,0.973892235915,0.227010820941
2026-03-20,0.008684431647,-0.153012562070,-0.974927912182,-0.222520933956,0.977653084482,0.210224752119
2026-03-21,-0.026016105631,-0.595709539601,-0.781831482468,0.623489801859,0.981124629772,0.193376474410
2026-03-22,-0.012688120086,0.355076334136,0.000000000000,1.000000000000,0.984305844499,0.176470973492
2026-03-23,0.044251193035,0.536957502573,0.781831482468,0.623489801859,0.987195787291,0.159513251973
2026-03-24,-0.005613991532,-0.248342882385,0.974927912182,-0.222520933956,0.989793602967,0.142508327916
2026-03-25,0.011168924481,-0.126418863223,0.433883739118,-0.900968867902,0.992098522792,0.125461233353
2026-03-26,-0.035952918807,0.095600229381,-0.433883739118,-0.900968867902,0.994109864702,0.108377012792
2026-03-27,-0.036313469685,0.176507798278,-0.974927912182,-0.222520933956,0.995827033510,0.091260721729
2026-03-28,-0.000281621579,-0.798157365847,-0.781831482468,0.623489801859,0.997249521077,0.074117425151
2026-03-29,-0.005515409834,0.033876541449,0.000000000000,1.000000000000,0.998376906467,0.056952196034
2026-03-30,0.011105181731,0.554711717090,0.781831482468,0.623489801859,0.999208856068,0.039770113846
2026-03-31,0.022856210163,0.131619119168,0.974927912182,-0.222520933956,0.999745123693,0.022576263042
2026-04-01,-0.002270644254,-0.164782733678,0.433883739118,-0.900968867902,0.999985550651,0.005375731558
2026-04-02,-0.017634149229,0.075455677063,-0.433883739118,-0.900968867902,0.999930065796,-0.011826390692
2026-04-03,0.000635650213,-0.544377338410,-0.974927912182,-0.222520933956,0.999578685548,-0.029025013322
2026-04-04,0.005355544496,-0.362456200835,-0.781831482468,0.623489801859,0.998931513885,-0.046215046984
2026-04-05,0.024824828795,0.369318491639,0.000000000000,1.000000000000,0.997988742316,-0.063391404870
2026-04-06,-0.001771166793,0.543062700130,0.781831482468,0.623489801859,0.996750649821,-0.080549004219
2026-04-07,0.043769250089,0.121498742228,0.974927912182,-0.222520933956,0.995217602774,-0.097682767822
2026-04-08,-0.011426386593,-0.050665319463,0.433883739118,-0.900968867902,0.993390054826,-0.114787625522
2026-04-09,0.009020473988,-0.089790983316,-0.433883739118,-0.900968867902,0.991268546779,-0.131858515717
2026-04-10,0.016736071454,-0.028150188594,-0.974927912182,-0.222520933956,0.988853706421,-0.148890386856
2026-04-11,0.001030265819,-0.482360830000,-0.781831482468,0.623489801859,0.986146248342,-0.165878198935
2026-04-12,-0.032001956416,0.249382631300,0.000000000000,1.000000000000,0.983146973722,-0.182816924985
2026-04-13,0.051392257782,0.559298606675,0.781831482468,0.623489801859,0.979856770096,-0.199701552566
2026-04-14,-0.004076670659,0.023864796409,0.974927912182,-0.222520933956,0.976276611087,-0.216527085245
2026-04-15,0.008369504684,-0.340488118783,0.433883739118,-0.900968867902,0.972407556122,-0.233288544075
2026-04-16,0.004628724487,0.081215631710,-0.433883739118,-0.900968867902,0.968250750117,-0.249980969073
2026-04-17,0.025937296578,0.270349481231,-0.974927912182,-0.222520933956,0.963807423137,-0.266599420679
2026-04-18,-0.018327445077,-0.732870593996,-0.781831482468,0.623489801859,0.959078890034,-0.283138981228
2026-04-19,-0.025002336495,0.173124697634,0.000000000000,1.000000000000,0.954066550058,-0.299594756397
2026-04-20,0.026932597272,0.248931777775,0.781831482468,0.623489801859,0.948771886440,-0.315961876658
2026-04-21,0.006309747502,-0.084669254679,0.974927912182,-0.222520933956,0.943196465957,-0.332235498716
2026-04-22,0.023944952373,0.282152069470,0.433883739118,-0.900968867902,0.937341938464,-0.348410806945
2026-04-23,0.000841703862,-0.180477318482,-0.433883739118,-0.900968867902,0.931210036412,-0.364483014810
2026-04-24,-0.010449855401,-0.207765742867,-0.974927912182,-0.222520933956,0.924802574329,-0.380447366288
2026-04-25,0.002021098580,-0.674362763795,-0.781831482468,0.623489801859,0.918121448284,-0.396299137269
2026-04-26,0.013381225028,0.251674546623,0.000000000000,1.000000000000,0.911168635333,-0.412033636959
2026-04-27,-0.016547994708,0.573890178844,0.781831482468,0.623489801859,0.903946192922,-0.427646209268
2026-04-28,-0.013218654491,-0.173636590004,0.974927912182,-0.222520933956,0.896456258291,-0.443132234183
2026-04-29,-0.007553459042,0.257238528380,0.433883739118,-0.900968867902,0.888701047829,-0.458487129140
2026-04-30,0.006946186875,-0.340433208153,-0.433883739118,-0.900968867902,0.880682856430,-0.473706350380
2026-05-01,0.024271509894,0.283448558831,-0.974927912182,-0.222520933956,0.872404056805,-0.488785394289
2026-05-02,0.006098736515,-0.848679865186,-0.781831482468,0.623489801859,0.863867098784,-0.503719798736
2026-05-03,-0.001514336962,0.203501549313,0.000000000000,1.000000000000,0.855074508590,-0.518505144391
2026-05-04,0.016287676865,0.972398056791,0.781831482468,0.623489801859,0.846028888092,-0.533137056032
2026-05-05,0.013675043807,-0.313632203866,0.974927912182,-0.222520933956,0.836732914034,-0.547611203840
2026-05-06,0.006165248057,0.050382444468,0.433883739118,-0.900968867902,0.827189337246,-0.561923304683
2026-05-07,-0.017561908351,-0.122679799969,-0.433883739118,-0.900968867902,0.817400981825,-0.576069123380
2026-05-08,0.002206954893,-0.088910827213,-0.974927912182,-0.222520933956,0.807370744302,-0.590044473955
2026-05-09,0.005938447031,-0.624118474360,-0.781831482468,0.623489801859,0.797101592787,-0.603845220877
2026-05-10,0.018115146957,0.398548505349,0.000000000000,1.000000000000,0.786596566087,-0.617467280284
2026-05-11,-0.005011785219,0.183884331684,0.781831482468,0.623489801859,0.775858772807,-0.630906621188
2026-05-12,-0.015422747706,-0.006907102766,0.974927912182,-0.222520933956,0.764891390434,-0.644159266672
2026-05-13,-0.015028018231,0.057023579003,0.433883739118,-0.900968867902,0.753697664393,-0.657221295066
2026-05-14,0.022132143699,0.249495854797,-0.433883739118,-0.900968867902,0.742280907087,-0.670088841106
2026-05-15,-0.024802775137,-0.135672915576,-0.974927912182,-0.222520933956,0.730644496918,-0.682758097076
2026-05-16,-0.011886390843,-0.388318698054,-0.781831482468,0.623489801859,0.718791877288,-0.695225313941
2026-05-17,-0.009026576798,-0.214323665944,0.000000000000,1.000000000000,0.706726555578,-0.707486802450
2026-05-18,-0.006155853649,0.686429478389,0.781831482468,0.623489801859,0.694452102109,-0.719538934233
2026-05-19,-0.002644880000,-0.466863957202,0.974927912182,-0.222520933956,0.681972149090,-0.731378142868
2026-05-20,0.009167734784,0.024155234118,0.433883739118,-0.900968867902,0.669290389541,-0.743000924944
2026-05-21,0.001050323215,0.017585504993,-0.433883739118,-0.900968867902,0.656410576198,-0.754403841093
2026-05-22,-0.026806340703,0.026094129585,-0.974927912182,-0.222520933956,0.643336520404,-0.765583517008
2026-05-23,0.015577503022,0.073146802729,-0.781831482468,0.623489801859,0.630072090984,-0.776536644443
2026-05-24,0.004005847400,-0.376337470488,0.000000000000,1.000000000000,0.616621213096,-0.787259982192
2026-05-25,0.003874018129,-0.037861381680,0.781831482468,0.623489801859,0.602987867069,-0.797750357046
2026-05-26,-0.018996541405,0.597398903504,0.974927912182,-0.222520933956,0.589176087232,-0.808004664735
2026-05-27,-0.019725310724,-0.062979279533,0.433883739118,-0.900968867902,0.575189960712,-0.818019870844
2026-05-28,-0.010929802662,0.172051157518,-0.433883739118,-0.900968867902,0.561033626228,-0.827793011713
2026-05-29,-0.002233099823,-0.152837107839,-0.974927912182,-0.222520933956,0.546711272869,-0.837321195312
2026-05-30,0.005197039655,-0.566068993616,-0.781831482468,0.623489801859,0.532227138847,-0.846601602098
2026-05-31,-0.002377562514,-0.114592097141,0.000000000000,1.000000000000,0.517585510253,-0.855631485849
2026-06-01,-0.031195386303,0.910893628054,0.781831482468,0.623489801859,0.502790719779,-0.864408174478
2026-06-02,-0.066913848525,0.237181018881,0.974927912182,-0.222520933956,0.487847145442,-0.872929070821
2026-06-03,-0.041152222290,-0.148286693121,0.433883739118,-0.900968867902,0.472759209286,-0.881191653407
2026-06-04,-0.003329681149,0.296889568391,-0.433883739118,-0.900968867902,0.457531376074,-0.889193477207
2026-06-05,-0.046172542625,0.113460739533,-0.974927912182,-0.222520933956,0.442168151967,-0.896932174351
2026-06-06,-0.000907363048,-0.838509803958,-0.781831482468,0.623489801859,0.426674083190,-0.904405454834
2026-06-07,0.038231456119,0.152992867103,0.000000000000,1.000000000000,0.411053754687,-0.911611107193
2026-06-08,-0.002357787185,-0.053427317498,0.781831482468,0.623489801859,0.395311788765,-0.918546999159
2026-06-09,-0.023199274917,0.162212138564,0.974927912182,-0.222520933956,0.379452843725,-0.925211078289
2026-06-10,-0.003160086085,-0.378534333402,0.433883739118,-0.900968867902,0.363481612483,-0.931601372577
2026-06-11,0.033788668524,0.064206705918,-0.433883739118,-0.900968867902,0.347402821184,-0.937715991030
2026-06-12,-0.000280957849,-0.086704546874,-0.974927912182,-0.222520933956,0.331221227802,-0.943553124235
2026-06-13,0.013724722456,-0.460815784881,-0.781831482468,0.623489801859,0.314941620729,-0.949111044890
2026-06-14,0.019812484755,0.240770465343,0.000000000000,1.000000000000,0.298568817364,-0.954388108318
2026-06-15,0.008774329143,0.422896068365,0.781831482468,0.623489801859,0.282107662682,-0.959382752949
2026-06-16,-0.010446052082,-0.272871651523,0.974927912182,-0.222520933956,0.265563027804,-0.964093500789
2026-06-17,-0.018185451531,0.221831812681,0.433883739118,-0.900968867902,0.248939808554,-0.968518957851
2026-06-18,-0.023909926460,-0.027753293182,-0.433883739118,-0.900968867902,0.232242924009,-0.972657814572
2026-06-19,0.010192701301,-0.308149601860,-0.974927912182,-0.222520933956,0.215477315047,-0.976508846197
2026-06-20,0.010938237796,-0.245937505997,-0.781831482468,0.623489801859,0.198647942880,-0.980070913143
2026-06-21,-0.015722925305,-0.105241453228,0.000000000000,1.000000000000,0.181759787591,-0.983342961339
2026-06-22,0.011236353825,0.523281604732,0.781831482468,0.623489801859,0.164817846657,-0.986324022532
2026-06-23,-0.020283188960,0.108613743638,0.974927912182,-0.222520933956,0.147827133471,-0.989013214578
2026-06-24,-0.027057191163,0.364812659517,0.433883739118,-0.900968867902,0.130792675857,-0.991409741702
2026-06-25,-0.021099038116,-0.048504833232,-0.433883739118,-0.900968867902,0.113719514586,-0.993512894734
2026-06-26,0.004923319949,0.021378203978,-0.974927912182,-0.222520933956,0.096612701881,-0.995322051316
2026-06-27,-0.001272661742,-1.011078533505,-0.781831482468,0.623489801859,0.079477299924,-0.996836676089
2026-06-28,-0.006825999440,0.075390463230,0.000000000000,1.000000000000,0.062318379354,-0.998056320853
2026-06-29,0.010128530184,0.638413310391,0.781831482468,0.623489801859,0.045141017774,-0.998980624694
2026-06-30,-0.026615830286,0.060336468574,0.974927912182,-0.222520933956,0.027950298240,-0.999609314096
