timestamp,price_log_return,volume_log_change,day_wk_sin,day_wk_cos,day_yr_sin,day_yr_cos
2022-07-02,0.006344889241,-0.566045025879,-0.781831482468,0.623489801859,-0.006450864198,-0.999979192959
2022-07-03,0.006778719510,-0.149345972410,0.000000000000,1.000000000000,-0.023651127245,-0.999720272966
2022-07-04,0.069509462924,0.468490043581,0.781831482468,0.623489801859,-0.040844391543,-0.999165519661
2022-07-05,-0.014454281841,0.169465850960,0.974927912182,-0.222520933956,-0.058025569329,-0.998315097203
2022-07-06,0.045179032980,-0.052086919882,0.433883739118,-0.900968867902,-0.075189576415,-0.997169257247
2022-07-07,0.041761463656,-0.077239294122,-0.433883739118,-0.900968867902,-0.092331333695,-0.995728338865
2022-07-08,-0.012265639404,0.136733533658,-0.974927912182,-0.222520933956,-0.109445768649,-0.993992768447
2022-07-09,-0.004532075174,-0.614966603459,-0.781831482468,0.623489801859,-0.126527816839,-0.991963059577
2022-07-10,-0.040734289064,0.219315200465,0.000000000000,1.000000000000,-0.143572423412,-0.989639812879
2022-07-11,-0.062841858734,0.093750293664,0.781831482468,0.623489801859,-0.160574544595,-0.987023715839
2022-07-12,-0.055314409897,0.042128377982,0.974927912182,-0.222520933956,-0.177529149187,-0.984115542601
2022-07-13,0.070106076757,0.374673335072,0.433883739118,-0.900968867902,-0.194431220048,-0.980916153741
2022-07-14,0.067648565524,-0.092314180891,-0.433883739118,-0.900968867902,-0.211275755582,-0.977426496010
2022-07-15,0.034319919270,0.042399636084,-0.974927912182,-0.222520933956,-0.228057771222,-0.973647602054
2022-07-16,0.092493268334,0.053265043800,-0.781831482468,0.623489801859,-0.244772300897,-0.969580590108
2022-07-17,-0.010397239374,-0.132834640845,0.000000000000,1.000000000000,-0.261414398511,-0.965226663666
2022-07-18,0.164962066590,0.534458794754,0.781831482468,0.623489801859,-0.277979139399,-0.960587111125
2022-07-19,-0.022900545638,0.011345881656,0.974927912182,-0.222520933956,-0.294461621787,-0.955663305403
2022-07-20,-0.014870158627,-0.190362846582,0.433883739118,-0.900968867902,-0.310856968244,-0.950456703535
2022-07-21,0.036523102063,-0.136790177847,-0.433883739118,-0.900968867902,-0.327160327122,-0.944968846236
2022-07-22,-0.025269428258,-0.055668036217,-0.974927912182,-0.222520933956,-0.343366873996,-0.939201357453
2022-07-23,0.007705564304,-0.232570995717,-0.781831482468,0.623489801859,-0.359471813088,-0.933155943878
2022-07-24,0.031874910670,0.137975653818,0.000000000000,1.000000000000,-0.375470378688,-0.926834394446
2022-07-25,-0.101301872702,0.178618766001,0.781831482468,0.623489801859,-0.391357836561,-0.920238579805
2022-07-26,-0.002477607470,-0.121027150104,0.974927912182,-0.222520933956,-0.407129485354,-0.913370451764
2022-07-27,0.126499421029,0.232283066997,0.433883739118,-0.900968867902,-0.422780657983,-0.906232042711
2022-07-28,0.053101954509,0.168549424427,-0.433883739118,-0.900968867902,-0.438306723013,-0.898825465016
2022-07-29,0.001123031044,-0.158085753344,-0.974927912182,-0.222520933956,-0.453703086031,-0.891152910406
2022-07-30,-0.018366886660,-0.400490917967,-0.781831482468,0.623489801859,-0.468965191008,-0.883216649313
2022-07-31,-0.008557982564,-0.092500296767,0.000000000000,1.000000000000,-0.484088521639,-0.875019030203
2022-08-01,-0.027934007780,0.131184706982,0.781831482468,0.623489801859,-0.499068602689,-0.866562478885
2022-08-02,-0.001377153804,0.232334171877,0.974927912182,-0.222520933956,-0.513901001309,-0.857849497787
2022-08-03,-0.008654237261,-0.196254386722,0.433883739118,-0.900968867902,-0.528581328356,-0.848882665221
2022-08-04,-0.006612007744,-0.148657591525,-0.433883739118,-0.900968867902,-0.543105239683,-0.839664634618
2022-08-05,0.074304665152,0.248380003456,-0.974927912182,-0.222520933956,-0.557468437433,-0.830198133741
2022-08-06,-0.023714658344,-0.455754303344,-0.781831482468,0.623489801859,-0.571666671303,-0.820485963879
2022-08-07,0.004537152465,-0.137044730182,0.000000000000,1.000000000000,-0.585695739807,-0.810530999019
2022-08-08,0.043844835235,0.496359969357,0.781831482468,0.623489801859,-0.599551491520,-0.800336184998
2022-08-09,-0.041685052823,-0.028475521333,0.974927912182,-0.222520933956,-0.613229826300,-0.789904538622
2022-08-10,0.083721086723,0.362165189792,0.433883739118,-0.900968867902,-0.626726696508,-0.779239146786
2022-08-11,0.015795510583,0.013287565839,-0.433883739118,-0.900968867902,-0.640038108204,-0.768343165549
2022-08-12,0.039615924933,-0.327763372632,-0.974927912182,-0.222520933956,-0.653160122327,-0.757219819208
2022-08-13,0.012233023023,-0.068033740340,-0.781831482468,0.623489801859,-0.666088855861,-0.745872399340
2022-08-14,-0.022733480867,-0.131491936662,0.000000000000,1.000000000000,-0.678820482986,-0.734304263830
2022-08-15,-0.016961404717,0.369547762129,0.781831482468,0.623489801859,-0.691351236209,-0.722518835873
2022-08-16,-0.013795147342,-0.263400613323,0.974927912182,-0.222520933956,-0.703677407479,-0.710519602969
2022-08-17,-0.024327839151,0.261362994374,0.433883739118,-0.900968867902,-0.715795349283,-0.698310115884
2022-08-18,0.007613161971,-0.303032902197,-0.433883739118,-0.900968867902,-0.727701475726,-0.685893987600
2022-08-19,-0.135479002550,0.546481433958,-0.974927912182,-0.222520933956,-0.739392263596,-0.673274892250
2022-08-20,-0.022561220906,-0.345699540809,-0.781831482468,0.623489801859,-0.750864253399,-0.660456564028
2022-08-21,0.026478964214,-0.145668510291,0.000000000000,1.000000000000,-0.762114050389,-0.647442796083
2022-08-22,0.001966109116,0.157730913591,0.781831482468,0.623489801859,-0.773138325571,-0.634237439398
2022-08-23,0.024513043794,-0.012746500674,0.974927912182,-0.222520933956,-0.783933816683,-0.620844401651
2022-08-24,-0.003440357210,-0.087861515359,0.433883739118,-0.900968867902,-0.794497329167,-0.607267646057
2022-08-25,0.023497509541,-0.124346941430,-0.433883739118,-0.900968867902,-0.804825737108,-0.593511190196
2022-08-26,-0.117901725176,0.589280567668,-0.974927912182,-0.222520933956,-0.814915984166,-0.579579104826
2022-08-27,-0.010928315201,-0.388114711998,-0.781831482468,0.623489801859,-0.824765084473,-0.565475512674
2022-08-28,-0.041654794104,-0.345777098664,0.000000000000,1.000000000000,-0.834370123523,-0.551204587220
2022-08-29,0.082155453808,0.337186925798,0.781831482468,0.623489801859,-0.843728259029,-0.536770551461
2022-08-30,-0.018979874884,0.195078076228,0.974927912182,-0.222520933956,-0.852836721769,-0.522177676660
2022-08-31,0.019396766358,-0.058662957055,0.433883739118,-0.900968867902,-0.861692816403,-0.507430281083
2022-09-01,0.020697077972,-0.225517952872,-0.433883739118,-0.900968867902,-0.870293922269,-0.492532728722
2022-09-02,-0.005662471163,0.074674344456,-0.974927912182,-0.222520933956,-0.878637494161,-0.477489428003
2022-09-03,-0.012984977354,-0.620982158723,-0.781831482468,0.623489801859,-0.886721063083,-0.462304830480
2022-09-04,0.013251957382,-0.068793162062,0.000000000000,1.000000000000,-0.894542236976,-0.446983429520
2022-09-05,0.024754812757,0.385327332863,0.781831482468,0.623489801859,-0.902098701430,-0.431529758971
2022-09-06,-0.034879837993,0.563550645993,0.974927912182,-0.222520933956,-0.909388220365,-0.415948391825
2022-09-07,0.042716523280,-0.159640939692,0.433883739118,-0.900968867902,-0.916408636694,-0.400243938857
2022-09-08,0.003332842817,-0.104411242576,-0.433883739118,-0.900968867902,-0.923157872965,-0.384421047269
2022-09-09,0.049937018306,0.138681620846,-0.974927912182,-0.222520933956,-0.929633931968,-0.368484399308
2022-09-10,0.032685919998,-0.432805264441,-0.781831482468,0.623489801859,-0.935834897335,-0.352438710885
2022-09-11,-0.008142312433,-0.052101667817,0.000000000000,1.000000000000,-0.941758934099,-0.336288730177
2022-09-12,-0.027643185811,0.350039853836,0.781831482468,0.623489801859,-0.947404289244,-0.320039236223
2022-09-13,-0.080769421565,0.265486730273,0.974927912182,-0.222520933956,-0.952769292217,-0.303695037511
2022-09-14,0.033569514981,-0.253753802689,0.433883739118,-0.900968867902,-0.957852355428,-0.287260970551
2022-09-15,-0.105079183104,0.409203607639,-0.433883739118,-0.900968867902,-0.962651974716,-0.270741898448
2022-09-16,-0.027029068936,-0.474563394777,-0.974927912182,-0.222520933956,-0.967166729798,-0.254142709461
2022-09-17,0.025701973560,-0.439911636979,-0.781831482468,0.623489801859,-0.971395284684,-0.237468315558
2022-09-18,-0.095908891038,0.378249973977,0.000000000000,1.000000000000,-0.975336388077,-0.220723650961
2022-09-19,0.031122523358,0.171583154137,0.781831482468,0.623489801859,-0.978988873741,-0.203913670683
2022-09-20,-0.039349698285,-0.239838677040,0.974927912182,-0.222520933956,-0.982351660847,-0.187043349070
2022-09-21,-0.055722995942,0.338036356956,0.433883739118,-0.900968867902,-0.985423754292,-0.170117678320
2022-09-22,0.058205581934,-0.111711918642,-0.433883739118,-0.900968867902,-0.988204244994,-0.153141667013
2022-09-23,0.000436264207,0.016629831660,-0.974927912182,-0.222520933956,-0.990692310162,-0.136120338623
2022-09-24,-0.007759112680,-0.439261306324,-0.781831482468,0.623489801859,-0.992887213536,-0.119058730034
2022-09-25,-0.018204619952,-0.024733263493,0.000000000000,1.000000000000,-0.994788305609,-0.101961890052
2022-09-26,0.031265383979,0.306421502766,0.781831482468,0.623489801859,-0.996395023819,-0.084834877906
2022-09-27,-0.003896164317,0.108411121267,0.974927912182,-0.222520933956,-0.997706892710,-0.067682761755
2022-09-28,0.005460630480,0.061017865929,0.433883739118,-0.900968867902,-0.998723524080,-0.050510617185
2022-09-29,-0.001315752770,-0.319729641070,-0.433883739118,-0.900968867902,-0.999444617092,-0.033323525712
2022-09-30,-0.005761854655,0.032318860965,-0.974927912182,-0.222520933956,-0.999869958362,-0.016126573271
2022-10-01,-0.012376340654,-0.827714900706,-0.781831482468,0.623489801859,-0.999999422025,0.001075151283
2022-10-02,-0.027478161506,0.196246685592,0.000000000000,1.000000000000,-0.999832969770,0.018276557682
2022-10-03,0.036430346928,0.292480496524,0.781831482468,0.623489801859,-0.999370650854,0.035472555753
2022-10-04,0.028813335723,-0.001310407223,0.974927912182,-0.222520933956,-0.998612602084,0.052658056925
2022-10-05,-0.006843159492,-0.036693780412,0.433883739118,-0.900968867902,-0.997559047779,0.069827975730
2022-10-06,-0.000833918409,0.207923637436,-0.433883739118,-0.900968867902,-0.996210299702,0.086977231314
2022-10-07,-0.014300456675,-0.178967540543,-0.974927912182,-0.222520933956,-0.994566756971,0.104100748935
2022-10-08,-0.012852418092,-0.550064285854,-0.781831482468,0.623489801859,-0.992628905935,0.121193461471
2022-10-09,0.005385515471,-0.056422496506,0.000000000000,1.000000000000,-0.990397320035,0.138250310911
2022-10-10,-0.023924091757,0.471884169384,0.781831482468,0.623489801859,-0.987872659635,0.155266249860
2022-10-11,-0.009150090605,0.053180416382,0.974927912182,-0.222520933956,-0.985055671822,0.172236243028
2022-10-12,0.011909867196,-0.104369335017,0.433883739118,-0.900968867902,-0.981947190187,0.189155268720
2022-10-13,-0.005251573209,0.739209329704,-0.433883739118,-0.900968867902,-0.978548134580,0.206018320325
2022-10-14,0.007192490703,-0.288483267529,-0.974927912182,-0.222520933956,-0.974859510837,0.222820407795
2022-10-15,-0.017533761159,-0.656958795422,-0.781831482468,0.623489801859,-0.970882410481,0.239556559121
2022-10-16,0.024350585046,0.097081900931,0.000000000000,1.000000000000,-0.966618010400,0.256221821807
2022-10-17,0.019270416931,0.227050482315,0.781831482468,0.623489801859,-0.962067572498,0.272811264334
2022-10-18,-0.016098234511,0.102578637071,0.974927912182,-0.222520933956,-0.957232443323,0.289319977619
2022-10-19,-0.019030573340,-0.221070373152,0.433883739118,-0.900968867902,-0.952114053668,0.305743076467
2022-10-20,-0.001980062324,0.075892005467,-0.433883739118,-0.900968867902,-0.946713918146,0.322075701021
2022-10-21,0.012965360297,0.144776764324,-0.974927912182,-0.222520933956,-0.941033634745,0.338313018192
2022-10-22,0.010980550095,-0.372365277433,-0.781831482468,0.623489801859,-0.935074884352,0.354450223099
2022-10-23,0.036712476245,0.322846999397,0.000000000000,1.000000000000,-0.928839430256,0.370482540482
2022-10-24,-0.013623143802,0.278569006077,0.781831482468,0.623489801859,-0.922329117629,0.386405226121
2022-10-25,0.083183550223,0.661396598241,0.974927912182,-0.222520933956,-0.915545872978,0.402213568237
2022-10-26,0.069309903661,0.254084140329,0.433883739118,-0.900968867902,-0.908491703573,0.417902888887
2022-10-27,-0.033883645853,-0.360192307259,-0.433883739118,-0.900968867902,-0.901168696856,0.433468545349
2022-10-28,0.026780101014,-0.132889804752,-0.974927912182,-0.222520933956,-0.893579019824,0.448905931494
2022-10-29,0.040457179377,0.079070832362,-0.781831482468,0.623489801859,-0.885724918384,0.464210479152
2022-10-30,-0.018013460099,-0.439483401567,0.000000000000,1.000000000000,-0.877608716690,0.479377659461
2022-10-31,-0.011423459268,0.326413507118,0.781831482468,0.623489801859,-0.869232816457,0.494402984208
2022-11-01,0.004434768101,-0.285810822449,0.974927912182,-0.222520933956,-0.860599696250,0.509282007157
2022-11-02,-0.038717154756,0.471833803401,0.433883739118,-0.900968867902,-0.851711910747,0.524010325368
2022-11-03,0.007754200151,-0.489845365779,-0.433883739118,-0.900968867902,-0.842572089987,0.538583580492
2022-11-04,0.071522244368,0.378646573807,-0.974927912182,-0.222520933956,-0.833182938589,0.552997460070
2022-11-05,-0.010464528702,-0.636758756683,-0.781831482468,0.623489801859,-0.823547234956,0.567247698803
2022-11-06,-0.034834612836,0.055294942516,0.000000000000,1.000000000000,-0.813667830446,0.581330079815
2022-11-07,-0.002320048416,0.272718444253,0.781831482468,0.623489801859,-0.803547648534,0.595240435904
2022-11-08,-0.162869279696,1.012269519522,0.974927912182,-0.222520933956,-0.793189683945,0.608974650772
2022-11-09,-0.191844149866,-0.078730861974,0.433883739118,-0.900968867902,-0.782597001768,0.622528660243
2022-11-10,0.166487801831,-0.307338807050,-0.433883739118,-0.900968867902,-0.771772736547,0.635898453468
2022-11-11,-0.009466648272,-0.312010827210,-0.974927912182,-0.222520933956,-0.760720091356,0.649080074110
2022-11-12,-0.025136341911,-0.646026422130,-0.781831482468,0.623489801859,-0.749442336852,0.662069621515
2022-11-13,-0.027008436018,-0.022831245531,0.000000000000,1.000000000000,-0.737942810303,0.674863251868
2022-11-14,0.016063384891,0.338043760077,0.781831482468,0.623489801859,-0.726224914604,0.687457179327
2022-11-15,0.008127260568,-0.241986492505,0.974927912182,-0.222520933956,-0.714292117269,0.699847677146
2022-11-16,-0.029291681648,0.011926381915,0.433883739118,-0.900968867902,-0.702147949405,0.712031078779
2022-11-17,-0.012244712792,-0.205296649591,-0.433883739118,-0.900968867902,-0.689796004666,0.724003778959
2022-11-18,0.009524465435,-0.197633184057,-0.974927912182,-0.222520933956,-0.677239938191,0.735762234774
2022-11-19,0.005040860359,-0.288716746964,-0.781831482468,0.623489801859,-0.664483465523,0.747302966705
2022-11-20,-0.064370809093,0.478851005457,0.000000000000,1.000000000000,-0.651530361507,0.758622559666
2022-11-21,-0.030314520386,0.377700581664,0.781831482468,0.623489801859,-0.638384459175,0.769717664007
2022-11-22,0.023910314823,-0.156472247839,0.974927912182,-0.222520933956,-0.625049648610,0.780584996507
2022-11-23,0.041436812501,-0.068573250536,0.433883739118,-0.900968867902,-0.611529875799,0.791221341348
2022-11-24,0.017413073703,-0.146934282527,-0.433883739118,-0.900968867902,-0.597829141459,0.801623551065
2022-11-25,-0.004209279937,-0.571074011498,-0.974927912182,-0.222520933956,-0.583951499858,0.811788547476
2022-11-26,0.005798400099,-0.077547500246,-0.781831482468,0.623489801859,-0.569901057613,0.821713322596
2022-11-27,-0.008972058838,-0.122981932287,0.000000000000,1.000000000000,-0.555681972476,0.831394939523
2022-11-28,-0.021175011047,0.483321254160,0.781831482468,0.623489801859,-0.541298452104,0.840830533312
2022-11-29,0.039230258929,0.048819401746,0.974927912182,-0.222520933956,-0.526754752811,0.850017311819
2022-11-30,0.062734625678,0.252823365460,0.433883739118,-0.900968867902,-0.512055178311,0.858952556527
2022-12-01,-0.015097452966,-0.360736776826,-0.433883739118,-0.900968867902,-0.497204078447,0.867633623355
2022-12-02,0.014027755400,-0.098658621865,-0.974927912182,-0.222520933956,-0.482205847896,0.876057943434
2022-12-03,-0.040175436788,-0.091098569967,-0.781831482468,0.623489801859,-0.467064924877,0.884223023874
2022-12-04,0.029263364311,-0.091978314097,0.000000000000,1.000000000000,-0.451785789833,0.892126448495
2022-12-05,-0.016205373551,0.167949930075,0.781831482468,0.623489801859,-0.436372964105,0.899765878548
2022-12-06,0.009463118187,-0.184497701520,0.974927912182,-0.222520933956,-0.420831008596,0.907139053401
2022-12-07,-0.031324349110,0.122460151997,0.433883739118,-0.900968867902,-0.405164522421,0.914243791213
2022-12-08,0.038737917295,0.079354713939,-0.433883739118,-0.900968867902,-0.389378141545,0.921077989579
2022-12-09,-0.013225254083,-0.087387529420,-0.974927912182,-0.222520933956,-0.373476537413,0.927639626149
2022-12-10,0.001659138956,-0.552945148351,-0.781831482468,0.623489801859,-0.357464415565,0.933926759229
2022-12-11,-0.001988438422,0.023932447528,0.000000000000,1.000000000000,-0.341346514245,0.939937528356
2022-12-12,0.008470045526,0.426674327435,0.781831482468,0.623489801859,-0.325127603000,0.945670154847
2022-12-13,0.035400381405,0.537002539646,0.974927912182,-0.222520933956,-0.308812481266,0.951122942324
2022-12-14,-0.008533116265,-0.118135225608,0.433883739118,-0.900968867902,-0.292405976951,0.956294277220
2022-12-15,-0.033372777943,-0.260858258512,-0.433883739118,-0.900968867902,-0.275912945003,0.961182629254
2022-12-16,-0.080626863891,0.432557893063,-0.974927912182,-0.222520933956,-0.259338265975,0.965786551884
2022-12-17,0.016882136897,-0.605007583047,-0.781831482468,0.623489801859,-0.242686844583,0.970104682736
2022-12-18,-0.002894668628,-0.415783504333,0.000000000000,1.000000000000,-0.225963608248,0.974135744005
2022-12-19,-0.014543609111,0.389111529850,0.781831482468,0.623489801859,-0.209173505646,0.977878542834
2022-12-20,0.042007993381,0.301759494574,0.974927912182,-0.222520933956,-0.192321505239,0.981331971670
2022-12-21,-0.003375671891,-0.460691681264,0.433883739118,-0.900968867902,-0.175412593804,0.984495008588
2022-12-22,0.003768560296,0.228062370028,-0.433883739118,-0.900968867902,-0.158451774961,0.987366717594
2022-12-23,0.001621836246,-0.091176499575,-0.974927912182,-0.222520933956,-0.141444067688,0.989946248902
2022-12-24,0.000810332660,-0.610533007525,-0.781831482468,0.623489801859,-0.124394504840,0.992232839189
2022-12-25,-0.001792151574,0.406350689008,0.000000000000,1.000000000000,-0.107308131656,0.994225811816
2022-12-26,0.006551566718,-0.183387884220,0.781831482468,0.623489801859,-0.090190004270,0.995924577029
2022-12-27,-0.011626442102,0.220436189364,0.974927912182,-0.222520933956,-0.073045188211,0.997328632136
2022-12-28,-0.018983218255,0.198851285785,0.433883739118,-0.900968867902,-0.055878756905,0.998437561657
2022-12-29,0.009708508365,-0.188952282843,-0.433883739118,-0.900968867902,-0.038695790177,0.999251037439
2022-12-30,-0.001968112224,-0.018702695024,-0.974927912182,-0.222520933956,-0.021501372741,0.999768818763
2022-12-31,-0.002054711669,-0.295351034853,-0.781831482468,0.623489801859,-0.004300592703,0.999990752408
2023-01-01,0.003497972792,-0.229431312262,0.000000000000,1.000000000000,0.017201575418,0.999852041956
2023-01-02,0.011336146257,0.450616177110,0.781831482468,0.623489801859,0.034398060614,0.999408211606
2023-01-03,0.000100593234,-0.104243029131,0.974927912182,-0.222520933956,0.051584366869,0.998668640288
2023-01-04,0.033789247030,0.635281619628,0.433883739118,-0.900968867902,0.068755408481,0.997633546852
2023-01-05,-0.004856888032,-0.470247016349,-0.433883739118,-0.900968867902,0.085906104261,0.996303237599
2023-01-06,0.015033458138,0.218137215163,-0.974927912182,-0.222520933956,0.103031379043,0.994678106189
2023-01-07,-0.004032641196,-0.662836360703,-0.781831482468,0.623489801859,0.120126165182,0.992758633525
2023-01-08,0.018098033492,0.309317083289,0.000000000000,1.000000000000,0.137185404057,0.990545387609
2023-01-09,0.026203702357,0.826886866631,0.781831482468,0.623489801859,0.154204047563,0.988039023377
2023-01-10,0.011321724803,-0.315198962459,0.974927912182,-0.222520933956,0.171177059610,0.985240282501
2023-01-11,0.037696755891,0.079865885606,0.433883739118,-0.900968867902,0.188099417612,0.982149993175
2023-01-12,0.021388637533,0.660995130437,-0.433883739118,-0.900968867902,0.204966113969,0.978769069865
2023-01-13,0.023472599213,-0.464748200388,-0.974927912182,-0.222520933956,0.221772157556,0.975098513040
2023-01-14,0.066034258493,0.698101578850,-0.781831482468,0.623489801859,0.238512575194,0.971139408877
2023-01-15,0.001142427796,-0.824078647314,0.000000000000,1.000000000000,0.255182413123,0.966892928939
2023-01-16,0.015565394517,0.221514656111,0.781831482468,0.623489801859,0.271776738471,0.962360329828
2023-01-17,-0.005715972671,-0.106619562016,0.974927912182,-0.222520933956,0.288290640710,0.957542952812
2023-01-18,-0.033952738308,0.309380404860,0.433883739118,-0.900968867902,0.304719233109,0.952442223431
2023-01-19,0.024152930295,-0.476073112007,-0.433883739118,-0.900968867902,0.321057654185,0.947059651072
2023-01-20,0.066766550197,0.282074929870,-0.974927912182,-0.222520933956,0.337301069136,0.941396828526
2023-01-21,-0.019859036667,0.038002364429,-0.781831482468,0.623489801859,0.353444671274,0.935455431513
2023-01-22,0.000776480408,-0.164163499289,0.000000000000,1.000000000000,0.369483683447,0.929237218188
2023-01-23,-0.000080439791,0.094671479130,0.781831482468,0.623489801859,0.385413359454,0.922744028620
2023-01-24,-0.044999808582,-0.010244394887,0.974927912182,-0.222520933956,0.401228985448,0.915977784248
2023-01-25,0.034789699981,0.259031421014,0.433883739118,-0.900968867902,0.416925881329,0.908940487314
2023-01-26,-0.005353413924,-0.233083311008,-0.433883739118,-0.900968867902,0.432499402134,0.901634220265
2023-01-27,-0.003092196850,-0.032793915058,-0.974927912182,-0.222520933956,0.447944939408,0.894061145145
2023-01-28,-0.016225363253,-0.336392317362,-0.781831482468,0.623489801859,0.463257922567,0.886223502949
2023-01-29,0.045817243524,0.416410954523,0.000000000000,1.000000000000,0.478433820255,0.878123612959
2023-01-30,-0.049071328178,0.042174187456,0.781831482468,0.623489801859,0.493468141677,0.869763872065
2023-01-31,0.012181319413,-0.332249407418,0.974927912182,-0.222520933956,0.508356437938,0.861146754048
2023-02-01,0.034236124266,0.209133525867,0.433883739118,-0.900968867902,0.523094303349,0.852274808852
2023-02-02,0.000882092849,0.262934675915,-0.433883739118,-0.900968867902,0.537677376741,0.843150661828
2023-02-03,0.013001459830,-0.256481413040,-0.974927912182,-0.222520933956,0.552101342746,0.833777012959
2023-02-04,0.001388796245,-0.335113996062,-0.781831482468,0.623489801859,0.566361933081,0.824156636057
2023-02-05,-0.021471874456,0.170086872832,0.000000000000,1.000000000000,0.580454927809,0.814292377947
2023-02-06,-0.009482405583,-0.000985752621,0.781831482468,0.623489801859,0.594376156585,0.804187157621
2023-02-07,0.033915793451,0.148821821156,0.974927912182,-0.222520933956,0.608121499894,0.793843965378
2023-02-08,-0.012813015982,-0.028314932695,0.433883739118,-0.900968867902,0.621686890267,0.783265861934
2023-02-09,-0.065255243820,0.298846301592,-0.433883739118,-0.900968867902,0.635068313487,0.772455977519
2023-02-10,-0.020625312702,-0.225829753106,-0.974927912182,-0.222520933956,0.648261809776,0.761417510953
2023-02-11,0.016405796027,-0.505762543473,-0.781831482468,0.623489801859,0.661263474966,0.750153728696
2023-02-12,-0.016297178166,0.049258531205,0.000000000000,1.000000000000,0.674069461655,0.738667963881
2023-02-13,-0.005206681693,0.565440396257,0.781831482468,0.623489801859,0.686675980345,0.726963615332
2023-02-14,0.032449689869,-0.012279467458,0.974927912182,-0.222520933956,0.699079300566,0.715044146554
2023-02-15,0.072383525815,0.079509870050,0.433883739118,-0.900968867902,0.711275751974,0.702913084708
2023-02-16,-0.020326734324,0.237897249878,-0.433883739118,-0.900968867902,0.723261725444,0.690574019572
2023-02-17,0.032817423985,-0.259353072778,-0.974927912182,-0.222520933956,0.735033674133,0.678030602474
2023-02-18,-0.001750348732,-0.579441651050,-0.781831482468,0.623489801859,0.746588114532,0.665286545211
2023-02-19,-0.006156268459,0.236866473255,0.000000000000,1.000000000000,0.757921627497,0.652345618957
2023-02-20,0.012552360418,0.101631823349,0.781831482468,0.623489801859,0.769030859259,0.639211653138
2023-02-21,-0.026566647411,0.124115345207,0.974927912182,-0.222520933956,0.779912522417,0.625888534308
2023-02-22,-0.008969151520,0.052245584342,0.433883739118,-0.900968867902,0.790563396912,0.612380204990
2023-02-23,0.004761050728,-0.019355049478,-0.433883739118,-0.900968867902,0.800980330978,0.598690662518
2023-02-24,-0.026202681870,-0.011617653306,-0.974927912182,-0.222520933956,0.811160242079,0.584823957846
2023-02-25,-0.008402822837,-0.454061512554,-0.781831482468,0.623489801859,0.821100117813,0.570784194357
2023-02-26,0.028373981800,0.012345727652,0.000000000000,1.000000000000,0.830797016812,0.556575526641
2023-02-27,-0.003963631545,0.234236246296,0.781831482468,0.623489801859,0.840248069608,0.542202159273
2023-02-28,-0.017549419753,-0.135296154226,0.974927912182,-0.222520933956,0.849450479481,0.527668345563
2023-03-01,0.035202647729,0.197159363307,0.433883739118,-0.900968867902,0.858401523292,0.512978386299
2023-03-02,-0.009734647607,-0.084051989029,-0.433883739118,-0.900968867902,0.867098552281,0.498136628478
2023-03-03,-0.048604032565,0.337370512005,-0.974927912182,-0.222520933956,0.875538992859,0.483147464015
2023-03-04,-0.001430859201,-0.815666975011,-0.781831482468,0.623489801859,0.883720347362,0.468015328444
2023-03-05,-0.001568120599,0.134494712352,0.000000000000,1.000000000000,0.891640194797,0.452744699607
2023-03-06,0.001871045029,0.043698018272,0.781831482468,0.623489801859,0.899296191553,0.437340096330
2023-03-07,-0.003493130228,0.267536458666,0.974927912182,-0.222520933956,0.906686072098,0.421806077083
2023-03-08,-0.017987989215,0.039516233003,0.433883739118,-0.900968867902,0.913807649647,0.406147238631
2023-03-09,-0.064223577427,0.282492945962,-0.433883739118,-0.900968867902,0.920658816810,0.390368214676
2023-03-10,-0.006627141274,0.292007559465,-0.974927912182,-0.222520933956,0.927237546218,0.374473674487
2023-03-11,0.036723050265,0.163649200433,-0.781831482468,0.623489801859,0.933541891118,0.358468321512
2023-03-12,0.070109689689,-0.261816418251,0.000000000000,1.000000000000,0.939569985953,0.342356891995
2023-03-13,0.055059424911,0.313700495365,0.781831482468,0.623489801859,0.945320046913,0.326144153564
2023-03-14,0.013711433060,0.028134567163,0.974927912182,-0.222520933956,0.950790372463,0.309834903832
2023-03-15,-0.028175041343,-0.239716388638,0.433883739118,-0.900968867902,0.955979343844,0.293433968967
2023-03-16,0.012620877536,-0.305831913080,-0.433883739118,-0.900968867902,0.960885425557,0.276946202269
2023-03-17,0.066468034686,0.286143638308,-0.974927912182,-0.222520933956,0.965507165814,0.260376482734
2023-03-18,-0.017346627309,-0.189248144414,-0.781831482468,0.623489801859,0.969843196967,0.243729713610
2023-03-19,0.013484995730,-0.117873762102,0.000000000000,1.000000000000,0.973892235915,0.227010820941
2023-03-20,-0.028548776335,0.179923970719,0.781831482468,0.623489801859,0.977653084482,0.210224752119
2023-03-21,0.040343019478,-0.020214906832,0.974927912182,-0.222520933956,0.981124629772,0.193376474410
2023-03-22,-0.038963390401,0.148748106078,0.433883739118,-0.900968867902,0.984305844499,0.176470973492
2023-03-23,0.044287149921,-0.125382736319,-0.433883739118,-0.900968867902,0.987195787291,0.159513251973
2023-03-24,-0.036075793417,-0.009057308083,-0.974927912182,-0.222520933956,0.989793602967,0.142508327916
2023-03-25,-0.004737125758,-0.500780604887,-0.781831482468,0.623489801859,0.992098522792,0.125461233353
2023-03-26,0.018135185175,0.055289906976,0.000000000000,1.000000000000,0.994109864702,0.108377012792
2023-03-27,-0.034499880700,0.205578563287,0.781831482468,0.623489801859,0.995827033510,0.091260721729
2023-03-28,0.032870378345,-0.028214921300,0.974927912182,-0.222520933956,0.997249521077,0.074117425151
2023-03-29,0.011339095933,0.090353001941,0.433883739118,-0.900968867902,0.998376906467,0.056952196034
2023-03-30,-0.000147611657,0.062406143081,-0.433883739118,-0.900968867902,0.999208856068,0.039770113846
2023-03-31,0.016203321208,-0.060962072933,-0.974927912182,-0.222520933956,0.999745123693,0.022576263042
2023-04-01,-0.004489425774,-0.498727827057,-0.781831482468,0.623489801859,0.999985550651,0.005375731558
2023-04-02,-0.010058054151,0.109546056946,0.000000000000,1.000000000000,0.999930065796,-0.011826390692
2023-04-03,0.008091540555,0.441813638011,0.781831482468,0.623489801859,0.999578685548,-0.029025013322
2023-04-04,0.032984801482,0.075326519754,0.974927912182,-0.222520933956,0.998931513885,-0.046215046984
2023-04-05,0.020163479742,-0.007635170650,0.433883739118,-0.900968867902,0.997988742316,-0.063391404870
2023-04-06,-0.019139164760,-0.222198375529,-0.433883739118,-0.900968867902,0.996750649821,-0.080549004219
2023-04-07,-0.003898030660,0.011184527145,-0.974927912182,-0.222520933956,0.995217602774,-0.097682767822
2023-04-08,-0.008687729569,-0.510290344148,-0.781831482468,0.623489801859,0.993390054826,-0.114787625522
2023-04-09,0.005332960847,0.237558723459,0.000000000000,1.000000000000,0.991268546779,-0.131858515717
2023-04-10,0.027487948367,0.275600098189,0.781831482468,0.623489801859,0.988853706421,-0.148890386856
2023-04-11,-0.010000523048,0.057624840272,0.974927912182,-0.222520933956,0.986146248342,-0.165878198935
2023-04-12,0.014945669987,0.215380037816,0.433883739118,-0.900968867902,0.983146973722,-0.182816924985
2023-04-13,0.046764233286,0.130608832161,-0.433883739118,-0.900968867902,0.979856770096,-0.199701552566
2023-04-14,0.043271218507,0.261570852520,-0.974927912182,-0.222520933956,0.976276611087,-0.216527085245
2023-04-15,-0.004372194636,-0.707058798175,-0.781831482468,0.623489801859,0.972407556122,-0.233288544075
2023-04-16,0.013075196963,-0.017364077699,0.000000000000,1.000000000000,0.968250750117,-0.249980969073
2023-04-17,-0.020858880628,0.200216485758,0.781831482468,0.623489801859,0.963807423137,-0.266599420679
2023-04-18,0.013535686517,-0.054836737665,0.974927912182,-0.222520933956,0.959078890034,-0.283138981228
2023-04-19,-0.083263301620,0.411194420394,0.433883739118,-0.900968867902,0.954066550058,-0.299594756397
2023-04-20,0.003451072878,-0.196263468434,-0.433883739118,-0.900968867902,0.948771886440,-0.315961876658
2023-04-21,-0.049097856577,0.061653083897,-0.974927912182,-0.222520933956,0.943196465957,-0.332235498716
2023-04-22,0.013011608442,-0.546881974735,-0.781831482468,0.623489801859,0.937341938464,-0.348410806945
2023-04-23,-0.006512699424,-0.053509351600,0.000000000000,1.000000000000,0.931210036412,-0.364483014810
2023-04-24,-0.010421420187,0.244569907053,0.781831482468,0.623489801859,0.924802574329,-0.380447366288
2023-04-25,0.012937850752,0.027937300648,0.974927912182,-0.222520933956,0.918121448284,-0.396299137269
2023-04-26,-0.000101493166,0.503499231622,0.433883739118,-0.900968867902,0.911168635333,-0.412033636959
2023-04-27,0.022368215844,-0.024565517819,-0.433883739118,-0.900968867902,0.903946192922,-0.427646209268
2023-04-28,-0.008562156335,-0.599489412358,-0.974927912182,-0.222520933956,0.896456258291,-0.443132234183
2023-04-29,0.008630582413,-0.472231573846,-0.781831482468,0.623489801859,0.888701047829,-0.458487129140
2023-04-30,-0.016901626227,0.309964399924,0.000000000000,1.000000000000,0.880682856430,-0.473706350380
2023-05-01,-0.024250823208,0.276873347337,0.781831482468,0.623489801859,0.872404056805,-0.488785394289
2023-05-02,0.020976818915,-0.134959964408,0.974927912182,-0.222520933956,0.863867098784,-0.503719798736
2023-05-03,0.017938807918,0.097229402438,0.433883739118,-0.900968867902,0.855074508590,-0.518505144391
2023-05-04,-0.014249430874,-0.233227836145,-0.433883739118,-0.900968867902,0.846028888092,-0.533137056032
2023-05-05,0.060624774782,0.367311400516,-0.974927912182,-0.222520933956,0.836732914034,-0.547611203840
2023-05-06,-0.048703965625,0.013072554779,-0.781831482468,0.623489801859,0.827189337246,-0.561923304683
2023-05-07,-0.014388395770,-0.334989834597,0.000000000000,1.000000000000,0.817400981825,-0.576069123380
2023-05-08,-0.012914162345,0.362848490784,0.781831482468,0.623489801859,0.807370744302,-0.590044473955
2023-05-09,-0.000237759489,-0.478924172795,0.974927912182,-0.222520933956,0.797101592787,-0.603845220877
2023-05-10,-0.003360421673,0.484009369736,0.433883739118,-0.900968867902,0.786596566087,-0.617467280284
2023-05-11,-0.025234782361,-0.174405260741,-0.433883739118,-0.900968867902,0.775858772807,-0.630906621188
2023-05-12,0.006397104139,0.079735255182,-0.974927912182,-0.222520933956,0.764891390434,-0.644159266672
2023-05-13,-0.006606274016,-0.666097571207,-0.781831482468,0.623489801859,0.753697664393,-0.657221295066
2023-05-14,0.002439020881,0.013587228248,0.000000000000,1.000000000000,0.742280907087,-0.670088841106
2023-05-15,0.009424453576,0.359433123547,0.781831482468,0.623489801859,0.730644496918,-0.682758097076
2023-05-16,0.003609079260,-0.187333100496,0.974927912182,-0.222520933956,0.718791877288,-0.695225313941
2023-05-17,-0.001240731129,0.126750311614,0.433883739118,-0.900968867902,0.706726555578,-0.707486802450
2023-05-18,-0.011111257617,-0.113055180125,-0.433883739118,-0.900968867902,0.694452102109,-0.719538934233
2023-05-19,0.006009982866,-0.167934754261,-0.974927912182,-0.222520933956,0.681972149090,-0.731378142868
2023-05-20,0.004342645542,-0.485438868274,-0.781831482468,0.623489801859,0.669290389541,-0.743000924944
2023-05-21,-0.008798188574,0.137509971377,0.000000000000,1.000000000000,0.656410576198,-0.754403841093
2023-05-22,0.007180141528,0.291913703343,0.781831482468,0.623489801859,0.643336520404,-0.765583517008
2023-05-23,0.020069668217,0.408076353595,0.974927912182,-0.222520933956,0.630072090984,-0.776536644443
2023-05-24,-0.029708534807,0.040460401184,0.433883739118,-0.900968867902,0.616621213096,-0.787259982192
2023-05-25,0.003246632123,-0.116340232788,-0.433883739118,-0.900968867902,0.602987867069,-0.797750357046
2023-05-26,0.012510860496,-0.148111483254,-0.974927912182,-0.222520933956,0.589176087232,-0.808004664735
2023-05-27,0.001327167564,-0.527507377346,-0.781831482468,0.623489801859,0.575189960712,-0.818019870844
2023-05-28,0.042654892681,0.681599448358,0.000000000000,1.000000000000,0.561033626228,-0.827793011713
2023-05-29,-0.009377616371,-0.077615701610,0.781831482468,0.623489801859,0.546711272869,-0.837321195312
2023-05-30,0.004189920157,-0.092745921296,0.974927912182,-0.222520933956,0.532227138847,-0.846601602098
2023-05-31,-0.014249247119,0.109569370065,0.433883739118,-0.900968867902,0.517585510253,-0.855631485849
2023-06-01,-0.006385470013,-0.059286002407,-0.433883739118,-0.900968867902,0.502790719779,-0.864408174478
2023-06-02,0.023906525290,0.078030310631,-0.974927912182,-0.222520933956,0.487847145442,-0.872929070821
2023-06-03,-0.007813412940,-0.563109312633,-0.781831482468,0.623489801859,0.472759209286,-0.881191653407
2023-06-04,-0.001003945585,0.076157028893,0.000000000000,1.000000000000,0.457531376074,-0.889193477207
2023-06-05,-0.042512027519,0.903288248300,0.781831482468,0.623489801859,0.442168151967,-0.896932174351
2023-06-06,0.039323329013,-0.060425165096,0.974927912182,-0.222520933956,0.426674083190,-0.904405454834
2023-06-07,-0.028035415164,-0.094452118458,0.433883739118,-0.900968867902,0.411053754687,-0.911611107193
2023-06-08,0.007560256641,-0.557323068824,-0.433883739118,-0.900968867902,0.395311788765,-0.918546999159
2023-06-09,-0.003296688453,0.016353401026,-0.974927912182,-0.222520933956,0.379452843725,-0.925211078289
2023-06-10,-0.048910382671,0.850072578046,-0.781831482468,0.623489801859,0.363481612483,-0.931601372577
2023-06-11,0.000587892974,-0.861352706609,0.000000000000,1.000000000000,0.347402821184,-0.937715991030
2023-06-12,-0.006228150087,0.279848579363,0.781831482468,0.623489801859,0.331221227802,-0.943553124235
2023-06-13,-0.002005470959,0.029848296988,0.974927912182,-0.222520933956,0.314941620729,-0.949111044890
2023-06-14,-0.052241897553,0.183119860826,0.433883739118,-0.900968867902,0.298568817364,-0.954388108318
2023-06-15,0.009047294268,-0.018165110601,-0.433883739118,-0.900968867902,0.282107662682,-0.959382752949
2023-06-16,0.030248430137,-0.154246767967,-0.974927912182,-0.222520933956,0.265563027804,-0.964093500789
2023-06-17,0.006118292640,-0.253374380987,-0.781831482468,0.623489801859,0.248939808554,-0.968518957851
2023-06-18,-0.003843976105,-0.243897969845,0.000000000000,1.000000000000,0.232242924009,-0.972657814572
2023-06-19,0.009879050169,0.310411414563,0.781831482468,0.623489801859,0.215477315047,-0.976508846197
2023-06-20,0.030860224903,0.319383230578,0.974927912182,-0.222520933956,0.198647942880,-0.980070913143
2023-06-21,0.053710324443,0.492218691035,0.433883739118,-0.900968867902,0.181759787591,-0.983342961339
2023-06-22,-0.009598611427,-0.324839795624,-0.433883739118,-0.900968867902,0.164817846657,-0.986324022532
2023-06-23,0.010579014511,-0.022309970235,-0.974927912182,-0.222520933956,0.147827133471,-0.989013214578
2023-06-24,-0.008916332353,-0.500461580156,-0.781831482468,0.623489801859,0.130792675857,-0.991409741702
2023-06-25,0.012946551928,0.322290675969,0.000000000000,1.000000000000,0.113719514586,-0.993512894734
2023-06-26,-0.021848693008,0.217097290283,0.781831482468,0.623489801859,0.096612701881,-0.995322051316
2023-06-27,0.016148341244,-0.114644564284,0.974927912182,-0.222520933956,0.079477299924,-0.996836676089
2023-06-28,-0.033213155926,-0.074356589544,0.433883739118,-0.900968867902,0.062318379354,-0.998056320853
2023-06-29,0.013182144850,-0.228586200062,-0.433883739118,-0.900968867902,0.045141017774,-0.998980624694
2023-06-30,0.042782094607,0.820386624153,-0.974927912182,-0.222520933956,0.027950298240,-0.999609314096
2023-07-01,-0.004470507587,-0.920417626142,-0.781831482468,0.623489801859,0.010751307764,-0.999942203020
2023-07-02,0.006666219551,0.211072010895,0.000000000000,1.000000000000,-0.006450864198,-0.999979192959
2023-07-03,0.009222567828,0.214092702669,0.781831482468,0.623489801859,-0.023651127245,-0.999720272966
2023-07-04,-0.009638052932,-0.324043076212,0.974927912182,-0.222520933956,-0.040844391543,-0.999165519661
2023-07-05,-0.013540124870,0.059870908473,0.433883739118,-0.900968867902,-0.058025569329,-0.998315097203
2023-07-06,-0.032962728139,0.389189121098,-0.433883739118,-0.900968867902,-0.075189576415,-0.997169257247
2023-07-07,0.011812265779,-0.319610075191,-0.974927912182,-0.222520933956,-0.092331333695,-0.995728338865
2023-07-08,-0.002710277746,-0.408619518474,-0.781831482468,0.623489801859,-0.109445768649,-0.993992768447
2023-07-09,-0.001356981137,0.021597097783,0.000000000000,1.000000000000,-0.126527816839,-0.991963059577
2023-07-10,0.009374355145,0.366340190043,0.781831482468,0.623489801859,-0.143572423412,-0.989639812879
2023-07-11,-0.001181378397,-0.256020406932,0.974927912182,-0.222520933956,-0.160574544595,-0.987023715839
2023-07-12,-0.003318159704,0.262711297191,0.433883739118,-0.900968867902,-0.177529149187,-0.984115542601
2023-07-13,0.069329478896,0.555269966462,-0.433883739118,-0.900968867902,-0.194431220048,-0.980916153741
2023-07-14,-0.034046287285,-0.044842182446,-0.974927912182,-0.222520933956,-0.211275755582,-0.977426496010
2023-07-15,-0.004071755899,-0.886372270843,-0.781831482468,0.623489801859,-0.228057771222,-0.973647602054
2023-07-16,-0.004038588229,-0.011660572938,0.000000000000,1.000000000000,-0.244772300897,-0.969580590108
2023-07-17,-0.006276285158,0.433424749175,0.781831482468,0.623489801859,-0.261414398511,-0.965226663666
2023-07-18,-0.007375181874,-0.138441485724,0.974927912182,-0.222520933956,-0.277979139399,-0.960587111125
2023-07-19,-0.004537742064,0.034445385468,0.433883739118,-0.900968867902,-0.294461621787,-0.955663305403
2023-07-20,0.001037668637,0.202151552621,-0.433883739118,-0.900968867902,-0.310856968244,-0.950456703535
2023-07-21,0.000587336769,-0.456222967306,-0.974927912182,-0.222520933956,-0.327160327122,-0.944968846236
2023-07-22,-0.014462737767,-0.129459244462,-0.781831482468,0.623489801859,-0.343366873996,-0.939201357453
2023-07-23,0.012934982819,0.088452508537,0.000000000000,1.000000000000,-0.359471813088,-0.933155943878
2023-07-24,-0.020962278560,0.347810486851,0.781831482468,0.623489801859,-0.375470378688,-0.926834394446
2023-07-25,0.004174980456,-0.421240713543,0.974927912182,-0.222520933956,-0.391357836561,-0.920238579805
2023-07-26,0.007731056270,0.328343839261,0.433883739118,-0.900968867902,-0.407129485354,-0.913370451764
2023-07-27,-0.006324297213,-0.298072630402,-0.433883739118,-0.900968867902,-0.422780657983,-0.906232042711
2023-07-28,0.007704082126,-0.121341688227,-0.974927912182,-0.222520933956,-0.438306723013,-0.898825465016
2023-07-29,0.003367568818,-0.420046138436,-0.781831482468,0.623489801859,-0.453703086031,-0.891152910406
2023-07-30,-0.010380291026,0.471834429157,0.000000000000,1.000000000000,-0.468965191008,-0.883216649313
2023-07-31,-0.002948754755,0.092651191328,0.781831482468,0.623489801859,-0.484088521639,-0.875019030203
2023-08-01,0.008385216320,0.553028028029,0.974927912182,-0.222520933956,-0.499068602689,-0.866562478885
2023-08-02,-0.017625589083,-0.168875213213,0.433883739118,-0.900968867902,-0.513901001309,-0.857849497787
2023-08-03,-0.002151880905,-0.314038201208,-0.433883739118,-0.900968867902,-0.528581328356,-0.848882665221
2023-08-04,-0.004053453150,0.031482789681,-0.974927912182,-0.222520933956,-0.543105239683,-0.839664634618
2023-08-05,0.003972497000,-0.528359372645,-0.781831482468,0.623489801859,-0.557468437433,-0.830198133741
2023-08-06,-0.004109756911,0.033400908580,0.000000000000,1.000000000000,-0.571666671303,-0.820485963879
2023-08-07,-0.000286336054,0.678032459020,0.781831482468,0.623489801859,-0.585695739807,-0.810530999019
2023-08-08,0.015678040193,-0.004296141209,0.974927912182,-0.222520933956,-0.599551491520,-0.800336184998
2023-08-09,-0.000813866840,0.009796660465,0.433883739118,-0.900968867902,-0.613229826300,-0.789904538622
2023-08-10,-0.001913166923,-0.445368631581,-0.433883739118,-0.900968867902,-0.626726696508,-0.779239146786
2023-08-11,-0.001962763333,-0.114636989034,-0.974927912182,-0.222520933956,-0.640038108204,-0.768343165549
2023-08-12,0.000955355109,-0.380820060273,-0.781831482468,0.623489801859,-0.653160122327,-0.757219819208
2023-08-13,-0.005211127927,0.287614158307,0.000000000000,1.000000000000,-0.666088855861,-0.745872399340
2023-08-14,0.002663601415,0.290264283829,0.781831482468,0.623489801859,-0.678820482986,-0.734304263830
2023-08-15,-0.009399412544,0.093577196226,0.974927912182,-0.222520933956,-0.691351236209,-0.722518835873
2023-08-16,-0.011712807847,0.104243046428,0.433883739118,-0.900968867902,-0.703677407479,-0.710519602969
2023-08-17,-0.069199573673,1.049096129049,-0.433883739118,-0.900968867902,-0.715795349283,-0.698310115884
2023-08-18,-0.014339321685,-0.387389291603,-0.974927912182,-0.222520933956,-0.727701475726,-0.685893987600
2023-08-19,0.005120604489,-0.683101664813,-0.781831482468,0.623489801859,-0.739392263596,-0.673274892250
2023-08-20,0.009170393113,-0.171127123996,0.000000000000,1.000000000000,-0.750864253399,-0.660456564028
2023-08-21,-0.010490772010,0.212549830809,0.781831482468,0.623489801859,-0.762114050389,-0.647442796083
2023-08-22,-0.020221731634,0.355490098880,0.974927912182,-0.222520933956,-0.773138325571,-0.634237439398
2023-08-23,0.027396551115,-0.007308551322,0.433883739118,-0.900968867902,-0.783933816683,-0.620844401651
2023-08-24,-0.011577587414,-0.342822248597,-0.433883739118,-0.900968867902,-0.794497329167,-0.607267646057
2023-08-25,-0.004231685246,0.055714083340,-0.974927912182,-0.222520933956,-0.804825737108,-0.593511190196
2023-08-26,-0.004018077592,-0.800734155390,-0.781831482468,0.623489801859,-0.814915984166,-0.579579104826
2023-08-27,0.006783869824,0.079615969252,0.000000000000,1.000000000000,-0.824765084473,-0.565475512674
2023-08-28,-0.003054811550,0.615405662536,0.781831482468,0.623489801859,-0.834370123523,-0.551204587220
2023-08-29,0.045699333902,0.845107423088,0.974927912182,-0.222520933956,-0.843728259029,-0.536770551461
2023-08-30,-0.014331940827,-0.811030381214,0.433883739118,-0.900968867902,-0.852836721769,-0.522177676660
2023-08-31,-0.035502048868,0.271824404318,-0.433883739118,-0.900968867902,-0.861692816403,-0.507430281083
2023-09-01,-0.010474907270,-0.077003905543,-0.974927912182,-0.222520933956,-0.870293922269,-0.492532728722
2023-09-02,0.005226860040,-0.729397593930,-0.781831482468,0.623489801859,-0.878637494161,-0.477489428003
2023-09-03,-0.000554644174,0.068368303306,0.000000000000,1.000000000000,-0.886721063083,-0.462304830480
2023-09-04,-0.003957660792,0.209888324066,0.781831482468,0.623489801859,-0.894542236976,-0.446983429520
2023-09-05,0.002435658217,0.127685201334,0.974927912182,-0.222520933956,-0.902098701430,-0.431529758971
2023-09-06,-0.000843309953,0.121342047525,0.433883739118,-0.900968867902,-0.909388220365,-0.415948391825
2023-09-07,0.009357779477,-0.016192224668,-0.433883739118,-0.900968867902,-0.916408636694,-0.400243938857
2023-09-08,-0.006980156418,-0.064992731002,-0.974927912182,-0.222520933956,-0.923157872965,-0.384421047269
2023-09-09,-0.000596376881,-0.792579988499,-0.781831482468,0.623489801859,-0.929633931968,-0.368484399308
2023-09-10,-0.011275362778,0.734609926951,0.000000000000,1.000000000000,-0.935834897335,-0.352438710885
2023-09-11,-0.041155784661,0.572642809666,0.781831482468,0.623489801859,-0.941758934099,-0.336288730177
2023-09-12,0.025949851133,-0.121449067569,0.974927912182,-0.222520933956,-0.947404289244,-0.320039236223
2023-09-13,0.009723232880,-0.313629584343,0.433883739118,-0.900968867902,-0.952769292217,-0.303695037511
2023-09-14,0.011738037484,0.106483216111,-0.433883739118,-0.900968867902,-0.957852355428,-0.287260970551
2023-09-15,0.008973901904,-0.241956044049,-0.974927912182,-0.222520933956,-0.962651974716,-0.270741898448
2023-09-16,-0.003917595103,-0.433263958187,-0.781831482468,0.623489801859,-0.967166729798,-0.254142709461
2023-09-17,-0.007565722554,0.072872178852,0.000000000000,1.000000000000,-0.971395284684,-0.237468315558
2023-09-18,0.008864620568,0.668315927149,0.781831482468,0.623489801859,-0.975336388077,-0.220723650961
2023-09-19,0.003778021178,-0.294837115777,0.974927912182,-0.222520933956,-0.978988873741,-0.203913670683
2023-09-20,-0.012646402631,0.157307380494,0.433883739118,-0.900968867902,-0.982351660847,-0.187043349070
2023-09-21,-0.024061803568,0.006822555558,-0.433883739118,-0.900968867902,-0.985423754292,-0.170117678320
2023-09-22,0.005640355663,-0.405570061342,-0.974927912182,-0.222520933956,-0.988204244994,-0.153141667013
2023-09-23,0.000369911656,-0.498876115468,-0.781831482468,0.623489801859,-0.990692310162,-0.136120338623
2023-09-24,-0.008192535650,0.384402569623,0.000000000000,1.000000000000,-0.992887213536,-0.119058730034
2023-09-25,0.004713840833,0.353428014645,0.781831482468,0.623489801859,-0.994788305609,-0.101961890052
2023-09-26,0.003202250671,-0.214952833464,0.974927912182,-0.222520933956,-0.996395023819,-0.084834877906
2023-09-27,0.002553490262,0.445237693364,0.433883739118,-0.900968867902,-0.997706892710,-0.067682761755
2023-09-28,0.034086443150,0.185096294561,-0.433883739118,-0.900968867902,-0.998723524080,-0.050510617185
2023-09-29,0.009070790252,-0.185701671540,-0.974927912182,-0.222520933956,-0.999444617092,-0.033323525712
2023-09-30,0.001927473312,-0.561050206481,-0.781831482468,0.623489801859,-0.999869958362,-0.016126573271
2023-10-01,0.036802431918,0.471273044742,0.000000000000,1.000000000000,-0.999999422025,0.001075151283
2023-10-02,-0.041321046804,0.510321344788,0.781831482468,0.623489801859,-0.999832969770,0.018276557682
2023-10-03,-0.004181475759,-0.574042058602,0.974927912182,-0.222520933956,-0.999370650854,0.035472555753
2023-10-04,-0.005354814095,0.077989624788,0.433883739118,-0.900968867902,-0.998612602084,0.052658056925
2023-10-05,-0.022313404954,0.052471773142,-0.433883739118,-0.900968867902,-0.997559047779,0.069827975730
2023-10-06,0.021094951228,-0.089484849785,-0.974927912182,-0.222520933956,-0.996210299702,0.086977231314
2023-10-07,-0.006901935694,-0.650210199560,-0.781831482468,0.623489801859,-0.994566756971,0.104100748935
2023-10-08,-0.000589124170,0.251224998017,0.000000000000,1.000000000000,-0.992628905935,0.121193461471
2023-10-09,-0.033452233680,0.750252634304,0.781831482468,0.623489801859,-0.990397320035,0.138250310911
2023-10-10,-0.007684582640,-0.289703857961,0.974927912182,-0.222520933956,-0.987872659635,0.155266249860
2023-10-11,-0.000930610755,0.030277081217,0.433883739118,-0.900968867902,-0.985055671822,0.172236243028
2023-10-12,-0.017156552989,-0.079226900282,-0.433883739118,-0.900968867902,-0.981947190187,0.189155268720
2023-10-13,0.008071359338,-0.089586109358,-0.974927912182,-0.222520933956,-0.978548134580,0.206018320325
2023-10-14,0.002038626645,-0.633069585614,-0.781831482468,0.623489801859,-0.974859510837,0.222820407795
2023-10-15,0.001807063218,0.185158030166,0.000000000000,1.000000000000,-0.970882410481,0.239556559121
2023-10-16,0.026889749083,1.107344265300,0.781831482468,0.623489801859,-0.966618010400,0.256221821807
2023-10-17,-0.022170848827,-0.564116308540,0.974927912182,-0.222520933956,-0.962067572498,0.272811264334
2023-10-18,-0.001079958536,-0.144827177247,0.433883739118,-0.900968867902,-0.957232443323,0.289319977619
2023-10-19,0.002367876132,0.145308691494,-0.433883739118,-0.900968867902,-0.952114053668,0.305743076467
2023-10-20,0.023461596611,0.292734464644,-0.974927912182,-0.222520933956,-0.946713918146,0.322075701021
2023-10-21,0.015237024402,-0.471189768287,-0.781831482468,0.623489801859,-0.941033634745,0.338313018192
2023-10-22,0.020728492662,0.219944325563,0.000000000000,1.000000000000,-0.935074884352,0.354450223099
2023-10-23,0.059485794112,1.006681863752,0.781831482468,0.623489801859,-0.928839430256,0.370482540482
2023-10-24,0.010735750863,0.101001134258,0.974927912182,-0.222520933956,-0.922329117629,0.386405226121
2023-10-25,0.001657458207,-0.520750480308,0.433883739118,-0.900968867902,-0.915545872978,0.402213568237
2023-10-26,0.009267512281,0.170759563078,-0.433883739118,-0.900968867902,-0.908491703573,0.417902888887
2023-10-27,-0.013389403281,-0.401594045403,-0.974927912182,-0.222520933956,-0.901168696856,0.433468545349
2023-10-28,-0.001927157365,-0.572740008034,-0.781831482468,0.623489801859,-0.893579019824,0.448905931494
2023-10-29,0.010597516022,0.030851878897,0.000000000000,1.000000000000,-0.885724918384,0.464210479152
2023-10-30,0.008066641707,0.547298410185,0.781831482468,0.623489801859,-0.877608716690,0.479377659461
2023-10-31,0.003513185856,-0.151032988343,0.974927912182,-0.222520933956,-0.869232816457,0.494402984208
2023-11-01,0.016722284072,0.495169815694,0.433883739118,-0.900968867902,-0.860599696250,0.509282007157
2023-11-02,-0.025479687341,-0.165878828598,-0.433883739118,-0.900968867902,-0.851711910747,0.524010325368
2023-11-03,0.017710624992,-0.166538723040,-0.974927912182,-0.222520933956,-0.842572089987,0.538583580492
2023-11-04,0.013496199648,-0.453188314037,-0.781831482468,0.623489801859,-0.833182938589,0.552997460070
2023-11-05,0.019435847754,0.604389889905,0.000000000000,1.000000000000,-0.823547234956,0.567247698803
2023-11-06,0.002994042727,-0.089980839783,0.781831482468,0.623489801859,-0.813667830446,0.581330079815
2023-11-07,-0.006184419548,0.127181413171,0.974927912182,-0.222520933956,-0.803547648534,0.595240435904
2023-11-08,0.000634354508,-0.309770793162,0.433883739118,-0.900968867902,-0.793189683945,0.608974650772
2023-11-09,0.115462453141,1.297412162415,-0.433883739118,-0.900968867902,-0.782597001768,0.622528660243
2023-11-10,-0.020135351368,-0.516588427236,-0.974927912182,-0.222520933956,-0.771772736547,0.635898453468
2023-11-11,-0.012382586228,-0.365443856377,-0.781831482468,0.623489801859,-0.760720091356,0.649080074110
2023-11-12,-0.003673521715,-0.251864216039,0.000000000000,1.000000000000,-0.749442336852,0.662069621515
2023-11-13,0.004915745128,0.588499591287,0.781831482468,0.623489801859,-0.737942810303,0.674863251868
2023-11-14,-0.037786727150,-0.090113495899,0.974927912182,-0.222520933956,-0.726224914604,0.687457179327
2023-11-15,0.040285986954,-0.035901195778,0.433883739118,-0.900968867902,-0.714292117269,0.699847677146
2023-11-16,-0.049510074670,0.148766796421,-0.433883739118,-0.900968867902,-0.702147949405,0.712031078779
2023-11-17,0.000203545844,-0.209555787287,-0.974927912182,-0.222520933956,-0.689796004666,0.724003778959
2023-11-18,0.001021398412,-0.387501420043,-0.781831482468,0.623489801859,-0.677239938191,0.735762234774
2023-11-19,0.025108607052,-0.044191245000,0.000000000000,1.000000000000,-0.664483465523,0.747302966705
2023-11-20,0.004477665383,0.511321878497,0.781831482468,0.623489801859,-0.651530361507,0.758622559666
2023-11-21,-0.043030524608,0.059371660186,0.974927912182,-0.222520933956,-0.638384459175,0.769717664007
2023-11-22,0.063677023256,-0.020817991870,0.433883739118,-0.900968867902,-0.625049648610,0.780584996507
2023-11-23,-0.001073319687,-0.535414974632,-0.433883739118,-0.900968867902,-0.611529875799,0.791221341348
2023-11-24,0.009143074912,0.438837418021,-0.974927912182,-0.222520933956,-0.597829141459,0.801623551065
2023-11-25,0.001565687655,-0.817147118242,-0.781831482468,0.623489801859,-0.583951499858,0.811788547476
2023-11-26,-0.010187400160,0.406816650392,0.000000000000,1.000000000000,-0.569901057613,0.821713322596
2023-11-27,-0.017537176078,0.272204820130,0.781831482468,0.623489801859,-0.555681972476,0.831394939523
2023-11-28,0.010754134099,-0.064866539376,0.974927912182,-0.222520933956,-0.541298452104,0.840830533312
2023-11-29,-0.009515964716,-0.102496530989,0.433883739118,-0.900968867902,-0.526754752811,0.850017311819
2023-11-30,0.011085004781,-0.098286469324,-0.433883739118,-0.900968867902,-0.512055178311,0.858952556527
2023-12-01,0.016708736319,0.292895458527,-0.974927912182,-0.222520933956,-0.497204078447,0.867633623355
2023-12-02,0.036950872391,-0.174141316084,-0.781831482468,0.623489801859,-0.482205847896,0.876057943434
2023-12-03,0.012840281063,-0.097921707920,0.000000000000,1.000000000000,-0.467064924877,0.884223023874
2023-12-04,0.022324660632,0.668223202893,0.781831482468,0.623489801859,-0.451785789833,0.892126448495
2023-12-05,0.022317582058,-0.048613141756,0.974927912182,-0.222520933956,-0.436372964105,0.899765878548
2023-12-06,-0.027481732281,-0.184556211409,0.433883739118,-0.900968867902,-0.420831008596,0.907139053401
2023-12-07,0.054889175054,0.143676074004,-0.433883739118,-0.900968867902,-0.405164522421,0.914243791213
2023-12-08,0.000488663129,-0.163188272481,-0.974927912182,-0.222520933956,-0.389378141545,0.921077989579
2023-12-09,-0.007471093127,-0.167090170678,-0.781831482468,0.623489801859,-0.373476537413,0.927639626149
2023-12-10,0.004809648899,-0.364744500773,0.000000000000,1.000000000000,-0.357464415565,0.933926759229
2023-12-11,-0.055895093990,0.892409688738,0.781831482468,0.623489801859,-0.341346514245,0.939937528356
2023-12-12,-0.010184285923,-0.456939149809,0.974927912182,-0.222520933956,-0.325127603000,0.945670154847
2023-12-13,0.026268465157,0.098986505457,0.433883739118,-0.900968867902,-0.308812481266,0.951122942324
2023-12-14,0.024439772933,0.002566244989,-0.433883739118,-0.900968867902,-0.292405976951,0.956294277220
2023-12-15,-0.042882888386,-0.206217168242,-0.974927912182,-0.222520933956,-0.275912945003,0.961182629254
2023-12-16,0.003413705907,-0.401508172626,-0.781831482468,0.623489801859,-0.259338265975,0.965786551884
2023-12-17,-0.013765763969,0.076229098658,0.000000000000,1.000000000000,-0.242686844583,0.970104682736
2023-12-18,0.009421633886,0.335691287015,0.781831482468,0.623489801859,-0.225963608248,0.974135744005
2023-12-19,-0.017929749989,0.024078791884,0.974927912182,-0.222520933956,-0.209173505646,0.977878542834
2023-12-20,0.010977281119,0.175176525136,0.433883739118,-0.900968867902,-0.192321505239,0.981331971670
2023-12-21,0.016945804339,-0.002830388833,-0.433883739118,-0.900968867902,-0.175412593804,0.984495008588
2023-12-22,0.038104100811,0.246122134097,-0.974927912182,-0.222520933956,-0.158451774961,0.987366717594
2023-12-23,-0.007541076327,-0.702217015297,-0.781831482468,0.623489801859,-0.141444067688,0.989946248902
2023-12-24,-0.018954327455,0.167186292986,0.000000000000,1.000000000000,-0.124394504840,0.992232839189
2023-12-25,0.003027434910,-0.162130204387,0.781831482468,0.623489801859,-0.107308131656,0.994225811816
2023-12-26,-0.018249257910,0.283334001478,0.974927912182,-0.222520933956,-0.090190004270,0.995924577029
2023-12-27,0.063912462383,0.283212812952,0.433883739118,-0.900968867902,-0.073045188211,0.997328632136
2023-12-28,-0.013191815850,0.100644791551,-0.433883739118,-0.900968867902,-0.055878756905,0.998437561657
2023-12-29,-0.020169744950,-0.222478915657,-0.974927912182,-0.222520933956,-0.038695790177,0.999251037439
2023-12-30,-0.003756025396,-0.598872660246,-0.781831482468,0.623489801859,-0.021501372741,0.999768818763
2023-12-31,-0.004632851164,-0.002429372580,0.000000000000,1.000000000000,-0.004300592703,0.999990752408
2024-01-01,0.030584931183,0.005121743172,0.781831482468,0.623489801859,0.017201575418,0.999852041956
2024-01-02,0.001490409146,0.625542803711,0.974927912182,-0.222520933956,0.034398060614,0.999408211606
2024-01-03,-0.063558598898,0.403765731604,0.433883739118,-0.900968867902,0.051584366869,0.998668640288
2024-01-04,0.026018755302,-0.559871602438,-0.433883739118,-0.900968867902,0.068755408481,0.997633546852
2024-01-05,-0.000172276884,-0.016764351762,-0.974927912182,-0.222520933956,0.085906104261,0.996303237599
2024-01-06,-0.011982773739,-0.598302936310,-0.781831482468,0.623489801859,0.103031379043,0.994678106189
2024-01-07,-0.008403601048,0.083399637646,0.000000000000,1.000000000000,0.120126165182,0.992758633525
2024-01-08,0.048371676266,0.756590112384,0.781831482468,0.623489801859,0.137185404057,0.990545387609
2024-01-09,0.005042672902,0.073904877434,0.974927912182,-0.222520933956,0.154204047563,0.988039023377
2024-01-10,0.096392694384,0.667980735991,0.433883739118,-0.900968867902,0.171177059610,0.985240282501
2024-01-11,0.014424558155,-0.251892482405,-0.433883739118,-0.900968867902,0.188099417612,0.982149993175
2024-01-12,-0.037001681327,0.045402305079,-0.974927912182,-0.222520933956,0.204966113969,0.978769069865
2024-01-13,0.020442625793,-0.656704537059,-0.781831482468,0.623489801859,0.221772157556,0.975098513040
2024-01-14,-0.041344773424,-0.264247884575,0.000000000000,1.000000000000,0.238512575194,0.971139408877
2024-01-15,0.015700827990,0.030886913100,0.781831482468,0.623489801859,0.255182413123,0.966892928939
2024-01-16,0.029940094873,0.131444037435,0.974927912182,-0.222520933956,0.271776738471,0.962360329828
2024-01-17,-0.023191451937,-0.057892827989,0.433883739118,-0.900968867902,0.288290640710,0.957542952812
2024-01-18,-0.024564125367,0.130798718460,-0.433883739118,-0.900968867902,0.304719233109,0.952442223431
2024-01-19,0.009070841056,-0.042464496094,-0.974927912182,-0.222520933956,0.321057654185,0.947059651072
2024-01-20,-0.008029513578,-0.766779685461,-0.781831482468,0.623489801859,0.337301069136,0.941396828526
2024-01-21,-0.006367856755,-0.145931269910,0.000000000000,1.000000000000,0.353444671274,0.935455431513
2024-01-22,-0.060078711953,1.112232267350,0.781831482468,0.623489801859,0.369483683447,0.929237218188
2024-01-23,-0.030823131733,0.150311054023,0.974927912182,-0.222520933956,0.385413359454,0.922744028620
2024-01-24,-0.003184568184,-0.467941185119,0.433883739118,-0.900968867902,0.401228985448,0.915977784248
2024-01-25,-0.007122292058,-0.085711456687,-0.433883739118,-0.900968867902,0.416925881329,0.908940487314
2024-01-26,0.022070236303,0.069837765018,-0.974927912182,-0.222520933956,0.432499402134,0.901634220265
2024-01-27,0.000302653290,-0.662191378432,-0.781831482468,0.623489801859,0.447944939408,0.894061145145
2024-01-28,-0.004719134760,0.349453345304,0.000000000000,1.000000000000,0.463257922567,0.886223502949
2024-01-29,0.026171977924,0.204096177804,0.781831482468,0.623489801859,0.478433820255,0.878123612959
2024-01-30,0.011768494890,0.128328511155,0.974927912182,-0.222520933956,0.493468141677,0.869763872065
2024-01-31,-0.026778651707,0.060495392193,0.433883739118,-0.900968867902,0.508356437938,0.861146754048
2024-02-01,0.009279857551,-0.194720926782,-0.433883739118,-0.900968867902,0.523094303349,0.852274808852
2024-02-02,0.001827192294,-0.213400273124,-0.974927912182,-0.222520933956,0.537677376741,0.843150661828
2024-02-03,-0.005212677613,-0.435770504208,-0.781831482468,0.623489801859,0.552101342746,0.833777012959
2024-02-04,-0.002831565693,0.157045644882,0.000000000000,1.000000000000,0.566361933081,0.824156636057
2024-02-05,0.004072319311,0.291298307310,0.781831482468,0.623489801859,0.580454927809,0.814292377947
2024-02-06,0.031392671147,0.268759809469,0.974927912182,-0.222520933956,0.594376156585,0.804187157621
2024-02-07,0.021495315635,0.014570853496,0.433883739118,-0.900968867902,0.608121499894,0.793843965378
2024-02-08,-0.001585012366,0.028693576466,-0.433883739118,-0.900968867902,0.621686890267,0.783265861934
2024-02-09,0.027555570801,0.315829286617,-0.974927912182,-0.222520933956,0.635068313487,0.772455977519
2024-02-10,0.005497448377,-0.744718815247,-0.781831482468,0.623489801859,0.648261809776,0.761417510953
2024-02-11,0.002532458884,0.126462763931,0.000000000000,1.000000000000,0.661263474966,0.750153728696
2024-02-12,0.058303209984,0.572368224157,0.781831482468,0.623489801859,0.674069461655,0.738667963881
2024-02-13,-0.006011247748,0.338634329210,0.974927912182,-0.222520933956,0.686675980345,0.726963615332
2024-02-14,0.050089749341,0.160348726626,0.433883739118,-0.900968867902,0.699079300566,0.715044146554
2024-02-15,0.016592393955,0.101252121033,-0.433883739118,-0.900968867902,0.711275751974,0.702913084708
2024-02-16,-0.007351575948,-0.330361527271,-0.974927912182,-0.222520933956,0.723261725444,0.690574019572
2024-02-17,-0.006088638007,0.050040616541,-0.781831482468,0.623489801859,0.735033674133,0.678030602474
2024-02-18,0.032594062950,0.264238638148,0.000000000000,1.000000000000,0.746588114532,0.665286545211
2024-02-19,0.022182396278,-0.431981109056,0.781831482468,0.623489801859,0.757921627497,0.652345618957
2024-02-20,0.023478679671,0.293802431890,0.974927912182,-0.222520933956,0.769030859259,0.639211653138
2024-02-21,-0.014421777074,-0.073657552970,0.433883739118,-0.900968867902,0.779912522417,0.625888534308
2024-02-22,0.000219429614,-0.045371327403,-0.433883739118,-0.900968867902,0.790563396912,0.612380204990
2024-02-23,-0.016749728833,-0.342420726528,-0.974927912182,-0.222520933956,0.800980330978,0.598690662518
2024-02-24,0.023919725036,-0.180816803387,-0.781831482468,0.623489801859,0.811160242079,0.584823957846
2024-02-25,0.039418580379,0.312019700599,0.000000000000,1.000000000000,0.821100117813,0.570784194357
2024-02-26,0.021075046884,0.180034688818,0.781831482468,0.623489801859,0.830797016812,0.556575526641
2024-02-27,0.020402514436,0.186357993640,0.974927912182,-0.222520933956,0.840248069608,0.542202159273
2024-02-28,0.042594619378,0.444229872255,0.433883739118,-0.900968867902,0.849450479481,0.527668345563
2024-02-29,-0.013016423301,-0.144222034287,-0.433883739118,-0.900968867902,0.858401523292,0.512978386299
2024-03-01,0.027487237304,-0.522686254740,-0.974927912182,-0.222520933956,0.867098552281,0.498136628478
2024-03-02,-0.003792903370,-0.339202550866,-0.781831482468,0.623489801859,0.875538992859,0.483147464015
2024-03-03,0.019946680203,0.126317371817,0.000000000000,1.000000000000,0.883720347362,0.468015328444
2024-03-04,0.039165745876,0.674142214003,0.781831482468,0.623489801859,0.891640194797,0.452744699607
2024-03-05,-0.021007050416,0.577683457405,0.974927912182,-0.222520933956,0.899296191553,0.437340096330
2024-03-06,0.071702762355,-0.311482568557,0.433883739118,-0.900968867902,0.906686072098,0.421806077083
2024-03-07,0.014329434214,-0.441983177418,-0.433883739118,-0.900968867902,0.913807649647,0.406147238631
2024-03-08,0.004561544550,0.151683770519,-0.974927912182,-0.222520933956,0.920658816810,0.390368214676
2024-03-09,0.005983487605,-0.784520854370,-0.781831482468,0.623489801859,0.927237546218,0.374473674487
2024-03-10,-0.008779723723,0.280218782635,0.000000000000,1.000000000000,0.933541891118,0.358468321512
2024-03-11,0.046626559907,0.601600835437,0.781831482468,0.623489801859,0.939569985953,0.342356891995
2024-03-12,-0.021418711711,-0.067834348265,0.974927912182,-0.222520933956,0.945320046913,0.326144153564
2024-03-13,0.006556858931,-0.200438885401,0.433883739118,-0.900968867902,0.950790372463,0.309834903832
2024-03-14,-0.031263114642,0.143799162589,-0.433883739118,-0.900968867902,0.955979343844,0.293433968967
2024-03-15,-0.038837426133,0.275578192226,-0.974927912182,-0.222520933956,0.960885425557,0.276946202269
2024-03-16,-0.058533586441,-0.506021460496,-0.781831482468,0.623489801859,0.965507165814,0.260376482734
2024-03-17,0.033373207498,-0.013010041958,0.000000000000,1.000000000000,0.969843196967,0.243729713610
2024-03-18,-0.034757984646,0.059552096659,0.781831482468,0.623489801859,0.973892235915,0.227010820941
2024-03-19,-0.108070415215,0.479042057021,0.974927912182,-0.222520933956,0.977653084482,0.210224752119
2024-03-20,0.106764258284,0.068933900757,0.433883739118,-0.900968867902,0.981124629772,0.193376474410
2024-03-21,-0.005823806496,-0.499486613541,-0.433883739118,-0.900968867902,0.984305844499,0.176470973492
2024-03-22,-0.046679254478,-0.076632441619,-0.974927912182,-0.222520933956,0.987195787291,0.159513251973
2024-03-23,0.000871329293,-0.440670445441,-0.781831482468,0.623489801859,0.989793602967,0.142508327916
2024-03-24,0.034766710050,-0.085526738985,0.000000000000,1.000000000000,0.992098522792,0.125461233353
2024-03-25,0.038681118506,0.425495157658,0.781831482468,0.623489801859,0.994109864702,0.108377012792
2024-03-26,-0.000941410852,-0.005301522463,0.974927912182,-0.222520933956,0.995827033510,0.091260721729
2024-03-27,-0.024661050087,0.013287239587,0.433883739118,-0.900968867902,0.997249521077,0.074117425151
2024-03-28,0.017328054549,-0.132877860414,-0.433883739118,-0.900968867902,0.998376906467,0.056952196034
2024-03-29,-0.013993468162,-0.255878638384,-0.974927912182,-0.222520933956,0.999208856068,0.039770113846
2024-03-30,-0.001100271812,-0.303055716974,-0.781831482468,0.623489801859,0.999745123693,0.022576263042
2024-03-31,0.039109513189,0.111818059987,0.000000000000,1.000000000000,0.999985550651,0.005375731558
2024-04-01,-0.039940631814,0.421355917020,0.781831482468,0.623489801859,0.999930065796,-0.011826390692
2024-04-02,-0.067199125146,0.321795586556,0.974927912182,-0.222520933956,0.999578685548,-0.029025013322
2024-04-03,0.010383749355,-0.321256058790,0.433883739118,-0.900968867902,0.998931513885,-0.046215046984
2024-04-04,0.005600762074,-0.100744471452,-0.433883739118,-0.900968867902,0.997988742316,-0.063391404870
2024-04-05,-0.003355514641,0.049730505513,-0.974927912182,-0.222520933956,0.996750649821,-0.080549004219
2024-04-06,0.010579513784,-0.529818266121,-0.781831482468,0.623489801859,0.995217602774,-0.097682767822
2024-04-07,0.029178180850,0.103244928997,0.000000000000,1.000000000000,0.993390054826,-0.114787625522
2024-04-08,0.067673118793,0.651664939747,0.781831482468,0.623489801859,0.991268546779,-0.131858515717
2024-04-09,-0.052822654511,-0.041541852082,0.974927912182,-0.222520933956,0.988853706421,-0.148890386856
2024-04-10,0.010944718575,-0.080111139732,0.433883739118,-0.900968867902,0.986146248342,-0.165878198935
2024-04-11,-0.010920619373,-0.181160655493,-0.433883739118,-0.900968867902,0.983146973722,-0.182816924985
2024-04-12,-0.077751625127,0.451274527793,-0.974927912182,-0.222520933956,0.979856770096,-0.199701552566
2024-04-13,-0.076265173082,0.303077033228,-0.781831482468,0.623489801859,0.976276611087,-0.216527085245
2024-04-14,0.049359384567,-0.160734495285,0.000000000000,1.000000000000,0.972407556122,-0.233288544075
2024-04-15,-0.017685586552,-0.150474469063,0.781831482468,0.623489801859,0.968250750117,-0.249980969073
2024-04-16,-0.005392438667,-0.120261636364,0.974927912182,-0.222520933956,0.963807423137,-0.266599420679
2024-04-17,-0.033017312925,-0.093169357663,0.433883739118,-0.900968867902,0.959078890034,-0.283138981228
2024-04-18,0.026874312434,-0.154007443433,-0.433883739118,-0.900968867902,0.954066550058,-0.299594756397
2024-04-19,-0.002203653499,0.295306503427,-0.974927912182,-0.222520933956,0.948771886440,-0.315961876658
2024-04-20,0.031641733684,-0.721118031074,-0.781831482468,0.623489801859,0.943196465957,-0.332235498716
2024-04-21,-0.003279546528,-0.054303551438,0.000000000000,1.000000000000,0.937341938464,-0.348410806945
2024-04-22,0.017125645633,0.250101622948,0.781831482468,0.623489801859,0.931210036412,-0.364483014810
2024-04-23,0.005686954608,-0.087381704183,0.974927912182,-0.222520933956,0.924802574329,-0.380447366288
2024-04-24,-0.025193160249,0.236241700819,0.433883739118,-0.900968867902,0.918121448284,-0.396299137269
2024-04-25,0.005306083224,-0.000800628426,-0.433883739118,-0.900968867902,0.911168635333,-0.412033636959
2024-04-26,-0.008381181989,-0.275314716911,-0.974927912182,-0.222520933956,0.903946192922,-0.427646209268
2024-04-27,0.038236263028,0.106900718748,-0.781831482468,0.623489801859,0.896456258291,-0.443132234183
2024-04-28,0.003256039199,-0.038072987439,0.000000000000,1.000000000000,0.888701047829,-0.458487129140
2024-04-29,-0.014617183697,0.278411197325,0.781831482468,0.623489801859,0.880682856430,-0.473706350380
2024-04-30,-0.065261225647,0.194892704851,0.974927912182,-0.222520933956,0.872404056805,-0.488785394289
2024-05-01,-0.014210098365,0.090894727621,0.433883739118,-0.900968867902,0.863867098784,-0.503719798736
2024-05-02,0.006171195718,-0.418506582742,-0.433883739118,-0.900968867902,0.855074508590,-0.518505144391
2024-05-03,0.037883393834,-0.023187057694,-0.974927912182,-0.222520933956,0.846028888092,-0.533137056032
2024-05-04,0.004511872855,-0.440058528086,-0.781831482468,0.623489801859,0.836732914034,-0.547611203840
2024-05-05,0.006290398503,0.058636054911,0.000000000000,1.000000000000,0.827189337246,-0.561923304683
2024-05-06,-0.024040038581,0.392740697267,0.781831482468,0.623489801859,0.817400981825,-0.576069123380
2024-05-07,-0.018503998431,-0.102336426124,0.974927912182,-0.222520933956,0.807370744302,-0.590044473955
2024-05-08,-0.011009687025,0.004119413600,0.433883739118,-0.900968867902,0.797101592787,-0.603845220877
2024-05-09,0.020755029698,-0.082127088243,-0.433883739118,-0.900968867902,0.786596566087,-0.617467280284
2024-05-10,-0.042466267818,0.122596678401,-0.974927912182,-0.222520933956,0.775858772807,-0.630906621188
2024-05-11,0.000622116039,-0.591540364704,-0.781831482468,0.623489801859,0.764891390434,-0.644159266672
2024-05-12,0.005855826173,-0.139855215912,0.000000000000,1.000000000000,0.753697664393,-0.657221295066
2024-05-13,0.007028779746,0.815219323536,0.781831482468,0.623489801859,0.742280907087,-0.670088841106
2024-05-14,-0.023395786098,-0.070405962826,0.974927912182,-0.222520933956,0.730644496918,-0.682758097076
2024-05-15,0.052696553647,0.164313400552,0.433883739118,-0.900968867902,0.718791877288,-0.695225313941
2024-05-16,-0.030735502644,-0.117919722310,-0.433883739118,-0.900968867902,0.706726555578,-0.707486802450
2024-05-17,0.049349767154,0.102981794336,-0.974927912182,-0.222520933956,0.694452102109,-0.719538934233
2024-05-18,0.009274638996,-0.429195979258,-0.781831482468,0.623489801859,0.681972149090,-0.731378142868
2024-05-19,-0.016500026655,-0.072657216843,0.000000000000,1.000000000000,0.669290389541,-0.743000924944
2024-05-20,0.176238286801,1.272517406110,0.781831482468,0.623489801859,0.656410576198,-0.754403841093
2024-05-21,0.033668668920,0.186849961838,0.974927912182,-0.222520933956,0.643336520404,-0.765583517008
2024-05-22,-0.013843244910,-0.403080837303,0.433883739118,-0.900968867902,0.630072090984,-0.776536644443
2024-05-23,0.010569357450,0.595337498509,-0.433883739118,-0.900968867902,0.616621213096,-0.787259982192
2024-05-24,-0.013324716440,-0.717767035002,-0.974927912182,-0.222520933956,0.602987867069,-0.797750357046
2024-05-25,0.005966173776,-0.800071456412,-0.781831482468,0.623489801859,0.589176087232,-0.808004664735
2024-05-26,0.020240831540,0.381906716515,0.000000000000,1.000000000000,0.575189960712,-0.818019870844
2024-05-27,0.017131850662,0.257266168549,0.781831482468,0.623489801859,0.561033626228,-0.827793011713
2024-05-28,-0.013385799156,0.046243954383,0.974927912182,-0.222520933956,0.546711272869,-0.837321195312
2024-05-29,-0.020270383528,-0.130878583568,0.433883739118,-0.900968867902,0.532227138847,-0.846601602098
2024-05-30,-0.004353355315,-0.144695545615,-0.433883739118,-0.900968867902,0.517585510253,-0.855631485849
2024-05-31,0.003510652127,0.014814263010,-0.974927912182,-0.222520933956,0.502790719779,-0.864408174478
2024-06-01,0.014042427874,-0.568411820489,-0.781831482468,0.623489801859,0.487847145442,-0.872929070821
2024-06-02,-0.008507445185,0.250532852722,0.000000000000,1.000000000000,0.472759209286,-0.881191653407
2024-06-03,-0.003844257505,0.235563771694,0.781831482468,0.623489801859,0.457531376074,-0.889193477207
2024-06-04,0.012172544281,-0.054800795409,0.974927912182,-0.222520933956,0.442168151967,-0.896932174351
2024-06-05,0.013481152793,0.149422241361,0.433883739118,-0.900968867902,0.426674083190,-0.904405454834
2024-06-06,-0.013719845755,-0.128997308661,-0.433883739118,-0.900968867902,0.411053754687,-0.911611107193
2024-06-07,-0.035510442060,0.291981815026,-0.974927912182,-0.222520933956,0.395311788765,-0.918546999159
2024-06-08,0.000630688474,-0.694690749603,-0.781831482468,0.623489801859,0.379452843725,-0.925211078289
2024-06-09,0.006756314165,-0.139619880313,0.000000000000,1.000000000000,0.363481612483,-0.931601372577
2024-06-10,-0.010630316279,0.271395771441,0.781831482468,0.623489801859,0.347402821184,-0.937715991030
2024-06-11,-0.047010981984,0.614493468544,0.974927912182,-0.222520933956,0.331221227802,-0.943553124235
2024-06-12,0.017367270976,-0.112529803154,0.433883739118,-0.900968867902,0.314941620729,-0.949111044890
2024-06-13,-0.025705704714,-0.169342251669,-0.433883739118,-0.900968867902,0.298568817364,-0.954388108318
2024-06-14,0.003163003856,0.087380153508,-0.974927912182,-0.222520933956,0.282107662682,-0.959382752949
2024-06-15,0.024207752622,-0.215374127437,-0.781831482468,0.623489801859,0.265563027804,-0.964093500789
2024-06-16,0.015311473817,-0.253898823675,0.000000000000,1.000000000000,0.248939808554,-0.968518957851
2024-06-17,-0.030620859118,0.591029698327,0.781831482468,0.623489801859,0.232242924009,-0.972657814572
2024-06-18,-0.007919203929,0.164214925393,0.974927912182,-0.222520933956,0.215477315047,-0.976508846197
2024-06-19,0.021487609669,-0.319352005627,0.433883739118,-0.900968867902,0.198647942880,-0.980070913143
2024-06-20,-0.013651565187,0.053516219925,-0.433883739118,-0.900968867902,0.181759787591,-0.983342961339
2024-06-21,0.001419853405,-0.011343580847,-0.974927912182,-0.222520933956,0.164817846657,-0.986324022532
2024-06-22,-0.006065499463,-0.763736533734,-0.781831482468,0.623489801859,0.147827133471,-0.989013214578
2024-06-23,-0.022045438571,0.237959678418,0.000000000000,1.000000000000,0.130792675857,-0.991409741702
2024-06-24,-0.020197702441,0.898827504061,0.781831482468,0.623489801859,0.113719514586,-0.993512894734
2024-06-25,0.013275453883,-0.558559168652,0.974927912182,-0.222520933956,0.096612701881,-0.995322051316
2024-06-26,-0.007554691511,-0.123825569658,0.433883739118,-0.900968867902,0.079477299924,-0.996836676089
2024-06-27,0.022108376577,0.006629206203,-0.433883739118,-0.900968867902,0.062318379354,-0.998056320853
2024-06-28,-0.020874913113,0.088502096655,-0.974927912182,-0.222520933956,0.045141017774,-0.998980624694
2024-06-29,-0.000198088673,-0.669449079053,-0.781831482468,0.623489801859,0.027950298240,-0.999609314096
2024-06-30,0.017609225609,0.243042201742,0.000000000000,1.000000000000,0.010751307764,-0.999942203020
2024-07-01,0.002168527672,0.380293336268,0.781831482468,0.623489801859,-0.006450864198,-0.999979192959
2024-07-02,-0.006996638978,-0.265076620515,0.974927912182,-0.222520933956,-0.023651127245,-0.999720272966
2024-07-03,-0.036800394481,0.537121229500,0.433883739118,-0.900968867902,-0.040844391543,-0.999165519661
2024-07-04,-0.075150614965,0.228136058048,-0.433883739118,-0.900968867902,-0.058025569329,-0.998315097203
2024-07-05,-0.024163495977,0.429955433772,-0.974927912182,-0.222520933956,-0.075189576415,-0.997169257247
2024-07-06,0.029015301660,-0.988411564444,-0.781831482468,0.623489801859,-0.092331333695,-0.995728338865
2024-07-07,-0.046681655504,-0.064925518512,0.000000000000,1.000000000000,-0.109445768649,-0.993992768447
2024-07-08,0.030043596873,0.734263261163,0.781831482468,0.623489801859,-0.126527816839,-0.991963059577
2024-07-09,0.014895154999,-0.393273993795,0.974927912182,-0.222520933956,-0.143572423412,-0.989639812879
2024-07-10,0.012385572619,-0.046326440237,0.433883739118,-0.900968867902,-0.160574544595,-0.987023715839
2024-07-11,-0.000608762411,0.043713323887,-0.433883739118,-0.900968867902,-0.177529149187,-0.984115542601
2024-07-12,0.010851959195,-0.177613694960,-0.974927912182,-0.222520933956,-0.194431220048,-0.980916153741
2024-07-13,0.013639128129,-0.397963258517,-0.781831482468,0.623489801859,-0.211275755582,-0.977426496010
2024-07-14,0.020831613713,0.205363969884,0.000000000000,1.000000000000,-0.228057771222,-0.973647602054
2024-07-15,0.072942051747,0.554140564872,0.781831482468,0.623489801859,-0.244772300897,-0.969580590108
2024-07-16,-0.013281276223,0.110618723776,0.974927912182,-0.222520933956,-0.261414398511,-0.965226663666
2024-07-17,-0.016030453164,-0.200071028259,0.433883739118,-0.900968867902,-0.277979139399,-0.960587111125
2024-07-18,0.011007020314,-0.107326545745,-0.433883739118,-0.900968867902,-0.294461621787,-0.955663305403
2024-07-19,0.022931297343,0.163460467258,-0.974927912182,-0.222520933956,-0.310856968244,-0.950456703535
2024-07-20,0.003860642073,-0.535911273161,-0.781831482468,0.623489801859,-0.327160327122,-0.944968846236
2024-07-21,0.004906557963,0.290018768005,0.000000000000,1.000000000000,-0.343366873996,-0.939201357453
2024-07-22,-0.027573825720,0.301773196982,0.781831482468,0.623489801859,-0.359471813088,-0.933155943878
2024-07-23,0.012012115142,0.267619375009,0.974927912182,-0.222520933956,-0.375470378688,-0.926834394446
2024-07-24,-0.042731444806,-0.422238176175,0.433883739118,-0.900968867902,-0.391357836561,-0.920238579805
2024-07-25,-0.049746983443,0.455412620122,-0.433883739118,-0.900968867902,-0.407129485354,-0.913370451764
2024-07-26,0.031481114464,-0.458350169512,-0.974927912182,-0.222520933956,-0.422780657983,-0.906232042711
2024-07-27,-0.008689637909,-0.051027804472,-0.781831482468,0.623489801859,-0.438306723013,-0.898825465016
2024-07-28,0.007319076729,-0.528494184657,0.000000000000,1.000000000000,-0.453703086031,-0.891152910406
2024-07-29,0.014889437070,0.716118763380,0.781831482468,0.623489801859,-0.468965191008,-0.883216649313
2024-07-30,-0.012690053135,-0.266482268928,0.974927912182,-0.222520933956,-0.484088521639,-0.875019030203
2024-07-31,-0.014553970196,0.138692916214,0.433883739118,-0.900968867902,-0.499068602689,-0.866562478885
2024-08-01,-0.009243606225,0.225541052693,-0.433883739118,-0.900968867902,-0.513901001309,-0.857849497787
2024-08-02,-0.069700467696,0.056846749573,-0.974927912182,-0.222520933956,-0.528581328356,-0.848882665221
2024-08-03,-0.028061560939,-0.181729777103,-0.781831482468,0.623489801859,-0.543105239683,-0.839664634618
2024-08-04,-0.077675945835,0.169475685075,0.000000000000,1.000000000000,-0.557468437433,-0.830198133741
2024-08-05,-0.105589156130,1.163467222641,0.781831482468,0.623489801859,-0.571666671303,-0.820485963879
2024-08-06,0.017030014803,-0.954904886219,0.974927912182,-0.222520933956,-0.585695739807,-0.810530999019
2024-08-07,-0.050950140415,-0.070707682847,0.433883739118,-0.900968867902,-0.599551491520,-0.800336184998
2024-08-08,0.138374725408,-0.033352581303,-0.433883739118,-0.900968867902,-0.613229826300,-0.789904538622
2024-08-09,-0.031709990019,-0.270450590090,-0.974927912182,-0.222520933956,-0.626726696508,-0.779239146786
2024-08-10,0.004001952984,-0.648645967016,-0.781831482468,0.623489801859,-0.640038108204,-0.768343165549
2024-08-11,-0.021991096048,0.373180947169,0.000000000000,1.000000000000,-0.653160122327,-0.757219819208
2024-08-12,0.064892005673,0.465413611615,0.781831482468,0.623489801859,-0.666088855861,-0.745872399340
2024-08-13,-0.007649120910,-0.278900751517,0.974927912182,-0.222520933956,-0.678820482986,-0.734304263830
2024-08-14,-0.015189492393,-0.034633390345,0.433883739118,-0.900968867902,-0.691351236209,-0.722518835873
2024-08-15,-0.035481308405,0.032357042263,-0.433883739118,-0.900968867902,-0.703677407479,-0.710519602969
2024-08-16,0.008947435404,-0.208046232639,-0.974927912182,-0.222520933956,-0.715795349283,-0.698310115884
2024-08-17,0.008203365924,-0.687320677396,-0.781831482468,0.623489801859,-0.727701475726,-0.685893987600
2024-08-18,-0.000455133558,0.321388918134,0.000000000000,1.000000000000,-0.739392263596,-0.673274892250
2024-08-19,0.009122422146,0.262323797471,0.781831482468,0.623489801859,-0.750864253399,-0.660456564028
2024-08-20,-0.024643999607,0.101641661687,0.974927912182,-0.222520933956,-0.762114050389,-0.647442796083
2024-08-21,0.022400224476,-0.037171985390,0.433883739118,-0.900968867902,-0.773138325571,-0.634237439398
2024-08-22,-0.003214138384,-0.174369463510,-0.433883739118,-0.900968867902,-0.783933816683,-0.620844401651
2024-08-23,0.052540444327,0.452359676722,-0.974927912182,-0.222520933956,-0.794497329167,-0.607267646057
2024-08-24,0.001786329652,-0.359578816463,-0.781831482468,0.623489801859,-0.804825737108,-0.593511190196
2024-08-25,-0.007332373144,-0.227094284766,0.000000000000,1.000000000000,-0.814915984166,-0.579579104826
2024-08-26,-0.024977694806,0.270033999177,0.781831482468,0.623489801859,-0.824765084473,-0.565475512674
2024-08-27,-0.086673326053,0.383843660188,0.974927912182,-0.222520933956,-0.834370123523,-0.551204587220
2024-08-28,0.027949274378,0.121568510022,0.433883739118,-0.900968867902,-0.843728259029,-0.536770551461
2024-08-29,0.000149172131,-0.378325995597,-0.433883739118,-0.900968867902,-0.852836721769,-0.522177676660
2024-08-30,-0.001175442093,0.107306227054,-0.974927912182,-0.222520933956,-0.861692816403,-0.507430281083
2024-08-31,-0.004932611858,-0.848383123377,-0.781831482468,0.623489801859,-0.870293922269,-0.492532728722
2024-09-01,-0.034606299424,0.573990123722,0.000000000000,1.000000000000,-0.878637494161,-0.477489428003
2024-09-02,0.044422495917,0.059225750591,0.781831482468,0.623489801859,-0.886721063083,-0.462304830480
2024-09-03,-0.047433150887,-0.093153160116,0.974927912182,-0.222520933956,-0.894542236976,-0.446983429520
2024-09-04,0.011653410515,0.381773763167,0.433883739118,-0.900968867902,-0.902098701430,-0.431529758971
2024-09-05,-0.033735528614,-0.203539635551,-0.433883739118,-0.900968867902,-0.909388220365,-0.415948391825
2024-09-06,-0.062683049996,0.638923145496,-0.974927912182,-0.222520933956,-0.916408636694,-0.400243938857
2024-09-07,0.022335697565,-0.842207338937,-0.781831482468,0.623489801859,-0.923157872965,-0.384421047269
2024-09-08,0.010143933626,-0.037193672246,0.000000000000,1.000000000000,-0.929633931968,-0.368484399308
2024-09-09,0.026286807450,0.393580060614,0.781831482468,0.623489801859,-0.935834897335,-0.352438710885
2024-09-10,0.013099792549,-0.216427534024,0.974927912182,-0.222520933956,-0.941758934099,-0.336288730177
2024-09-11,-0.021034845082,0.182334464755,0.433883739118,-0.900968867902,-0.947404289244,-0.320039236223
2024-09-12,0.009333093466,-0.233084418434,-0.433883739118,-0.900968867902,-0.952769292217,-0.303695037511
2024-09-13,0.033240193834,0.123371211386,-0.974927912182,-0.222520933956,-0.957852355428,-0.287260970551
2024-09-14,-0.009469418099,-0.521235122679,-0.781831482468,0.623489801859,-0.962651974716,-0.270741898448
2024-09-15,-0.041233241477,0.217507903902,0.000000000000,1.000000000000,-0.967166729798,-0.254142709461
2024-09-16,-0.011097393609,0.504498663901,0.781831482468,0.623489801859,-0.971395284684,-0.237468315558
2024-09-17,0.020024028034,-0.090953855565,0.974927912182,-0.222520933956,-0.975336388077,-0.220723650961
2024-09-18,0.011895127546,0.167612090796,0.433883739118,-0.900968867902,-0.978988873741,-0.203913670683
2024-09-19,0.039315669683,0.015198094400,-0.433883739118,-0.900968867902,-0.982351660847,-0.187043349070
2024-09-20,0.038334655280,0.035990165168,-0.974927912182,-0.222520933956,-0.985423754292,-0.170117678320
2024-09-21,0.021165907208,-0.571012945308,-0.781831482468,0.623489801859,-0.988204244994,-0.153141667013
2024-09-22,-0.012693537511,0.199406105212,0.000000000000,1.000000000000,-0.990692310162,-0.136120338623
2024-09-23,0.025112657259,0.412613990751,0.781831482468,0.623489801859,-0.992887213536,-0.119058730034
2024-09-24,0.002190723783,-0.178425467034,0.974927912182,-0.222520933956,-0.994788305609,-0.101961890052
2024-09-25,-0.028649257997,-0.165366248478,0.433883739118,-0.900968867902,-0.996395023819,-0.084834877906
2024-09-26,0.020267557897,0.205214094716,-0.433883739118,-0.900968867902,-0.997706892710,-0.067682761755
2024-09-27,0.023912355962,-0.018220639123,-0.974927912182,-0.222520933956,-0.998723524080,-0.050510617185
2024-09-28,-0.006834223428,-0.507036151830,-0.781831482468,0.623489801859,-0.999444617092,-0.033323525712
2024-09-29,-0.006817537111,0.081773684757,0.000000000000,1.000000000000,-0.999869958362,-0.016126573271
2024-09-30,-0.021391845021,0.471379033376,0.781831482468,0.623489801859,-0.999999422025,0.001075151283
2024-10-01,-0.061041152665,0.357303781249,0.974927912182,-0.222520933956,-0.999832969770,0.018276557682
2024-10-02,-0.034771594518,-0.234869153340,0.433883739118,-0.900968867902,-0.999370650854,0.035472555753
2024-10-03,-0.006549484508,-0.109891865609,-0.433883739118,-0.900968867902,-0.998612602084,0.052658056925
2024-10-04,0.027287462033,-0.193257320251,-0.974927912182,-0.222520933956,-0.997559047779,0.069827975730
2024-10-05,0.000346922061,-0.601586393434,-0.781831482468,0.623489801859,-0.996210299702,0.086977231314
2024-10-06,0.010019846512,0.036812161686,0.000000000000,1.000000000000,-0.994566756971,0.104100748935
2024-10-07,-0.007471055020,0.722082691406,0.781831482468,0.623489801859,-0.992628905935,0.121193461471
2024-10-08,0.007423125435,-0.213419733949,0.974927912182,-0.222520933956,-0.990397320035,0.138250310911
2024-10-09,-0.029767390728,0.061124674727,0.433883739118,-0.900968867902,-0.987872659635,0.155266249860
2024-10-10,0.006554737110,0.024684240217,-0.433883739118,-0.900968867902,-0.985055671822,0.172236243028
2024-10-11,0.021847948379,-0.127787109481,-0.974927912182,-0.222520933956,-0.981947190187,0.189155268720
2024-10-12,0.016287544019,-0.364134529907,-0.781831482468,0.623489801859,-0.978548134580,0.206018320325
2024-10-13,-0.003578415313,-0.019684066990,0.000000000000,1.000000000000,-0.974859510837,0.222820407795
2024-10-14,0.063288247533,0.846950033929,0.781831482468,0.623489801859,-0.970882410481,0.239556559121
2024-10-15,-0.008740560369,0.026203758039,0.974927912182,-0.222520933956,-0.966618010400,0.256221821807
2024-10-16,0.001947463663,-0.257272018143,0.433883739118,-0.900968867902,-0.962067572498,0.272811264334
2024-10-17,-0.002618648340,-0.115894730691,-0.433883739118,-0.900968867902,-0.957232443323,0.289319977619
2024-10-18,0.014212990822,0.117735353050,-0.974927912182,-0.222520933956,-0.952114053668,0.305743076467
2024-10-19,0.002685996070,-0.688935716367,-0.781831482468,0.623489801859,-0.946713918146,0.322075701021
2024-10-20,0.036225147539,0.531382521154,0.000000000000,1.000000000000,-0.941033634745,0.338313018192
2024-10-21,-0.029806611723,0.174129495683,0.781831482468,0.623489801859,-0.935074884352,0.354450223099
2024-10-22,-0.017221547923,-0.108818887147,0.974927912182,-0.222520933956,-0.928839430256,0.370482540482
2024-10-23,-0.043326024821,0.139973791128,0.433883739118,-0.900968867902,-0.922329117629,0.386405226121
2024-10-24,0.010072125452,-0.102918301359,-0.433883739118,-0.900968867902,-0.915545872978,0.402213568237
2024-10-25,-0.039665511408,0.335592953146,-0.974927912182,-0.222520933956,-0.908491703573,0.417902888887
2024-10-26,0.017768286644,-0.506332062686,-0.781831482468,0.623489801859,-0.901168696856,0.433468545349
2024-10-27,0.010565606337,-0.327327936055,0.000000000000,1.000000000000,-0.893579019824,0.448905931494
2024-10-28,0.023430015733,0.660427089099,0.781831482468,0.623489801859,-0.885724918384,0.464210479152
2024-10-29,0.027910752605,0.156498628781,0.974927912182,-0.222520933956,-0.877608716690,0.479377659461
2024-10-30,0.007332923831,0.008833448408,0.433883739118,-0.900968867902,-0.869232816457,0.494402984208
2024-10-31,-0.054747302008,-0.124607509546,-0.433883739118,-0.900968867902,-0.860599696250,0.509282007157
2024-11-01,-0.001556907123,0.022766170119,-0.974927912182,-0.222520933956,-0.851711910747,0.524010325368
2024-11-02,-0.008321889126,-0.740581761331,-0.781831482468,0.623489801859,-0.842572089987,0.538583580492
2024-11-03,-0.014004616270,0.485741530765,0.000000000000,1.000000000000,-0.833182938589,0.552997460070
2024-11-04,-0.024478204713,0.088068461996,0.781831482468,0.623489801859,-0.823547234956,0.567247698803
2024-11-05,0.010633288913,0.044793856063,0.974927912182,-0.222520933956,-0.813667830446,0.581330079815
2024-11-06,0.117301252641,0.850520554707,0.433883739118,-0.900968867902,-0.803547648534,0.595240435904
2024-11-07,0.061023821265,-0.169625252959,-0.433883739118,-0.900968867902,-0.793189683945,0.608974650772
2024-11-08,0.022777538005,-0.090195787411,-0.974927912182,-0.222520933956,-0.782597001768,0.622528660243
2024-11-09,0.055433746355,-0.100652515371,-0.781831482468,0.623489801859,-0.771772736547,0.635898453468
2024-11-10,0.019039562144,0.484501629623,0.000000000000,1.000000000000,-0.760720091356,0.649080074110
2024-11-11,0.055901747117,0.155883028266,0.781831482468,0.623489801859,-0.749442336852,0.662069621515
2024-11-12,-0.038837171708,0.022628313287,0.974927912182,-0.222520933956,-0.737942810303,0.674863251868
2024-11-13,-0.016668377769,-0.086088681388,0.433883739118,-0.900968867902,-0.726224914604,0.687457179327
2024-11-14,-0.042763057630,-0.375075664680,-0.433883739118,-0.900968867902,-0.714292117269,0.699847677146
2024-11-15,0.014311141276,-0.088947328612,-0.974927912182,-0.222520933956,-0.702147949405,0.712031078779
2024-11-16,0.009695994493,-0.204603096646,-0.781831482468,0.623489801859,-0.689796004666,0.724003778959
2024-11-17,-0.018558401125,0.061748366313,0.000000000000,1.000000000000,-0.677239938191,0.735762234774
2024-11-18,0.042082900590,0.223435692160,0.781831482468,0.623489801859,-0.664483465523,0.747302966705
2024-11-19,-0.030535286086,-0.172696750042,0.974927912182,-0.222520933956,-0.651530361507,0.758622559666
2024-11-20,-0.012677646434,-0.001279777913,0.433883739118,-0.900968867902,-0.638384459175,0.769717664007
2024-11-21,0.089864594380,0.549869762206,-0.433883739118,-0.900968867902,-0.625049648610,0.780584996507
2024-11-22,-0.008801683663,-0.339053417151,-0.974927912182,-0.222520933956,-0.611529875799,0.791221341348
2024-11-23,0.019211127992,0.054488909504,-0.781831482468,0.623489801859,-0.597829141459,0.801623551065
2024-11-24,-0.009634405506,-0.330647848765,0.000000000000,1.000000000000,-0.583951499858,0.811788547476
2024-11-25,0.014721391049,0.613772406988,0.781831482468,0.623489801859,-0.569901057613,0.821713322596
2024-11-26,-0.025825120704,-0.256000730287,0.974927912182,-0.222520933956,-0.555681972476,0.831394939523
2024-11-27,0.094785387546,0.083639928783,0.433883739118,-0.900968867902,-0.541298452104,0.840830533312
2024-11-28,-0.021401146668,-0.293083139110,-0.433883739118,-0.900968867902,-0.526754752811,0.850017311819
2024-11-29,0.003814943374,-0.158371929474,-0.974927912182,-0.222520933956,-0.512055178311,0.858952556527
2024-11-30,0.030748515696,0.104677914910,-0.781831482468,0.623489801859,-0.497204078447,0.867633623355
2024-12-01,0.001472243013,-0.090462047802,0.000000000000,1.000000000000,-0.482205847896,0.876057943434
2024-12-02,-0.018209406756,0.523341221808,0.781831482468,0.623489801859,-0.467064924877,0.884223023874
2024-12-03,-0.006465846852,-0.249612844796,0.974927912182,-0.222520933956,-0.451785789833,0.892126448495
2024-12-04,0.059148334946,0.432952259687,0.433883739118,-0.900968867902,-0.436372964105,0.899765878548
2024-12-05,-0.007925135362,0.064239748342,-0.433883739118,-0.900968867902,-0.420831008596,0.907139053401
2024-12-06,0.049852143782,-0.136244473271,-0.974927912182,-0.222520933956,-0.405164522421,0.914243791213
2024-12-07,-0.000778652393,-0.850700115712,-0.781831482468,0.623489801859,-0.389378141545,0.921077989579
2024-12-08,0.000752201209,-0.075004452002,0.000000000000,1.000000000000,-0.373476537413,0.927639626149
2024-12-09,-0.074347921322,1.001751943504,0.781831482468,0.623489801859,-0.357464415565,0.933926759229
2024-12-10,-0.023633887952,0.024022473216,0.974927912182,-0.222520933956,-0.341346514245,0.939937528356
2024-12-11,0.053863668781,-0.484965840335,0.433883739118,-0.900968867902,-0.325127603000,0.945670154847
2024-12-12,0.013032853981,0.177910062235,-0.433883739118,-0.900968867902,-0.308812481266,0.951122942324
2024-12-13,0.007211386971,-0.208193984648,-0.974927912182,-0.222520933956,-0.292405976951,0.956294277220
2024-12-14,-0.011003244988,-0.193494142976,-0.781831482468,0.623489801859,-0.275912945003,0.961182629254
2024-12-15,0.021364543576,-0.137196433659,0.000000000000,1.000000000000,-0.259338265975,0.965786551884
2024-12-16,0.008952800789,0.618577301202,0.781831482468,0.623489801859,-0.242686844583,0.970104682736
2024-12-17,-0.025582213899,-0.272993992826,0.974927912182,-0.222520933956,-0.225963608248,0.974135744005
2024-12-18,-0.071437414598,0.323491633203,0.433883739118,-0.900968867902,-0.209173505646,0.977878542834
2024-12-19,-0.057105550701,0.184756145985,-0.433883739118,-0.900968867902,-0.192321505239,0.981331971670
2024-12-20,0.015855679498,0.119965739207,-0.974927912182,-0.222520933956,-0.175412593804,0.984495008588
2024-12-21,-0.039751344868,-0.742948773546,-0.781831482468,0.623489801859,-0.158451774961,0.987366717594
2024-12-22,-0.018047184723,-0.242436803827,0.000000000000,1.000000000000,-0.141444067688,0.989946248902
2024-12-23,0.041315788910,0.330777851058,0.781831482468,0.623489801859,-0.124394504840,0.992232839189
2024-12-24,0.022081448333,-0.401719938501,0.974927912182,-0.222520933956,-0.107308131656,0.994225811816
2024-12-25,0.000339441228,-0.268283886654,0.433883739118,-0.900968867902,-0.090190004270,0.995924577029
2024-12-26,-0.047487988220,0.231397926535,-0.433883739118,-0.900968867902,-0.073045188211,0.997328632136
2024-12-27,-0.000693329871,0.079624533446,-0.974927912182,-0.222520933956,-0.055878756905,0.998437561657
2024-12-28,0.020511259982,-0.521209908562,-0.781831482468,0.623489801859,-0.038695790177,0.999251037439
2024-12-29,-0.014343193669,-0.062351584016,0.000000000000,1.000000000000,-0.021501372741,0.999768818763
2024-12-30,0.002051669915,0.696851680905,0.781831482468,0.623489801859,-0.004300592703,0.999990752408
2024-12-31,-0.007134462860,-0.258018758760,0.974927912182,-0.222520933956,0.012901459949,0.999916772702
2025-01-01,0.006273517296,-0.384217091363,0.433883739118,-0.900968867902,0.017201575418,0.999852041956
2025-01-02,0.028771981247,0.449134481617,-0.433883739118,-0.900968867902,0.034398060614,0.999408211606
2025-01-03,0.043546684211,-0.016603653769,-0.974927912182,-0.222520933956,0.051584366869,0.998668640288
2025-01-04,0.014511910498,-0.309079797882,-0.781831482468,0.623489801859,0.068755408481,0.997633546852
2025-01-05,-0.006473868082,-0.224559638142,0.000000000000,1.000000000000,0.085906104261,0.996303237599
2025-01-06,0.014887531319,0.625142042671,0.781831482468,0.623489801859,0.103031379043,0.994678106189
2025-01-07,-0.086907768553,0.296110372362,0.974927912182,-0.222520933956,0.120126165182,0.992758633525
2025-01-08,-0.016472887400,0.063182260756,0.433883739118,-0.900968867902,0.137185404057,0.990545387609
2025-01-09,-0.032664865907,-0.175323485935,-0.433883739118,-0.900968867902,0.154204047563,0.988039023377
2025-01-10,0.014817571559,-0.083631465382,-0.974927912182,-0.222520933956,0.171177059610,0.985240282501
2025-01-11,0.004497241269,-0.811553713561,-0.781831482468,0.623489801859,0.188099417612,0.982149993175
2025-01-12,-0.004968300347,-0.010623635294,0.000000000000,1.000000000000,0.204966113969,0.978769069865
2025-01-13,-0.040762470863,1.231558110451,0.781831482468,0.623489801859,0.221772157556,0.975098513040
2025-01-14,0.027736408728,-0.557818500525,0.974927912182,-0.222520933956,0.238512575194,0.971139408877
2025-01-15,0.068005062446,0.128921887919,0.433883739118,-0.900968867902,0.255182413123,0.966892928939
2025-01-16,-0.042081915024,0.015420192272,-0.433883739118,-0.900968867902,0.271776738471,0.962360329828
2025-01-17,0.048889389447,0.066135161224,-0.974927912182,-0.222520933956,0.288290640710,0.957542952812
2025-01-18,-0.049662178113,0.139449090452,-0.781831482468,0.623489801859,0.304719233109,0.952442223431
2025-01-19,-0.029727086231,0.568524770578,0.000000000000,1.000000000000,0.321057654185,0.947059651072
2025-01-20,0.021296025260,-0.088717500033,0.781831482468,0.623489801859,0.337301069136,0.941396828526
2025-01-21,0.014948816935,-0.468035193356,0.974927912182,-0.222520933956,0.353444671274,0.935455431513
2025-01-22,-0.026550445303,-0.391755398415,0.433883739118,-0.900968867902,0.369483683447,0.929237218188
2025-01-23,0.028744300671,0.379965617420,-0.433883739118,-0.900968867902,0.385413359454,0.922744028620
2025-01-24,-0.007573233345,-0.237015373710,-0.974927912182,-0.222520933956,0.401228985448,0.915977784248
2025-01-25,0.002328295592,-0.621119976858,-0.781831482468,0.623489801859,0.416925881329,0.908940487314
2025-01-26,-0.024762521012,0.051557822659,0.000000000000,1.000000000000,0.432499402134,0.901634220265
2025-01-27,-0.017837847699,1.001899496673,0.781831482468,0.623489801859,0.447944939408,0.894061145145
2025-01-28,-0.032549972364,-0.643069841866,0.974927912182,-0.222520933956,0.463257922567,0.886223502949
2025-01-29,0.011594904629,0.092575391362,0.433883739118,-0.900968867902,0.478433820255,0.878123612959
2025-01-30,0.042385117281,-0.129937834302,-0.433883739118,-0.900968867902,0.493468141677,0.869763872065
2025-01-31,0.015424919054,0.411808421824,-0.974927912182,-0.222520933956,0.508356437938,0.861146754048
2025-02-01,-0.056099456678,-0.413859721188,-0.781831482468,0.623489801859,0.523094303349,0.852274808852
2025-02-02,-0.083440676998,0.747520190836,0.000000000000,1.000000000000,0.537677376741,0.843150661828
2025-02-03,0.005518200428,0.787587102852,0.781831482468,0.623489801859,0.552101342746,0.833777012959
2025-02-04,-0.053224499427,-0.639072886819,0.974927912182,-0.222520933956,0.566361933081,0.824156636057
2025-02-05,0.019095058966,-0.423124465097,0.433883739118,-0.900968867902,0.580454927809,0.814292377947
2025-02-06,-0.036298692341,-0.080096888506,-0.433883739118,-0.900968867902,0.594376156585,0.804187157621
2025-02-07,-0.024928623744,0.000881548831,-0.974927912182,-0.222520933956,0.608121499894,0.793843965378
2025-02-08,0.003843236413,-0.548600354778,-0.781831482468,0.623489801859,0.621686890267,0.783265861934
2025-02-09,-0.001363671780,0.026483532403,0.000000000000,1.000000000000,0.635068313487,0.772455977519
2025-02-10,0.012267164782,0.102828297561,0.781831482468,0.623489801859,0.648261809776,0.761417510953
2025-02-11,-0.022183787478,0.085944398499,0.974927912182,-0.222520933956,0.661263474966,0.750153728696
2025-02-12,0.050245793954,0.240897195298,0.433883739118,-0.900968867902,0.674069461655,0.738667963881
2025-02-13,-0.022539920716,-0.323406899759,-0.433883739118,-0.900968867902,0.686675980345,0.726963615332
2025-02-14,0.018582178249,-0.094052603226,-0.974927912182,-0.222520933956,0.699079300566,0.715044146554
2025-02-15,-0.012005247865,-0.495561600593,-0.781831482468,0.623489801859,0.711275751974,0.702913084708
2025-02-16,-0.011291737701,-0.019575420122,0.000000000000,1.000000000000,0.723261725444,0.690574019572
2025-02-17,0.029553083215,0.824879536490,0.781831482468,0.623489801859,0.735033674133,0.678030602474
2025-02-18,-0.027294188904,-0.049455019851,0.974927912182,-0.222520933956,0.746588114532,0.665286545211
2025-02-19,0.017245063069,-0.409627359287,0.433883739118,-0.900968867902,0.757921627497,0.652345618957
2025-02-20,0.009023070047,0.041356609919,-0.433883739118,-0.900968867902,0.769030859259,0.639211653138
2025-02-21,-0.029902349844,0.680725447059,-0.974927912182,-0.222520933956,0.779912522417,0.625888534308
2025-02-22,0.038492895560,-0.650655192136,-0.781831482468,0.623489801859,0.790563396912,0.612380204990
2025-02-23,0.020511918098,0.222646536991,0.000000000000,1.000000000000,0.800980330978,0.598690662518
2025-02-24,-0.115397402045,0.351557836772,0.781831482468,0.623489801859,0.811160242079,0.584823957846
2025-02-25,-0.008079567834,0.318319942751,0.974927912182,-0.222520933956,0.821100117813,0.570784194357
2025-02-26,-0.067232930966,-0.329098635544,0.433883739118,-0.900968867902,0.830797016812,0.556575526641
2025-02-27,-0.011200727179,-0.170991106761,-0.433883739118,-0.900968867902,0.840248069608,0.542202159273
2025-02-28,-0.029750512811,0.386303039403,-0.974927912182,-0.222520933956,0.849450479481,0.527668345563
2025-03-01,-0.009546253210,-0.795205050594,-0.781831482468,0.623489801859,0.858401523292,0.512978386299
2025-03-02,0.128143666448,0.770166639546,0.000000000000,1.000000000000,0.867098552281,0.498136628478
2025-03-03,-0.160730591981,-0.102025580874,0.781831482468,0.623489801859,0.875538992859,0.483147464015
2025-03-04,0.011327039159,0.075320799599,0.974927912182,-0.222520933956,0.883720347362,0.468015328444
2025-03-05,0.032624054471,-0.428645285495,0.433883739118,-0.900968867902,0.891640194797,0.452744699607
2025-03-06,-0.017775649142,-0.177562569362,-0.433883739118,-0.900968867902,0.899296191553,0.437340096330
2025-03-07,-0.029249939245,0.191950929825,-0.974927912182,-0.222520933956,0.906686072098,0.421806077083
2025-03-08,0.028810994835,-0.755679132831,-0.781831482468,0.623489801859,0.913807649647,0.406147238631
2025-03-09,-0.088271757896,0.424532883909,0.000000000000,1.000000000000,0.920658816810,0.390368214676
2025-03-10,-0.079676535166,0.776427291876,0.781831482468,0.623489801859,0.927237546218,0.374473674487
2025-03-11,0.031049127523,-0.124788861399,0.974927912182,-0.222520933956,0.933541891118,0.358468321512
2025-03-12,-0.005673973790,-0.299616251849,0.433883739118,-0.900968867902,0.939569985953,0.342356891995
2025-03-13,-0.024398688433,-0.241981982872,-0.433883739118,-0.900968867902,0.945320046913,0.326144153564
2025-03-14,0.024652646589,-0.394024721607,-0.974927912182,-0.222520933956,0.950790372463,0.309834903832
2025-03-15,0.014519685568,-0.629995999931,-0.781831482468,0.623489801859,0.955979343844,0.293433968967
2025-03-16,-0.026125312781,0.364176185644,0.000000000000,1.000000000000,0.960885425557,0.276946202269
2025-03-17,0.020747114261,0.116085670902,0.781831482468,0.623489801859,0.965507165814,0.260376482734
2025-03-18,0.002871078927,-0.025821576169,0.974927912182,-0.222520933956,0.969843196967,0.243729713610
2025-03-19,0.062775689598,0.679462014360,0.433883739118,-0.900968867902,0.973892235915,0.227010820941
2025-03-20,-0.037455863475,-0.417417900718,-0.433883739118,-0.900968867902,0.977653084482,0.210224752119
2025-03-21,-0.008742163256,-0.308606169583,-0.974927912182,-0.222520933956,0.981124629772,0.193376474410
2025-03-22,0.007701304980,-0.461885463961,-0.781831482468,0.623489801859,0.984305844499,0.176470973492
2025-03-23,0.012677317191,0.206799471608,0.000000000000,1.000000000000,0.987195787291,0.159513251973
2025-03-24,0.035361867540,0.624383002702,0.781831482468,0.623489801859,0.989793602967,0.142508327916
2025-03-25,-0.004687233608,-0.179628246376,0.974927912182,-0.222520933956,0.992098522792,0.125461233353
2025-03-26,-0.028736584832,0.115956526628,0.433883739118,-0.900968867902,0.994109864702,0.108377012792
2025-03-27,-0.003406125470,-0.128163354623,-0.433883739118,-0.900968867902,0.995827033510,0.091260721729
2025-03-28,-0.054840995789,0.448825215704,-0.974927912182,-0.222520933956,0.997249521077,0.074117425151
2025-03-29,-0.036633617980,-0.398243047231,-0.781831482468,0.623489801859,0.998376906467,0.056952196034
2025-03-30,-0.011615079487,-0.213042871119,0.000000000000,1.000000000000,0.999208856068,0.039770113846
2025-03-31,0.009511248469,0.469829808868,0.781831482468,0.623489801859,0.999745123693,0.022576263042
2025-04-01,0.043993204399,-0.049662696314,0.974927912182,-0.222520933956,0.999985550651,0.005375731558
2025-04-02,-0.059560447517,0.409541410734,0.433883739118,-0.900968867902,0.999930065796,-0.011826390692
2025-04-03,0.011256974899,-0.317288262007,-0.433883739118,-0.900968867902,0.999578685548,-0.029025013322
2025-04-04,-0.000166347699,0.093410118753,-0.974927912182,-0.222520933956,0.998931513885,-0.046215046984
2025-04-05,-0.005170484319,-1.041455837821,-0.781831482468,0.623489801859,0.997988742316,-0.063391404870
2025-04-06,-0.135747821284,1.245699190753,0.000000000000,1.000000000000,0.996750649821,-0.080549004219
2025-04-07,-0.013721334859,0.732209731142,0.781831482468,0.623489801859,0.995217602774,-0.097682767822
2025-04-08,-0.054632798784,-0.770822179894,0.974927912182,-0.222520933956,0.993390054826,-0.114787625522
2025-04-09,0.124651610471,0.610581657189,0.433883739118,-0.900968867902,0.991268546779,-0.131858515717
2025-04-10,-0.091283240015,-0.607569990191,-0.433883739118,-0.900968867902,0.988853706421,-0.148890386856
2025-04-11,0.028892475031,-0.362967985708,-0.974927912182,-0.222520933956,0.986146248342,-0.165878198935
2025-04-12,0.047586951330,-0.205355693294,-0.781831482468,0.623489801859,0.983146973722,-0.182816924985
2025-04-13,-0.028915393874,0.138486436087,0.000000000000,1.000000000000,0.979856770096,-0.199701552566
2025-04-14,0.016204402071,0.171870221518,0.781831482468,0.623489801859,0.976276611087,-0.216527085245
2025-04-15,-0.021260952962,-0.226114908725,0.974927912182,-0.222520933956,0.972407556122,-0.233288544075
2025-04-16,-0.006648569648,0.152083657243,0.433883739118,-0.900968867902,0.968250750117,-0.249980969073
2025-04-17,0.002811441259,-0.304560801189,-0.433883739118,-0.900968867902,0.963807423137,-0.266599420679
2025-04-18,0.004021066123,-0.462478117960,-0.974927912182,-0.222520933956,0.959078890034,-0.283138981228
2025-04-19,0.014990481641,0.006245819692,-0.781831482468,0.623489801859,0.954066550058,-0.299594756397
2025-04-20,-0.015878520415,0.064115970690,0.000000000000,1.000000000000,0.948771886440,-0.315961876658
2025-04-21,-0.004912655333,0.700851301969,0.781831482468,0.623489801859,0.943196465957,-0.332235498716
2025-04-22,0.106539766109,0.432881546612,0.974927912182,-0.222520933956,0.937341938464,-0.348410806945
2025-04-23,0.021823453566,-0.036155126974,0.433883739118,-0.900968867902,0.931210036412,-0.364483014810
2025-04-24,-0.014735575200,-0.409557384831,-0.433883739118,-0.900968867902,0.924802574329,-0.380447366288
2025-04-25,0.009449256981,0.138095811457,-0.974927912182,-0.222520933956,0.918121448284,-0.396299137269
2025-04-26,0.019535846134,-0.381125402154,-0.781831482468,0.623489801859,0.911168635333,-0.412033636959
2025-04-27,-0.016054647144,-0.052009942733,0.000000000000,1.000000000000,0.903946192922,-0.427646209268
2025-04-28,0.003333682631,0.409034339762,0.781831482468,0.623489801859,0.896456258291,-0.443132234183
2025-04-29,0.000180016714,-0.145601897990,0.974927912182,-0.222520933956,0.888701047829,-0.458487129140
2025-04-30,-0.003006037403,0.005156513004,0.433883739118,-0.900968867902,0.880682856430,-0.473706350380
2025-05-01,0.025019860113,0.068559423824,-0.433883739118,-0.900968867902,0.872404056805,-0.488785394289
2025-05-02,0.001893751209,-0.156017038722,-0.974927912182,-0.222520933956,0.863867098784,-0.503719798736
2025-05-03,-0.004824189543,-0.486277178113,-0.781831482468,0.623489801859,0.855074508590,-0.518505144391
2025-05-04,-0.013862097671,0.066584616407,0.000000000000,1.000000000000,0.846028888092,-0.533137056032
2025-05-05,0.006120404265,0.244495944311,0.781831482468,0.623489801859,0.836732914034,-0.547611203840
2025-05-06,-0.002536594478,0.148032845676,0.974927912182,-0.222520933956,0.827189337246,-0.561923304683
2025-05-07,-0.001919564112,1.342069673596,0.433883739118,-0.900968867902,0.817400981825,-0.576069123380
2025-05-08,0.197200063212,-0.291073097663,-0.433883739118,-0.900968867902,0.807370744302,-0.590044473955
2025-05-09,0.061087532978,0.147150930677,-0.974927912182,-0.222520933956,0.797101592787,-0.603845220877
2025-05-10,0.096226232028,-0.368835765220,-0.781831482468,0.623489801859,0.786596566087,-0.617467280284
2025-05-11,-0.028350466587,-0.133014421570,0.000000000000,1.000000000000,0.775858772807,-0.630906621188
2025-05-12,-0.005528712106,0.192529074161,0.781831482468,0.623489801859,0.764891390434,-0.644159266672
2025-05-13,0.071016391207,0.042866267248,0.974927912182,-0.222520933956,0.753697664393,-0.657221295066
2025-05-14,-0.026490717969,-0.231391194564,0.433883739118,-0.900968867902,0.742280907087,-0.670088841106
2025-05-15,-0.024514424159,0.001315253933,-0.433883739118,-0.900968867902,0.730644496918,-0.682758097076
2025-05-16,-0.004154641090,-0.223671295590,-0.974927912182,-0.222520933956,0.718791877288,-0.695225313941
2025-05-17,-0.024160227326,-0.123166945120,-0.781831482468,0.623489801859,0.706726555578,-0.707486802450
2025-05-18,0.009038783738,0.283593550575,0.000000000000,1.000000000000,0.694452102109,-0.719538934233
2025-05-19,0.012305960708,0.089682824649,0.781831482468,0.623489801859,0.681972149090,-0.731378142868
2025-05-20,-0.001976377653,-0.153753050160,0.974927912182,-0.222520933956,0.669290389541,-0.743000924944
2025-05-21,0.011099871594,0.309250899996,0.433883739118,-0.900968867902,0.656410576198,-0.754403841093
2025-05-22,0.042874284442,-0.183465459072,-0.433883739118,-0.900968867902,0.643336520404,-0.765583517008
2025-05-23,-0.053075731197,0.138125137374,-0.974927912182,-0.222520933956,0.630072090984,-0.776536644443
2025-05-24,0.001662753964,-0.986986251835,-0.781831482468,0.623489801859,0.616621213096,-0.787259982192
2025-05-25,0.008310150760,0.246096415047,0.000000000000,1.000000000000,0.602987867069,-0.797750357046
2025-05-26,0.004837674772,0.025782332827,0.781831482468,0.623489801859,0.589176087232,-0.808004664735
2025-05-27,0.037857000046,0.564391568606,0.974927912182,-0.222520933956,0.575189960712,-0.818019870844
2025-05-28,0.007162632650,-0.319180161769,0.433883739118,-0.900968867902,0.561033626228,-0.827793011713
2025-05-29,-0.018649398195,0.367610156505,-0.433883739118,-0.900968867902,0.546711272869,-0.837321195312
2025-05-30,-0.039795749687,-0.113914597613,-0.974927912182,-0.222520933956,0.532227138847,-0.846601602098
2025-05-31,-0.000338484259,-0.564176173369,-0.781831482468,0.623489801859,0.517585510253,-0.855631485849
2025-06-01,0.002834534457,-0.051695768628,0.000000000000,1.000000000000,0.502790719779,-0.864408174478
2025-06-02,0.027544438261,0.231199797080,0.781831482468,0.623489801859,0.487847145442,-0.872929070821
2025-06-03,-0.005313910651,0.088368854900,0.974927912182,-0.222520933956,0.472759209286,-0.881191653407
2025-06-04,0.005906599013,0.017882386552,0.433883739118,-0.900968867902,0.457531376074,-0.889193477207
2025-06-05,-0.076598684776,0.341246733291,-0.433883739118,-0.900968867902,0.442168151967,-0.896932174351
2025-06-06,0.024895297276,-0.299891051944,-0.974927912182,-0.222520933956,0.426674083190,-0.904405454834
2025-06-07,0.019710270938,-0.509123805049,-0.781831482468,0.623489801859,0.411053754687,-0.911611107193
2025-06-08,-0.006240778273,0.036438372254,0.000000000000,1.000000000000,0.395311788765,-0.918546999159
2025-06-09,0.065786419284,0.532570581657,0.781831482468,0.623489801859,0.379452843725,-0.925211078289
2025-06-10,0.048052794989,0.545559889921,0.974927912182,-0.222520933956,0.363481612483,-0.931601372577
2025-06-11,-0.014314884051,-0.146663232169,0.433883739118,-0.900968867902,0.347402821184,-0.937715991030
2025-06-12,-0.044883791810,-0.169232600909,-0.433883739118,-0.900968867902,0.331221227802,-0.943553124235
2025-06-13,-0.027646644952,0.382031143083,-0.974927912182,-0.222520933956,0.314941620729,-0.949111044890
2025-06-14,-0.018010508723,-0.978027270531,-0.781831482468,0.623489801859,0.298568817364,-0.954388108318
2025-06-15,0.005272581093,-0.022878319628,0.000000000000,1.000000000000,0.282107662682,-0.959382752949
2025-06-16,-0.002450025251,0.490097573019,0.781831482468,0.623489801859,0.265563027804,-0.964093500789
2025-06-17,-0.011816150484,0.118240280327,0.974927912182,-0.222520933956,0.248939808554,-0.968518957851
2025-06-18,0.005378312737,-0.255259375820,0.433883739118,-0.900968867902,0.232242924009,-0.972657814572
2025-06-19,-0.001049533506,-0.441315130059,-0.433883739118,-0.900968867902,0.215477315047,-0.976508846197
2025-06-20,-0.046407330825,0.569526733152,-0.974927912182,-0.222520933956,0.198647942880,-0.980070913143
2025-06-21,-0.045382951517,-0.338256634673,-0.781831482468,0.623489801859,0.181759787591,-0.983342961339
2025-06-22,-0.031924600948,0.569069448145,0.000000000000,1.000000000000,0.164817846657,-0.986324022532
2025-06-23,0.083321388610,-0.080866204572,0.781831482468,0.623489801859,0.147827133471,-0.989013214578
2025-06-24,0.010753586923,-0.295153564569,0.974927912182,-0.222520933956,0.130792675857,-0.991409741702
2025-06-25,-0.011792454268,-0.129943423317,0.433883739118,-0.900968867902,0.113719514586,-0.993512894734
2025-06-26,-0.001308490449,0.064452225607,-0.433883739118,-0.900968867902,0.096612701881,-0.995322051316
2025-06-27,0.003190165117,-0.178428246029,-0.974927912182,-0.222520933956,0.079477299924,-0.996836676089
2025-06-28,0.005448479290,-0.615489187611,-0.781831482468,0.623489801859,0.062318379354,-0.998056320853
2025-06-29,0.025861987909,0.412768838794,0.000000000000,1.000000000000,0.045141017774,-0.998980624694
2025-06-30,-0.005812878699,0.299152718026,0.781831482468,0.623489801859,0.027950298240,-0.999609314096
2025-07-01,-0.032982299378,-0.115182250003,0.974927912182,-0.222520933956,0.010751307764,-0.999942203020
2025-07-02,0.066545929524,0.416686512453,0.433883739118,-0.900968867902,-0.006450864198,-0.999979192959
2025-07-03,0.007621334376,-0.087948803284,-0.433883739118,-0.900968867902,-0.023651127245,-0.999720272966
2025-07-04,-0.032354464052,-0.192252642982,-0.974927912182,-0.222520933956,-0.040844391543,-0.999165519661
2025-07-05,0.003486700832,-0.617358555753,-0.781831482468,0.623489801859,-0.058025569329,-0.998315097203
2025-07-06,0.021207974564,0.350619969855,0.000000000000,1.000000000000,-0.075189576415,-0.997169257247
2025-07-07,-0.011037269017,0.335044664653,0.781831482468,0.623489801859,-0.092331333695,-0.995728338865
2025-07-08,0.028107853382,-0.050195978633,0.974927912182,-0.222520933956,-0.109445768649,-0.993992768447
2025-07-09,0.057670474379,0.439958496874,0.433883739118,-0.900968867902,-0.126527816839,-0.991963059577
2025-07-10,0.064318270267,0.219976824922,-0.433883739118,-0.900968867902,-0.143572423412,-0.989639812879
2025-07-11,0.001028633186,0.065516482345,-0.974927912182,-0.222520933956,-0.160574544595,-0.987023715839
2025-07-12,-0.005075463318,-0.797572860857,-0.781831482468,0.623489801859,-0.177529149187,-0.984115542601
2025-07-13,0.010292813484,0.062050031753,0.000000000000,1.000000000000,-0.194431220048,-0.980916153741
2025-07-14,0.013360440086,0.738904995788,0.781831482468,0.623489801859,-0.211275755582,-0.977426496010
2025-07-15,0.041134963332,0.070737054795,0.974927912182,-0.222520933956,-0.228057771222,-0.973647602054
2025-07-16,0.071172121263,0.181359189796,0.433883739118,-0.900968867902,-0.244772300897,-0.969580590108
2025-07-17,0.030748073723,0.016150052131,-0.433883739118,-0.900968867902,-0.261414398511,-0.965226663666
2025-07-18,0.020562632198,0.219474642690,-0.974927912182,-0.222520933956,-0.277979139399,-0.960587111125
2025-07-19,0.012949634011,-0.821579841492,-0.781831482468,0.623489801859,-0.294461621787,-0.955663305403
2025-07-20,0.044658255180,0.538428187877,0.000000000000,1.000000000000,-0.310856968244,-0.950456703535
2025-07-21,0.001036816217,-0.045620561545,0.781831482468,0.623489801859,-0.327160327122,-0.944968846236
2025-07-22,-0.003787238651,0.060054260363,0.974927912182,-0.222520933956,-0.343366873996,-0.939201357453
2025-07-23,-0.032376953724,-0.091721332503,0.433883739118,-0.900968867902,-0.359471813088,-0.933155943878
2025-07-24,0.021343166350,-0.022172238558,-0.433883739118,-0.900968867902,-0.375470378688,-0.926834394446
2025-07-25,0.005181053864,0.045663616471,-0.974927912182,-0.222520933956,-0.391357836561,-0.920238579805
2025-07-26,0.003783586847,-0.539767856098,-0.781831482468,0.623489801859,-0.407129485354,-0.913370451764
2025-07-27,0.035150492084,0.159573508887,0.000000000000,1.000000000000,-0.422780657983,-0.906232042711
2025-07-28,-0.022922719919,0.215069452397,0.781831482468,0.623489801859,-0.438306723013,-0.898825465016
2025-07-29,0.001590594632,-0.008151731592,0.974927912182,-0.222520933956,-0.453703086031,-0.891152910406
2025-07-30,0.003879902935,-0.032832740648,0.433883739118,-0.900968867902,-0.468965191008,-0.883216649313
2025-07-31,-0.029714442554,-0.046195954193,-0.433883739118,-0.900968867902,-0.484088521639,-0.875019030203
2025-08-01,-0.058009207730,0.342668944221,-0.974927912182,-0.222520933956,-0.499068602689,-0.866562478885
2025-08-02,-0.027795210783,-0.427626863698,-0.781831482468,0.623489801859,-0.513901001309,-0.857849497787
2025-08-03,0.030375662386,-0.443289777892,0.000000000000,1.000000000000,-0.528581328356,-0.848882665221
2025-08-04,0.061437199246,0.467547541506,0.781831482468,0.623489801859,-0.543105239683,-0.839664634618
2025-08-05,-0.029217285611,0.058837964880,0.974927912182,-0.222520933956,-0.557468437433,-0.830198133741
2025-08-06,0.019743792785,-0.196746680418,0.433883739118,-0.900968867902,-0.571666671303,-0.820485963879
2025-08-07,0.060665557555,0.360939375162,-0.433883739118,-0.900968867902,-0.585695739807,-0.810530999019
2025-08-08,0.024110416268,0.162866383949,-0.974927912182,-0.222520933956,-0.599551491520,-0.800336184998
2025-08-09,0.061360113628,-0.003980127071,-0.781831482468,0.623489801859,-0.613229826300,-0.789904538622
2025-08-10,-0.002202759596,-0.224520424744,0.000000000000,1.000000000000,-0.626726696508,-0.779239146786
2025-08-11,-0.006426241551,0.323481329457,0.781831482468,0.623489801859,-0.640038108204,-0.768343165549
2025-08-12,0.082596819736,0.135383784198,0.974927912182,-0.222520933956,-0.653160122327,-0.757219819208
2025-08-13,0.035383497364,0.088762625899,0.433883739118,-0.900968867902,-0.666088855861,-0.745872399340
2025-08-14,-0.044740798069,0.190569028643,-0.433883739118,-0.900968867902,-0.678820482986,-0.734304263830
2025-08-15,-0.024072338520,-0.311131050792,-0.974927912182,-0.222520933956,-0.691351236209,-0.722518835873
2025-08-16,-0.003114897765,-0.726370987884,-0.781831482468,0.623489801859,-0.703677407479,-0.710519602969
2025-08-17,0.010583067343,0.156120244106,0.000000000000,1.000000000000,-0.715795349283,-0.698310115884
2025-08-18,-0.036601102031,0.534872251425,0.781831482468,0.623489801859,-0.727701475726,-0.685893987600
2025-08-19,-0.057025144153,-0.059234167427,0.974927912182,-0.222520933956,-0.739392263596,-0.673274892250
2025-08-20,0.062112605526,-0.017247366149,0.433883739118,-0.900968867902,-0.750864253399,-0.660456564028
2025-08-21,-0.026010882829,-0.388472078328,-0.433883739118,-0.900968867902,-0.762114050389,-0.647442796083
2025-08-22,0.134530155586,0.815207228742,-0.974927912182,-0.222520933956,-0.773138325571,-0.634237439398
2025-08-23,-0.011503359080,-0.732868049770,-0.781831482468,0.623489801859,-0.783933816683,-0.620844401651
2025-08-24,0.000744501188,0.361590556967,0.000000000000,1.000000000000,-0.794497329167,-0.607267646057
2025-08-25,-0.088920309869,0.198883060441,0.781831482468,0.623489801859,-0.804825737108,-0.593511190196
2025-08-26,0.050702591657,-0.172058895273,0.974927912182,-0.222520933956,-0.814915984166,-0.579579104826
2025-08-27,-0.021317945222,-0.212837693917,0.433883739118,-0.900968867902,-0.824765084473,-0.565475512674
2025-08-28,0.000840050708,-0.188212790169,-0.433883739118,-0.900968867902,-0.834370123523,-0.551204587220
2025-08-29,-0.033164068150,0.263241742459,-0.974927912182,-0.222520933956,-0.843728259029,-0.536770551461
2025-08-30,0.003205864330,-0.594426783610,-0.781831482468,0.623489801859,-0.852836721769,-0.522177676660
2025-08-31,0.003620590589,0.030437623930,0.000000000000,1.000000000000,-0.861692816403,-0.507430281083
2025-09-01,-0.017359025443,0.341132159535,0.781831482468,0.623489801859,-0.870293922269,-0.492532728722
2025-09-02,0.002522157519,0.060832095588,0.974927912182,-0.222520933956,-0.878637494161,-0.477489428003
2025-09-03,0.028494847114,-0.123218649811,0.433883739118,-0.900968867902,-0.886721063083,-0.462304830480
2025-09-04,-0.034668624353,-0.009719987580,-0.433883739118,-0.900968867902,-0.894542236976,-0.446983429520
2025-09-05,0.001916078855,0.234850053029,-0.974927912182,-0.222520933956,-0.902098701430,-0.431529758971
2025-09-06,-0.007632177983,-0.891536575847,-0.781831482468,0.623489801859,-0.909388220365,-0.415948391825
2025-09-07,0.007251070414,-0.038359132849,0.000000000000,1.000000000000,-0.916408636694,-0.400243938857
2025-09-08,0.000632642897,0.616351006957,0.781831482468,0.623489801859,-0.923157872965,-0.384421047269
2025-09-09,0.000224956595,-0.049988491202,0.974927912182,-0.222520933956,-0.929633931968,-0.368484399308
2025-09-10,0.009264012591,0.252470593248,0.433883739118,-0.900968867902,-0.935834897335,-0.352438710885
2025-09-11,0.025445771445,-0.094456091763,-0.433883739118,-0.900968867902,-0.941758934099,-0.336288730177
2025-09-12,0.055375833985,0.198155699089,-0.974927912182,-0.222520933956,-0.947404289244,-0.320039236223
2025-09-13,-0.010031901370,-0.229664487186,-0.781831482468,0.623489801859,-0.952769292217,-0.303695037511
2025-09-14,-0.012628630251,-0.204693035677,0.000000000000,1.000000000000,-0.957852355428,-0.287260970551
2025-09-15,-0.018120801633,0.348281874084,0.781831482468,0.623489801859,-0.962651974716,-0.270741898448
2025-09-16,-0.005150591340,-0.205211284679,0.974927912182,-0.222520933956,-0.967166729798,-0.254142709461
2025-09-17,0.019606174543,0.297679490553,0.433883739118,-0.900968867902,-0.971395284684,-0.237468315558
2025-09-18,-0.000612993525,-0.275469960564,-0.433883739118,-0.900968867902,-0.975336388077,-0.220723650961
2025-09-19,-0.026268833691,-0.098580790760,-0.974927912182,-0.222520933956,-0.978988873741,-0.203913670683
2025-09-20,0.002535107207,-0.519377412219,-0.781831482468,0.623489801859,-0.982351660847,-0.187043349070
2025-09-21,-0.006925912368,0.068168713987,0.000000000000,1.000000000000,-0.985423754292,-0.170117678320
2025-09-22,-0.057433330284,1.102577729973,0.781831482468,0.623489801859,-0.988204244994,-0.153141667013
2025-09-23,-0.008932141614,-0.584240959599,0.974927912182,-0.222520933956,-0.990692310162,-0.136120338623
2025-09-24,-0.002893308142,0.032679815945,0.433883739118,-0.900968867902,-0.992887213536,-0.119058730034
2025-09-25,-0.071120026695,0.720880746741,-0.433883739118,-0.900968867902,-0.994788305609,-0.101961890052
2025-09-26,0.042402417498,-0.365009174005,-0.974927912182,-0.222520933956,-0.996395023819,-0.084834877906
2025-09-27,-0.004278270260,-0.853882863331,-0.781831482468,0.623489801859,-0.997706892710,-0.067682761755
2025-09-28,0.030104315262,0.189338852260,0.000000000000,1.000000000000,-0.998723524080,-0.050510617185
2025-09-29,0.018152641761,0.448208341070,0.781831482468,0.623489801859,-0.999444617092,-0.033323525712
2025-09-30,-0.017071255792,-0.023119639923,0.974927912182,-0.222520933956,-0.999869958362,-0.016126573271
2025-10-01,0.048297746814,0.203042706289,0.433883739118,-0.900968867902,-0.999999422025,0.001075151283
2025-10-02,0.030958681092,0.040593178775,-0.433883739118,-0.900968867902,-0.999832969770,0.018276557682
2025-10-03,0.005986331914,0.031317527884,-0.974927912182,-0.222520933956,-0.999370650854,0.035472555753
2025-10-04,-0.005702624588,-0.820671206884,-0.781831482468,0.623489801859,-0.998612602084,0.052658056925
2025-10-05,0.005824934256,0.720621041759,0.000000000000,1.000000000000,-0.997559047779,0.069827975730
2025-10-06,0.037458468971,0.002484612310,0.781831482468,0.623489801859,-0.996210299702,0.086977231314
2025-10-07,-0.051794399677,0.198643671726,0.974927912182,-0.222520933956,-0.994566756971,0.104100748935
2025-10-08,0.017039681538,-0.304908018805,0.433883739118,-0.900968867902,-0.992628905935,0.121193461471
2025-10-09,-0.035635581156,0.168949197658,-0.433883739118,-0.900968867902,-0.990397320035,0.138250310911
2025-10-10,-0.128311408380,0.713096631016,-0.974927912182,-0.222520933956,-0.987872659635,0.155266249860
2025-10-11,-0.024336685989,-0.447502226438,-0.781831482468,0.623489801859,-0.985055671822,0.172236243028
2025-10-12,0.104659954847,-0.020362647974,0.000000000000,1.000000000000,-0.981947190187,0.189155268720
2025-10-13,0.019273140201,-0.197325630623,0.781831482468,0.623489801859,-0.978548134580,0.206018320325
2025-10-14,-0.028686087571,0.289011016080,0.974927912182,-0.222520933956,-0.974859510837,0.222820407795
2025-10-15,-0.034011615637,-0.284858628406,0.433883739118,-0.900968867902,-0.970882410481,0.239556559121
2025-10-16,-0.023523683731,-0.026414446510,-0.433883739118,-0.900968867902,-0.966618010400,0.256221821807
2025-10-17,-0.016097936733,0.155294966379,-0.974927912182,-0.222520933956,-0.962067572498,0.272811264334
2025-10-18,0.014965464892,-0.879774688180,-0.781831482468,0.623489801859,-0.957232443323,0.289319977619
2025-10-19,0.023951244356,0.322236285687,0.000000000000,1.000000000000,-0.952114053668,0.305743076467
2025-10-20,-0.000976573622,0.201898739894,0.781831482468,0.623489801859,-0.946713918146,0.322075701021
2025-10-21,-0.026471993284,0.216749435799,0.974927912182,-0.222520933956,-0.941033634745,0.338313018192
2025-10-22,-0.017864589534,-0.078826665077,0.433883739118,-0.900968867902,-0.935074884352,0.354450223099
2025-10-23,0.012500977883,-0.238887109349,-0.433883739118,-0.900968867902,-0.928839430256,0.370482540482
2025-10-24,0.020163720301,-0.064489846993,-0.974927912182,-0.222520933956,-0.922329117629,0.386405226121
2025-10-25,0.004792978901,-0.804758272664,-0.781831482468,0.623489801859,-0.915545872978,0.402213568237
2025-10-26,0.050437692043,0.647185622747,0.000000000000,1.000000000000,-0.908491703573,0.417902888887
2025-10-27,-0.009148814295,0.324187655322,0.781831482468,0.623489801859,-0.901168696856,0.433468545349
2025-10-28,-0.034032678784,-0.014687886774,0.974927912182,-0.222520933956,-0.893579019824,0.448905931494
2025-10-29,-0.020014178493,-0.118319779267,0.433883739118,-0.900968867902,-0.885724918384,0.464210479152
2025-10-30,-0.025684149923,0.125795619544,-0.433883739118,-0.900968867902,-0.877608716690,0.479377659461
2025-10-31,0.011162718308,-0.056116075798,-0.974927912182,-0.222520933956,-0.869232816457,0.494402984208
2025-11-01,0.007021586687,-0.770666487708,-0.781831482468,0.623489801859,-0.860599696250,0.509282007157
2025-11-02,0.009473174048,0.157784566941,0.000000000000,1.000000000000,-0.851711910747,0.524010325368
2025-11-03,-0.082234483055,0.952586428940,0.781831482468,0.623489801859,-0.842572089987,0.538583580492
2025-11-04,-0.089905010136,0.369546613553,0.974927912182,-0.222520933956,-0.833182938589,0.552997460070
2025-11-05,0.039481668810,-0.492354393256,0.433883739118,-0.900968867902,-0.823547234956,0.567247698803
2025-11-06,-0.033521363670,-0.245564249146,-0.433883739118,-0.900968867902,-0.813667830446,0.581330079815
2025-11-07,0.036474481160,0.148444589314,-0.974927912182,-0.222520933956,-0.803547648534,0.595240435904
2025-11-08,-0.010218549741,-0.590254559082,-0.781831482468,0.623489801859,-0.793189683945,0.608974650772
2025-11-09,0.052208742910,0.199288891034,0.000000000000,1.000000000000,-0.782597001768,0.622528660243
2025-11-10,-0.003960630532,0.212290605207,0.781831482468,0.623489801859,-0.771772736547,0.635898453468
2025-11-11,-0.043873986410,0.108810808332,0.974927912182,-0.222520933956,-0.760720091356,0.649080074110
2025-11-12,-0.000640851707,-0.129767640129,0.433883739118,-0.900968867902,-0.749442336852,0.662069621515
2025-11-13,-0.054283922810,0.365218401676,-0.433883739118,-0.900968867902,-0.737942810303,0.674863251868
2025-11-14,-0.040712816184,-0.067446683426,-0.974927912182,-0.222520933956,-0.726224914604,0.687457179327
2025-11-15,0.020045814387,-0.857854978589,-0.781831482468,0.623489801859,-0.714292117269,0.699847677146
2025-11-16,-0.023576197316,0.441222698600,0.000000000000,1.000000000000,-0.702147949405,0.712031078779
2025-11-17,-0.022333536069,0.280628975970,0.781831482468,0.623489801859,-0.689796004666,0.724003778959
2025-11-18,0.032028732106,0.013429872206,0.974927912182,-0.222520933956,-0.677239938191,0.735762234774
2025-11-19,-0.032514219001,-0.033048699788,0.433883739118,-0.900968867902,-0.664483465523,0.747302966705
2025-11-20,-0.065368498827,0.087715125791,-0.433883739118,-0.900968867902,-0.651530361507,0.758622559666
2025-11-21,-0.023611152386,0.158803476811,-0.974927912182,-0.222520933956,-0.638384459175,0.769717664007
2025-11-22,0.000689715327,-1.206177979023,-0.781831482468,0.623489801859,-0.625049648610,0.780584996507
2025-11-23,0.012234618260,0.278546681343,0.000000000000,1.000000000000,-0.611529875799,0.791221341348
2025-11-24,0.052506718464,0.467489536520,0.781831482468,0.623489801859,-0.597829141459,0.801623551065
2025-11-25,0.001767285172,-0.330985366213,0.974927912182,-0.222520933956,-0.583951499858,0.811788547476
2025-11-26,0.023348428095,-0.085058600830,0.433883739118,-0.900968867902,-0.569901057613,0.821713322596
2025-11-27,-0.004392260427,-0.233328479798,-0.433883739118,-0.900968867902,-0.555681972476,0.831394939523
2025-11-28,0.005874882913,0.196586563634,-0.974927912182,-0.222520933956,-0.541298452104,0.840830533312
2025-11-29,-0.013485997805,-0.480669672358,-0.781831482468,0.623489801859,-0.526754752811,0.850017311819
2025-11-30,0.000142800979,-0.102536745229,0.000000000000,1.000000000000,-0.512055178311,0.858952556527
2025-12-01,-0.066292773644,1.157229636341,0.781831482468,0.623489801859,-0.497204078447,0.867633623355
2025-12-02,0.068238382809,-0.321548414557,0.974927912182,-0.222520933956,-0.482205847896,0.876057943434
2025-12-03,0.062588230463,0.118833704945,0.433883739118,-0.900968867902,-0.467064924877,0.884223023874
2025-12-04,-0.018102417545,-0.087686740008,-0.433883739118,-0.900968867902,-0.451785789833,0.892126448495
2025-12-05,-0.035687508028,0.020394843118,-0.974927912182,-0.222520933956,-0.436372964105,0.899765878548
2025-12-06,0.005202266349,-0.937704563843,-0.781831482468,0.623489801859,-0.420831008596,0.907139053401
2025-12-07,0.006914380157,0.620216046412,0.000000000000,1.000000000000,-0.405164522421,0.914243791213
2025-12-08,0.020657404004,0.214582276137,0.781831482468,0.623489801859,-0.389378141545,0.921077989579
2025-12-09,0.060802926422,0.236820270400,0.974927912182,-0.222520933956,-0.373476537413,0.927639626149
2025-12-10,0.001286434598,-0.042048282587,0.433883739118,-0.900968867902,-0.357464415565,0.933926759229
2025-12-11,-0.026922453488,-0.054502345444,-0.433883739118,-0.900968867902,-0.341346514245,0.939937528356
2025-12-12,-0.048381125269,-0.175363148842,-0.974927912182,-0.222520933956,-0.325127603000,0.945670154847
2025-12-13,0.010489822948,-0.899977055055,-0.781831482468,0.623489801859,-0.308812481266,0.951122942324
2025-12-14,-0.018163993601,0.454285622180,0.000000000000,1.000000000000,-0.292405976951,0.956294277220
2025-12-15,-0.032007770166,0.610670421814,0.781831482468,0.623489801859,-0.275912945003,0.961182629254
2025-12-16,-0.000000741272,-0.236423650503,0.974927912182,-0.222520933956,-0.259338265975,0.965786551884
2025-12-17,-0.045828192849,0.141455176782,0.433883739118,-0.900968867902,-0.242686844583,0.970104682736
2025-12-18,-0.001532029495,0.109744563396,-0.433883739118,-0.900968867902,-0.225963608248,0.974135744005
2025-12-19,0.052001578061,-0.046393893709,-0.974927912182,-0.222520933956,-0.209173505646,0.977878542834
2025-12-20,-0.000130360213,-1.297794637277,-0.781831482468,0.623489801859,-0.192321505239,0.981331971670
2025-12-21,0.008038330985,0.384175320078,0.000000000000,1.000000000000,-0.175412593804,0.984495008588
2025-12-22,0.001484751581,0.598733188974,0.781831482468,0.623489801859,-0.158451774961,0.987366717594
2025-12-23,-0.014306326840,0.053185033596,0.974927912182,-0.222520933956,-0.141444067688,0.989946248902
2025-12-24,-0.006019159755,-0.427905528607,0.433883739118,-0.900968867902,-0.124394504840,0.992232839189
2025-12-25,-0.014365015057,-0.167425650318,-0.433883739118,-0.900968867902,-0.107308131656,0.994225811816
2025-12-26,0.007605038908,0.450583788699,-0.974927912182,-0.222520933956,-0.090190004270,0.995924577029
2025-12-27,0.007577038564,-0.922518281496,-0.781831482468,0.623489801859,-0.073045188211,0.997328632136
2025-12-28,0.000193273231,0.223590383148,0.000000000000,1.000000000000,-0.055878756905,0.998437561657
2025-12-29,-0.004769525040,1.034268935131,0.781831482468,0.623489801859,-0.038695790177,0.999251037439
2025-12-30,0.012488715813,-0.321723072518,0.974927912182,-0.222520933956,-0.021501372741,0.999768818763
2025-12-31,-0.001474845449,-0.134304575072,0.433883739118,-0.900968867902,-0.004300592703,0.999990752408
2026-01-01,0.011179695897,-0.471330584243,-0.433883739118,-0.900968867902,0.017201575418,0.999852041956
2026-01-02,0.040505791424,0.899430248198,-0.974927912182,-0.222520933956,0.034398060614,0.999408211606
2026-01-03,0.000478333356,-0.789615612664,-0.781831482468,0.623489801859,0.051584366869,0.998668640288
2026-01-04,0.004721198193,0.192279182236,0.000000000000,1.000000000000,0.068755408481,0.997633546852
2026-01-05,0.026834359460,0.672454239170,0.781831482468,0.623489801859,0.085906104261,0.996303237599
2026-01-06,0.021410072766,0.023318018960,0.974927912182,-0.222520933956,0.103031379043,0.994678106189
2026-01-07,-0.039957957746,-0.206110686934,0.433883739118,-0.900968867902,0.120126165182,0.992758633525
2026-01-08,-0.019920661678,0.004149825334,-0.433883739118,-0.900968867902,0.137185404057,0.990545387609
2026-01-09,-0.006896412519,-0.186937462530,-0.974927912182,-0.222520933956,0.154204047563,0.988039023377
2026-01-10,-0.000211216951,-0.997802874618,-0.781831482468,0.623489801859,0.171177059610,0.985240282501
2026-01-11,0.011768432192,0.410835708647,0.000000000000,1.000000000000,0.188099417612,0.982149993175
2026-01-12,-0.008552349240,0.700657661482,0.781831482468,0.623489801859,0.204966113969,0.978769069865
2026-01-13,0.071672447851,0.252819635276,0.974927912182,-0.222520933956,0.221772157556,0.975098513040
2026-01-14,0.009773355035,0.219606093988,0.433883739118,-0.900968867902,0.238512575194,0.971139408877
2026-01-15,-0.011277796532,-0.206425626705,-0.433883739118,-0.900968867902,0.255182413123,0.966892928939
2026-01-16,-0.006538811243,-0.193955541714,-0.974927912182,-0.222520933956,0.271776738471,0.962360329828
2026-01-17,0.004052512546,-0.707319379199,-0.781831482468,0.623489801859,0.288290640710,0.957542952812
2026-01-18,-0.008408684018,0.190473419643,0.000000000000,1.000000000000,0.304719233109,0.952442223431
2026-01-19,-0.029235184794,0.723669175895,0.781831482468,0.623489801859,0.321057654185,0.947059651072
2026-01-20,-0.082047329409,0.165426174867,0.974927912182,-0.222520933956,0.337301069136,0.941396828526
2026-01-21,0.014640674097,0.081826521213,0.433883739118,-0.900968867902,0.353444671274,0.935455431513
2026-01-22,-0.009873624051,-0.487137368656,-0.433883739118,-0.900968867902,0.369483683447,0.929237218188
2026-01-23,0.001227550419,0.019099663930,-0.974927912182,-0.222520933956,0.385413359454,0.922744028620
2026-01-24,-0.001530202685,-1.005879311492,-0.781831482468,0.623489801859,0.401228985448,0.915977784248
2026-01-25,-0.046095446911,1.005718212996,0.000000000000,1.000000000000,0.416925881329,0.908940487314
2026-01-26,0.038509728372,0.280400160774,0.781831482468,0.623489801859,0.432499402134,0.901634220265
2026-01-27,0.032196175043,-0.058742738572,0.974927912182,-0.222520933956,0.447944939408,0.894061145145
2026-01-28,-0.005176321307,-0.251661410586,0.433883739118,-0.900968867902,0.463257922567,0.886223502949
2026-01-29,-0.064702366432,0.544313713238,-0.433883739118,-0.900968867902,0.478433820255,0.878123612959
2026-01-30,-0.041978867968,0.110753737051,-0.974927912182,-0.222520933956,0.493468141677,0.869763872065
2026-01-31,-0.100048439379,0.127439250355,-0.781831482468,0.623489801859,0.508356437938,0.861146754048
2026-02-01,-0.075199782203,-0.164387212241,0.000000000000,1.000000000000,0.523094303349,0.852274808852
2026-02-02,0.033128146653,0.190833373540,0.781831482468,0.623489801859,0.537677376741,0.843150661828
2026-02-03,-0.051104737076,-0.019396128555,0.974927912182,-0.222520933956,0.552101342746,0.833777012959
2026-02-04,-0.038464351009,-0.057711781647,0.433883739118,-0.900968867902,0.566361933081,0.824156636057
2026-02-05,-0.162681086357,0.289154732787,-0.433883739118,-0.900968867902,0.580454927809,0.814292377947
2026-02-06,0.124587932434,0.073678027701,-0.974927912182,-0.222520933956,0.594376156585,0.804187157621
2026-02-07,0.013078072861,-0.457250616876,-0.781831482468,0.623489801859,0.608121499894,0.793843965378
2026-02-08,-0.000854866520,-0.744561539442,0.000000000000,1.000000000000,0.621686890267,0.783265861934
2026-02-09,0.007062777521,0.314019861111,0.781831482468,0.623489801859,0.635068313487,0.772455977519
2026-02-10,-0.040786086601,-0.139520657574,0.974927912182,-0.222520933956,0.648261809776,0.761417510953
2026-02-11,-0.039840487598,0.027776442758,0.433883739118,-0.900968867902,0.661263474966,0.750153728696
2026-02-12,0.003251056310,-0.173790554667,-0.433883739118,-0.900968867902,0.674069461655,0.738667963881
2026-02-13,0.050861910727,0.015107636926,-0.974927912182,-0.222520933956,0.686675980345,0.726963615332
2026-02-14,0.018131871978,-0.187319418243,-0.781831482468,0.623489801859,0.699079300566,0.715044146554
2026-02-15,-0.059230160663,0.606147201181,0.000000000000,1.000000000000,0.711275751974,0.702913084708
2026-02-16,0.016082623092,-0.479059437720,0.781831482468,0.623489801859,0.723261725444,0.690574019572
2026-02-17,-0.002868787899,0.085265899224,0.974927912182,-0.222520933956,0.735033674133,0.678030602474
2026-02-18,-0.019371403139,-0.036124262169,0.433883739118,-0.900968867902,0.746588114532,0.665286545211
2026-02-19,-0.002958901253,-0.149727948891,-0.433883739118,-0.900968867902,0.757921627497,0.652345618957
2026-02-20,0.010630736665,0.221201371731,-0.974927912182,-0.222520933956,0.769030859259,0.639211653138
2026-02-21,0.002391647764,-0.628867455690,-0.781831482468,0.623489801859,0.779912522417,0.625888534308
2026-02-22,-0.008104381025,-0.197544745877,0.000000000000,1.000000000000,0.790563396912,0.612380204990
2026-02-23,-0.053668696968,0.916674222459,0.781831482468,0.623489801859,0.800980330978,0.598690662518
2026-02-24,-0.001366236763,-0.250364403652,0.974927912182,-0.222520933956,0.811160242079,0.584823957846
2026-02-25,0.103305297556,0.405627925079,0.433883739118,-0.900968867902,0.821100117813,0.570784194357
2026-02-26,-0.013640230652,-0.172410621915,-0.433883739118,-0.900968867902,0.830797016812,0.556575526641
2026-02-27,-0.048539883585,-0.098625793293,-0.974927912182,-0.222520933956,0.840248069608,0.542202159273
2026-02-28,0.017603302416,0.025185543694,-0.781831482468,0.623489801859,0.849450479481,0.527668345563
2026-03-01,-0.013311214362,0.087121716523,0.000000000000,1.000000000000,0.858401523292,0.512978386299
2026-03-02,0.044482778823,0.103787169572,0.781831482468,0.623489801859,0.867098552281,0.498136628478
2026-03-03,-0.022195215391,-0.084891036155,0.974927912182,-0.222520933956,0.875538992859,0.483147464015
2026-03-04,0.069985648808,0.332631824374,0.433883739118,-0.900968867902,0.883720347362,0.468015328444
2026-03-05,-0.026156066067,-0.406524322231,-0.433883739118,-0.900968867902,0.891640194797,0.452744699607
2026-03-06,-0.045857946313,-0.126002285280,-0.974927912182,-0.222520933956,0.899296191553,0.437340096330
2026-03-07,-0.004708868776,-0.656326453660,-0.781831482468,0.623489801859,0.906686072098,0.421806077083
2026-03-08,-0.016820776458,0.466026880967,0.000000000000,1.000000000000,0.913807649647,0.406147238631
2026-03-09,0.028673744604,0.386687419322,0.781831482468,0.623489801859,0.920658816810,0.390368214676
2026-03-10,0.021927234478,-0.019487285975,0.974927912182,-0.222520933956,0.927237546218,0.374473674487
2026-03-11,0.007069651069,-0.213118946723,0.433883739118,-0.900968867902,0.933541891118,0.358468321512
2026-03-12,0.010455613838,0.080394928527,-0.433883739118,-0.900968867902,0.939569985953,0.342356891995
2026-03-13,0.009327310323,0.352627653991,-0.974927912182,-0.222520933956,0.945320046913,0.326144153564
2026-03-14,0.002159223304,-1.069229994466,-0.781831482468,0.623489801859,0.950790372463,0.309834903832
2026-03-15,0.037617472575,0.420165689033,0.000000000000,1.000000000000,0.955979343844,0.293433968967
2026-03-16,0.076749085241,0.931915034030,0.781831482468,0.623489801859,0.960885425557,0.276946202269
2026-03-17,-0.014187828747,-0.375910639483,0.974927912182,-0.222520933956,0.965507165814,0.260376482734
2026-03-18,-0.050602918192,-0.042775572269,0.433883739118,-0.900968867902,0.969843196967,0.243729713610
2026-03-19,-0.030523607149,-0.061459169802,-0.433883739118,-0.900968867902,0.973892235915,0.227010820941
2026-03-20,0.004235958585,-0.293103860961,-0.974927912182,-0.222520933956,0.977653084482,0.210224752119
2026-03-21,-0.033061992006,-0.730603743493,-0.781831482468,0.623489801859,0.981124629772,0.193376474410
2026-03-22,-0.011449568095,0.641477698281,0.000000000000,1.000000000000,0.984305844499,0.176470973492
2026-03-23,0.047139798336,0.550617698012,0.781831482468,0.623489801859,0.987195787291,0.159513251973
2026-03-24,0.001652030659,-0.438435526435,0.974927912182,-0.222520933956,0.989793602967,0.142508327916
2026-03-25,0.005697480587,-0.073509942141,0.433883739118,-0.900968867902,0.992098522792,0.125461233353
2026-03-26,-0.051313706617,0.086394780969,-0.433883739118,-0.900968867902,0.994109864702,0.108377012792
2026-03-27,-0.033727669892,0.043380757096,-0.974927912182,-0.222520933956,0.995827033510,0.091260721729
2026-03-28,0.000714166378,-0.811508705799,-0.781831482468,0.623489801859,0.997249521077,0.074117425151
2026-03-29,-0.005098999440,0.089596191113,0.000000000000,1.000000000000,0.998376906467,0.056952196034
2026-03-30,0.020447261394,0.635340164739,0.781831482468,0.623489801859,0.999208856068,0.039770113846
2026-03-31,0.039340814764,0.176219800652,0.974927912182,-0.222520933956,0.999745123693,0.022576263042
2026-04-01,0.016038636317,-0.085083023818,0.433883739118,-0.900968867902,0.999985550651,0.005375731558
2026-04-02,-0.039038575476,-0.036254221453,-0.433883739118,-0.900968867902,0.999930065796,-0.011826390692
2026-04-03,-0.001687146172,-0.673592009861,-0.974927912182,-0.222520933956,0.999578685548,-0.029025013322
2026-04-04,0.005810685556,-0.327356469292,-0.781831482468,0.623489801859,0.998931513885,-0.046215046984
2026-04-05,0.020911357684,0.360025370610,0.000000000000,1.000000000000,0.997988742316,-0.063391404870
2026-04-06,-0.000585345976,0.654119180825,0.781831482468,0.623489801859,0.996750649821,-0.080549004219
2026-04-07,0.061655604970,0.167900373047,0.974927912182,-0.222520933956,0.995217602774,-0.097682767822
2026-04-08,-0.023227371527,-0.050827038743,0.433883739118,-0.900968867902,0.993390054826,-0.114787625522
2026-04-09,-0.000544085790,-0.220639771732,-0.433883739118,-0.900968867902,0.991268546779,-0.131858515717
2026-04-10,0.025261127436,-0.005046214678,-0.974927912182,-0.222520933956,0.988853706421,-0.148890386856
2026-04-11,0.017765001039,-0.305587279065,-0.781831482468,0.623489801859,0.986146248342,-0.165878198935
2026-04-12,-0.041630607577,0.192955964418,0.000000000000,1.000000000000,0.983146973722,-0.182816924985
2026-04-13,0.078285391139,0.437545353498,0.781831482468,0.623489801859,0.979856770096,-0.199701552566
2026-04-14,-0.020199243770,0.060394948496,0.974927912182,-0.222520933956,0.976276611087,-0.216527085245
2026-04-15,0.015430748489,-0.392785006922,0.433883739118,-0.900968867902,0.972407556122,-0.233288544075
2026-04-16,-0.004584461790,0.191958382346,-0.433883739118,-0.900968867902,0.968250750117,-0.249980969073
2026-04-17,0.030371750893,0.250493439965,-0.974927912182,-0.222520933956,0.963807423137,-0.266599420679
2026-04-18,-0.029326772361,-0.608687883997,-0.781831482468,0.623489801859,0.959078890034,-0.283138981228
2026-04-19,-0.037345442741,0.170890734693,0.000000000000,1.000000000000,0.954066550058,-0.299594756397
2026-04-20,0.021963323579,0.110765686151,0.781831482468,0.623489801859,0.948771886440,-0.315961876658
2026-04-21,0.005495406547,-0.169592116561,0.974927912182,-0.222520933956,0.943196465957,-0.332235498716
2026-04-22,0.020458654220,0.332684805728,0.433883739118,-0.900968867902,0.937341938464,-0.348410806945
2026-04-23,-0.018937688624,-0.120803238802,-0.433883739118,-0.900968867902,0.931210036412,-0.364483014810
2026-04-24,-0.006810026535,-0.398079271548,-0.974927912182,-0.222520933956,0.924802574329,-0.380447366288
2026-04-25,0.001354581263,-0.714304355848,-0.781831482468,0.623489801859,0.918121448284,-0.396299137269
2026-04-26,0.021713243593,0.484221953041,0.000000000000,1.000000000000,0.911168635333,-0.412033636959
2026-04-27,-0.028535209239,0.520643094063,0.781831482468,0.623489801859,0.903946192922,-0.427646209268
2026-04-28,-0.005942025412,-0.337226871669,0.974927912182,-0.222520933956,0.896456258291,-0.443132234183
2026-04-29,-0.015851183919,0.539354630110,0.433883739118,-0.900968867902,0.888701047829,-0.458487129140
2026-04-30,0.001257498435,-0.575418172899,-0.433883739118,-0.900968867902,0.880682856430,-0.473706350380
2026-05-01,0.017069008221,0.073164588964,-0.974927912182,-0.222520933956,0.872404056805,-0.488785394289
2026-05-02,0.009168006384,-0.651287578831,-0.781831482468,0.623489801859,0.863867098784,-0.503719798736
2026-05-03,0.002330299792,0.356346743947,0.000000000000,1.000000000000,0.855074508590,-0.518505144391
2026-05-04,0.010608949945,0.949985821796,0.781831482468,0.623489801859,0.846028888092,-0.533137056032
2026-05-05,0.006281654030,-0.362780477781,0.974927912182,-0.222520933956,0.836732914034,-0.547611203840
2026-05-06,-0.004406055141,0.248579792509,0.433883739118,-0.900968867902,0.827189337246,-0.561923304683
2026-05-07,-0.025721149788,0.028775839599,-0.433883739118,-0.900968867902,0.817400981825,-0.576069123380
2026-05-08,0.006900517380,-0.156750561280,-0.974927912182,-0.222520933956,0.807370744302,-0.590044473955
2026-05-09,0.008526770803,-0.493559983312,-0.781831482468,0.623489801859,0.797101592787,-0.603845220877
2026-05-10,0.018023789402,0.472030407675,0.000000000000,1.000000000000,0.786596566087,-0.617467280284
2026-05-11,-0.012608728465,-0.232383847034,0.781831482468,0.623489801859,0.775858772807,-0.630906621188
2026-05-12,-0.028054385824,0.039143080723,0.974927912182,-0.222520933956,0.764891390434,-0.644159266672
2026-05-13,-0.007531505292,-0.060749487824,0.433883739118,-0.900968867902,0.753697664393,-0.657221295066
2026-05-14,0.010293509699,0.144933647028,-0.433883739118,-0.900968867902,0.742280907087,-0.670088841106
2026-05-15,-0.025579807172,0.032678304308,-0.974927912182,-0.222520933956,0.730644496918,-0.682758097076
2026-05-16,-0.019794470747,-0.460361572092,-0.781831482468,0.623489801859,0.718791877288,-0.695225313941
2026-05-17,-0.024195229176,-0.121331633041,0.000000000000,1.000000000000,0.706726555578,-0.707486802450
2026-05-18,0.000409218328,0.673452652518,0.781831482468,0.623489801859,0.694452102109,-0.719538934233
2026-05-19,-0.008754253724,-0.502791487137,0.974927912182,-0.222520933956,0.681972149090,-0.731378142868
2026-05-20,0.008033908248,0.003820913956,0.433883739118,-0.900968867902,0.669290389541,-0.743000924944
2026-05-21,0.002079303909,0.172072694855,-0.433883739118,-0.900968867902,0.656410576198,-0.754403841093
2026-05-22,-0.031829628880,-0.080910513678,-0.974927912182,-0.222520933956,0.643336520404,-0.765583517008
2026-05-23,0.024550147375,0.230004452885,-0.781831482468,0.623489801859,0.630072090984,-0.776536644443
2026-05-24,-0.008522952674,-0.451357523299,0.000000000000,1.000000000000,0.616621213096,-0.787259982192
2026-05-25,0.006355596262,-0.041905192454,0.781831482468,0.623489801859,0.602987867069,-0.797750357046
2026-05-26,-0.019374108364,0.448642373915,0.974927912182,-0.222520933956,0.589176087232,-0.808004664735
2026-05-27,-0.023777930244,-0.091321867782,0.433883739118,-0.900968867902,0.575189960712,-0.818019870844
2026-05-28,-0.007268723244,0.219945045338,-0.433883739118,-0.900968867902,0.561033626228,-0.827793011713
2026-05-29,0.002202138888,-0.192333564322,-0.974927912182,-0.222520933956,0.546711272869,-0.837321195312
2026-05-30,0.003710709279,-0.692101083983,-0.781831482468,0.623489801859,0.532227138847,-0.846601602098
2026-05-31,-0.007513679144,0.212981406482,0.000000000000,1.000000000000,0.517585510253,-0.855631485849
2026-06-01,-0.000559123552,0.743297502546,0.781831482468,0.623489801859,0.502790719779,-0.864408174478
2026-06-02,-0.075408538351,0.258758389066,0.974927912182,-0.222520933956,0.487847145442,-0.872929070821
2026-06-03,-0.025064483002,-0.045537573685,0.433883739118,-0.900968867902,0.472759209286,-0.881191653407
2026-06-04,-0.023540908920,0.118478706624,-0.433883739118,-0.900968867902,0.457531376074,-0.889193477207
2026-06-05,-0.112773016358,0.386982651103,-0.974927912182,-0.222520933956,0.442168151967,-0.896932174351
2026-06-06,-0.007679127187,-0.773205915296,-0.781831482468,0.623489801859,0.426674083190,-0.904405454834
2026-06-07,0.072303443073,-0.194284559949,0.000000000000,1.000000000000,0.411053754687,-0.911611107193
2026-06-08,0.002222580243,0.138544550153,0.781831482468,0.623489801859,0.395311788765,-0.918546999159
2026-06-09,-0.031519541922,-0.136947638568,0.974927912182,-0.222520933956,0.379452843725,-0.925211078289
2026-06-10,-0.010785745482,-0.182978344667,0.433883739118,-0.900968867902,0.363481612483,-0.931601372577
2026-06-11,0.031677204519,-0.022037410010,-0.433883739118,-0.900968867902,0.347402821184,-0.937715991030
2026-06-12,-0.004286465439,-0.214574494450,-0.974927912182,-0.222520933956,0.331221227802,-0.943553124235
2026-06-13,0.009019641302,-0.493030104720,-0.781831482468,0.623489801859,0.314941620729,-0.949111044890
2026-06-14,0.026081317447,0.246294153826,0.000000000000,1.000000000000,0.298568817364,-0.954388108318
2026-06-15,0.039980555312,0.831229379206,0.781831482468,0.623489801859,0.282107662682,-0.959382752949
2026-06-16,-0.002545346375,-0.198246748232,0.974927912182,-0.222520933956,0.265563027804,-0.964093500789
2026-06-17,-0.024031278966,-0.035527613878,0.433883739118,-0.900968867902,0.248939808554,-0.968518957851
2026-06-18,-0.022186275107,-0.091719363792,-0.433883739118,-0.900968867902,0.232242924009,-0.972657814572
2026-06-19,0.000847225829,-0.499255396979,-0.974927912182,-0.222520933956,0.215477315047,-0.976508846197
2026-06-20,0.016415812265,-0.010517367832,-0.781831482468,0.623489801859,0.198647942880,-0.980070913143
2026-06-21,-0.020164455160,0.089189368651,0.000000000000,1.000000000000,0.181759787591,-0.983342961339
2026-06-22,0.012783452112,0.469005175278,0.781831482468,0.623489801859,0.164817846657,-0.986324022532
2026-06-23,-0.036015118575,-0.264095607979,0.974927912182,-0.222520933956,0.147827133471,-0.989013214578
2026-06-24,-0.027707605239,0.298502206028,0.433883739118,-0.900968867902,0.130792675857,-0.991409741702
2026-06-25,-0.034611145834,0.127772659318,-0.433883739118,-0.900968867902,0.113719514586,-0.993512894734
2026-06-26,0.007512173550,-0.045063147852,-0.974927912182,-0.222520933956,0.096612701881,-0.995322051316
2026-06-27,-0.003194097812,-0.915878111750,-0.781831482468,0.623489801859,0.079477299924,-0.996836676089
2026-06-28,-0.000781076117,0.019469350186,0.000000000000,1.000000000000,0.062318379354,-0.998056320853
2026-06-29,0.025056343015,0.645439769214,0.781831482468,0.623489801859,0.045141017774,-0.998980624694
2026-06-30,-0.025551475094,-0.209166040275,0.974927912182,-0.222520933956,0.027950298240,-0.999609314096
