timestamp,price_log_return,volume_log_change,day_wk_sin,day_wk_cos,day_yr_sin,day_yr_cos
2022-07-02,0.000000000000,0.000000000000,-0.781831482468,0.623489801859,-0.006450864198,-0.999979192959
2022-07-03,0.000000000000,0.000000000000,0.000000000000,1.000000000000,-0.023651127245,-0.999720272966
2022-07-04,0.000000000000,0.000000000000,0.781831482468,0.623489801859,-0.040844391543,-0.999165519661
2022-07-05,0.016703110304,0.000000000000,0.974927912182,-0.222520933956,-0.058025569329,-0.998315097203
2022-07-06,0.121185577868,0.000000000000,0.433883739118,-0.900968867902,-0.075189576415,-0.997169257247
2022-07-07,0.007040381731,0.000000000000,-0.433883739118,-0.900968867902,-0.092331333695,-0.995728338865
2022-07-08,-0.005411263310,0.000000000000,-0.974927912182,-0.222520933956,-0.109445768649,-0.993992768447
2022-07-09,0.000000000000,0.000000000000,-0.781831482468,0.623489801859,-0.126527816839,-0.991963059577
2022-07-10,0.000000000000,0.000000000000,0.000000000000,1.000000000000,-0.143572423412,-0.989639812879
2022-07-11,0.057971917831,0.000000000000,0.781831482468,0.623489801859,-0.160574544595,-0.987023715839
2022-07-12,0.078742072902,0.000000000000,0.974927912182,-0.222520933956,-0.177529149187,-0.984115542601
2022-07-13,0.094750735166,0.000000000000,0.433883739118,-0.900968867902,-0.194431220048,-0.980916153741
2022-07-14,-0.021758888373,0.000000000000,-0.433883739118,-0.900968867902,-0.211275755582,-0.977426496010
2022-07-15,-0.014624675585,0.000000000000,-0.974927912182,-0.222520933956,-0.228057771222,-0.973647602054
2022-07-16,0.000000000000,0.000000000000,-0.781831482468,0.623489801859,-0.244772300897,-0.969580590108
2022-07-17,0.000000000000,0.000000000000,0.000000000000,1.000000000000,-0.261414398511,-0.965226663666
2022-07-18,0.008888938940,0.000000000000,0.781831482468,0.623489801859,-0.277979139399,-0.960587111125
2022-07-19,0.080723234955,0.000000000000,0.974927912182,-0.222520933956,-0.294461621787,-0.955663305403
2022-07-20,-0.029828236928,0.000000000000,0.433883739118,-0.900968867902,-0.310856968244,-0.950456703535
2022-07-21,-0.007598232505,0.000000000000,-0.433883739118,-0.900968867902,-0.327160327122,-0.944968846236
2022-07-22,-0.002120839019,0.000000000000,-0.974927912182,-0.222520933956,-0.343366873996,-0.939201357453
2022-07-23,0.000000000000,0.000000000000,-0.781831482468,0.623489801859,-0.359471813088,-0.933155943878
2022-07-24,0.000000000000,0.000000000000,0.000000000000,1.000000000000,-0.375470378688,-0.926834394446
2022-07-25,0.016007026333,0.000000000000,0.781831482468,0.623489801859,-0.391357836561,-0.920238579805
2022-07-26,0.033692595588,0.000000000000,0.974927912182,-0.222520933956,-0.407129485354,-0.913370451764
2022-07-27,-0.037880202593,0.000000000000,0.433883739118,-0.900968867902,-0.422780657983,-0.906232042711
2022-07-28,-0.031978768235,0.000000000000,-0.433883739118,-0.900968867902,-0.438306723013,-0.898825465016
2022-07-29,-0.004342164904,0.000000000000,-0.974927912182,-0.222520933956,-0.453703086031,-0.891152910406
2022-07-30,0.000000000000,0.000000000000,-0.781831482468,0.623489801859,-0.468965191008,-0.883216649313
2022-07-31,0.000000000000,0.000000000000,0.000000000000,1.000000000000,-0.484088521639,-0.875019030203
2022-08-01,-0.014464416506,0.000000000000,0.781831482468,0.623489801859,-0.499068602689,-0.866562478885
2022-08-02,0.083805337895,0.000000000000,0.974927912182,-0.222520933956,-0.513901001309,-0.857849497787
2022-08-03,-0.014312280945,0.000000000000,0.433883739118,-0.900968867902,-0.528581328356,-0.848882665221
2022-08-04,-0.020808055108,0.000000000000,-0.433883739118,-0.900968867902,-0.543105239683,-0.839664634618
2022-08-05,0.013366976025,0.000000000000,-0.974927912182,-0.222520933956,-0.557468437433,-0.830198133741
2022-08-06,0.000000000000,0.000000000000,-0.781831482468,0.623489801859,-0.571666671303,-0.820485963879
2022-08-07,0.000000000000,0.000000000000,0.000000000000,1.000000000000,-0.585695739807,-0.810530999019
2022-08-08,0.020534582334,0.000000000000,0.781831482468,0.623489801859,-0.599551491520,-0.800336184998
2022-08-09,0.043744507480,0.000000000000,0.974927912182,-0.222520933956,-0.613229826300,-0.789904538622
2022-08-10,-0.013712202030,0.000000000000,0.433883739118,-0.900968867902,-0.626726696508,-0.779239146786
2022-08-11,-0.017910956595,0.000000000000,-0.433883739118,-0.900968867902,-0.640038108204,-0.768343165549
2022-08-12,0.004008017568,0.000000000000,-0.974927912182,-0.222520933956,-0.653160122327,-0.757219819208
2022-08-13,0.000000000000,0.000000000000,-0.781831482468,0.623489801859,-0.666088855861,-0.745872399340
2022-08-14,0.000000000000,0.000000000000,0.000000000000,1.000000000000,-0.678820482986,-0.734304263830
2022-08-15,0.005186531241,0.000000000000,0.781831482468,0.623489801859,-0.691351236209,-0.722518835873
2022-08-16,0.033264674221,0.000000000000,0.974927912182,-0.222520933956,-0.703677407479,-0.710519602969
2022-08-17,-0.011614521057,0.000000000000,0.433883739118,-0.900968867902,-0.715795349283,-0.698310115884
2022-08-18,-0.001168915349,0.000000000000,-0.433883739118,-0.900968867902,-0.727701475726,-0.685893987600
2022-08-19,0.005830868431,0.000000000000,-0.974927912182,-0.222520933956,-0.739392263596,-0.673274892250
2022-08-20,0.000000000000,0.000000000000,-0.781831482468,0.623489801859,-0.750864253399,-0.660456564028
2022-08-21,0.000000000000,0.000000000000,0.000000000000,1.000000000000,-0.762114050389,-0.647442796083
2022-08-22,0.026015269433,0.000000000000,0.781831482468,0.623489801859,-0.773138325571,-0.634237439398
2022-08-23,0.020557653902,0.000000000000,0.974927912182,-0.222520933956,-0.783933816683,-0.620844401651
2022-08-24,0.003692762774,0.000000000000,0.433883739118,-0.900968867902,-0.794497329167,-0.607267646057
2022-08-25,0.006246560712,0.000000000000,-0.433883739118,-0.900968867902,-0.804825737108,-0.593511190196
2022-08-26,0.009115867961,0.000000000000,-0.974927912182,-0.222520933956,-0.814915984166,-0.579579104826
2022-08-27,0.000000000000,0.000000000000,-0.781831482468,0.623489801859,-0.824765084473,-0.565475512674
2022-08-28,0.000000000000,0.000000000000,0.000000000000,1.000000000000,-0.834370123523,-0.551204587220
2022-08-29,0.015487426865,0.000000000000,0.781831482468,0.623489801859,-0.843728259029,-0.536770551461
2022-08-30,0.026451836458,0.000000000000,0.974927912182,-0.222520933956,-0.852836721769,-0.522177676660
2022-08-31,-0.004535159315,0.000000000000,0.433883739118,-0.900968867902,-0.861692816403,-0.507430281083
2022-09-01,0.001048408651,0.000000000000,-0.433883739118,-0.900968867902,-0.870293922269,-0.492532728722
2022-09-02,-0.015133135526,0.000000000000,-0.974927912182,-0.222520933956,-0.878637494161,-0.477489428003
2022-09-03,0.000000000000,0.000000000000,-0.781831482468,0.623489801859,-0.886721063083,-0.462304830480
2022-09-04,0.000000000000,0.000000000000,0.000000000000,1.000000000000,-0.894542236976,-0.446983429520
2022-09-05,0.000000000000,0.000000000000,0.781831482468,0.623489801859,-0.902098701430,-0.431529758971
2022-09-06,0.008826216357,0.000000000000,0.974927912182,-0.222520933956,-0.909388220365,-0.415948391825
2022-09-07,0.030462742275,0.000000000000,0.433883739118,-0.900968867902,-0.916408636694,-0.400243938857
2022-09-08,0.005779366606,0.000000000000,-0.433883739118,-0.900968867902,-0.923157872965,-0.384421047269
2022-09-09,0.006083116940,0.000000000000,-0.974927912182,-0.222520933956,-0.929633931968,-0.368484399308
2022-09-10,0.000000000000,0.000000000000,-0.781831482468,0.623489801859,-0.935834897335,-0.352438710885
2022-09-11,0.000000000000,0.000000000000,0.000000000000,1.000000000000,-0.941758934099,-0.336288730177
2022-09-12,0.009055889901,0.000000000000,0.781831482468,0.623489801859,-0.947404289244,-0.320039236223
2022-09-13,0.051410224107,0.000000000000,0.974927912182,-0.222520933956,-0.952769292217,-0.303695037511
2022-09-14,-0.007960588073,0.000000000000,0.433883739118,-0.900968867902,-0.957852355428,-0.287260970551
2022-09-15,-0.010605914010,0.000000000000,-0.433883739118,-0.900968867902,-0.962651974716,-0.270741898448
2022-09-16,-0.008110375526,0.000000000000,-0.974927912182,-0.222520933956,-0.967166729798,-0.254142709461
2022-09-17,0.000000000000,0.000000000000,-0.781831482468,0.623489801859,-0.971395284684,-0.237468315558
2022-09-18,0.000000000000,0.000000000000,0.000000000000,1.000000000000,-0.975336388077,-0.220723650961
2022-09-19,-0.011466087062,0.000000000000,0.781831482468,0.623489801859,-0.978988873741,-0.203913670683
2022-09-20,0.066287383944,0.000000000000,0.974927912182,-0.222520933956,-0.982351660847,-0.187043349070
2022-09-21,-0.016477902001,0.000000000000,0.433883739118,-0.900968867902,-0.985423754292,-0.170117678320
2022-09-22,-0.018987893620,0.000000000000,-0.433883739118,-0.900968867902,-0.988204244994,-0.153141667013
2022-09-23,-0.007053595722,0.000000000000,-0.974927912182,-0.222520933956,-0.990692310162,-0.136120338623
2022-09-24,0.000000000000,0.000000000000,-0.781831482468,0.623489801859,-0.992887213536,-0.119058730034
2022-09-25,0.000000000000,0.000000000000,0.000000000000,1.000000000000,-0.994788305609,-0.101961890052
2022-09-26,0.018173598150,0.000000000000,0.781831482468,0.623489801859,-0.996395023819,-0.084834877906
2022-09-27,0.026501952798,0.000000000000,0.974927912182,-0.222520933956,-0.997706892710,-0.067682761755
2022-09-28,-0.006172853202,0.000000000000,0.433883739118,-0.900968867902,-0.998723524080,-0.050510617185
2022-09-29,-0.003722114722,0.000000000000,-0.433883739118,-0.900968867902,-0.999444617092,-0.033323525712
2022-09-30,-0.011878810633,0.000000000000,-0.974927912182,-0.222520933956,-0.999869958362,-0.016126573271
2022-10-01,0.000000000000,0.000000000000,-0.781831482468,0.623489801859,-0.999999422025,0.001075151283
2022-10-02,0.000000000000,0.000000000000,0.000000000000,1.000000000000,-0.999832969770,0.018276557682
2022-10-03,-0.009478734672,0.000000000000,0.781831482468,0.623489801859,-0.999370650854,0.035472555753
2022-10-04,0.051055157786,0.000000000000,0.974927912182,-0.222520933956,-0.998612602084,0.052658056925
2022-10-05,-0.006658642718,0.000000000000,0.433883739118,-0.900968867902,-0.997559047779,0.069827975730
2022-10-06,-0.001519488502,0.000000000000,-0.433883739118,-0.900968867902,-0.996210299702,0.086977231314
2022-10-07,0.001519488502,0.000000000000,-0.974927912182,-0.222520933956,-0.994566756971,0.104100748935
2022-10-08,0.000000000000,0.000000000000,-0.781831482468,0.623489801859,-0.992628905935,0.121193461471
2022-10-09,0.000000000000,0.000000000000,0.000000000000,1.000000000000,-0.990397320035,0.138250310911
2022-10-10,-0.002432320117,0.000000000000,0.781831482468,0.623489801859,-0.987872659635,0.155266249860
2022-10-11,0.016604103226,0.000000000000,0.974927912182,-0.222520933956,-0.985055671822,0.172236243028
2022-10-12,0.056176584927,0.000000000000,0.433883739118,-0.900968867902,-0.981947190187,0.189155268720
2022-10-13,0.014053056668,0.000000000000,-0.433883739118,-0.900968867902,-0.978548134580,0.206018320325
2022-10-14,0.012481115151,0.000000000000,-0.974927912182,-0.222520933956,-0.974859510837,0.222820407795
2022-10-15,0.000000000000,0.000000000000,-0.781831482468,0.623489801859,-0.970882410481,0.239556559121
2022-10-16,0.000000000000,0.000000000000,0.000000000000,1.000000000000,-0.966618010400,0.256221821807
2022-10-17,0.016402757832,0.000000000000,0.781831482468,0.623489801859,-0.962067572498,0.272811264334
2022-10-18,0.038563476100,0.000000000000,0.974927912182,-0.222520933956,-0.957232443323,0.289319977619
2022-10-19,0.015532267754,0.000000000000,0.433883739118,-0.900968867902,-0.952114053668,0.305743076467
2022-10-20,-0.000770855124,0.000000000000,-0.433883739118,-0.900968867902,-0.946713918146,0.322075701021
2022-10-21,-0.001286203233,0.000000000000,-0.974927912182,-0.222520933956,-0.941033634745,0.338313018192
2022-10-22,0.000000000000,0.000000000000,-0.781831482468,0.623489801859,-0.935074884352,0.354450223099
2022-10-23,0.000000000000,0.000000000000,0.000000000000,1.000000000000,-0.928839430256,0.370482540482
2022-10-24,0.007181389160,0.000000000000,0.781831482468,0.623489801859,-0.922329117629,0.386405226121
2022-10-25,0.013201462915,0.000000000000,0.974927912182,-0.222520933956,-0.915545872978,0.402213568237
2022-10-26,-0.008866390572,0.000000000000,0.433883739118,-0.900968867902,-0.908491703573,0.417902888887
2022-10-27,0.000000000000,0.000000000000,-0.433883739118,-0.900968867902,-0.901168696856,0.433468545349
2022-10-28,0.010126659038,0.000000000000,-0.974927912182,-0.222520933956,-0.893579019824,0.448905931494
2022-10-29,0.000000000000,0.000000000000,-0.781831482468,0.623489801859,-0.885724918384,0.464210479152
2022-10-30,0.000000000000,0.000000000000,0.000000000000,1.000000000000,-0.877608716690,0.479377659461
2022-10-31,0.001258622209,0.000000000000,0.781831482468,0.623489801859,-0.869232816457,0.494402984208
2022-11-01,0.018692204099,0.000000000000,0.974927912182,-0.222520933956,-0.860599696250,0.509282007157
2022-11-02,-0.006191993649,0.000000000000,0.433883739118,-0.900968867902,-0.851711910747,0.524010325368
2022-11-03,0.000000000000,0.000000000000,-0.433883739118,-0.900968867902,-0.842572089987,0.538583580492
2022-11-04,-0.002985840428,0.000000000000,-0.974927912182,-0.222520933956,-0.833182938589,0.552997460070
2022-11-05,0.000000000000,0.000000000000,-0.781831482468,0.623489801859,-0.823547234956,0.567247698803
2022-11-06,0.000000000000,0.000000000000,0.000000000000,1.000000000000,-0.813667830446,0.581330079815
2022-11-07,-0.007503779881,0.000000000000,0.781831482468,0.623489801859,-0.803547648534,0.595240435904
2022-11-08,0.026509693106,0.000000000000,0.974927912182,-0.222520933956,-0.793189683945,0.608974650772
2022-11-09,0.000733174304,0.000000000000,0.433883739118,-0.900968867902,-0.782597001768,0.622528660243
2022-11-10,-0.009327536432,0.000000000000,-0.433883739118,-0.900968867902,-0.771772736547,0.635898453468
2022-11-11,0.001971021532,0.000000000000,-0.974927912182,-0.222520933956,-0.760720091356,0.649080074110
2022-11-12,0.000000000000,0.000000000000,-0.781831482468,0.623489801859,-0.749442336852,0.662069621515
2022-11-13,0.000000000000,0.000000000000,0.000000000000,1.000000000000,-0.737942810303,0.674863251868
2022-11-14,0.001229772035,0.000000000000,0.781831482468,0.623489801859,-0.726224914604,0.687457179327
2022-11-15,0.015125995881,0.000000000000,0.974927912182,-0.222520933956,-0.714292117269,0.699847677146
2022-11-16,-0.001211414896,0.000000000000,0.433883739118,-0.900968867902,-0.702147949405,0.712031078779
2022-11-17,-0.002913350943,0.000000000000,-0.433883739118,-0.900968867902,-0.689796004666,0.724003778959
2022-11-18,0.005334714984,0.000000000000,-0.974927912182,-0.222520933956,-0.677239938191,0.735762234774
2022-11-19,0.000000000000,0.000000000000,-0.781831482468,0.623489801859,-0.664483465523,0.747302966705
2022-11-20,0.000000000000,0.000000000000,0.000000000000,1.000000000000,-0.651530361507,0.758622559666
2022-11-21,-0.008988321910,0.000000000000,0.781831482468,0.623489801859,-0.638384459175,0.769717664007
2022-11-22,0.024109148576,0.000000000000,0.974927912182,-0.222520933956,-0.625049648610,0.780584996507
2022-11-23,0.000476269382,0.000000000000,0.433883739118,-0.900968867902,-0.611529875799,0.791221341348
2022-11-24,0.000000000000,0.000000000000,-0.433883739118,-0.900968867902,-0.597829141459,0.801623551065
2022-11-25,-0.005970075888,0.000000000000,-0.974927912182,-0.222520933956,-0.583951499858,0.811788547476
2022-11-26,0.000000000000,0.000000000000,-0.781831482468,0.623489801859,-0.569901057613,0.821713322596
2022-11-27,0.000000000000,0.000000000000,0.000000000000,1.000000000000,-0.555681972476,0.831394939523
2022-11-28,0.001914309447,0.000000000000,0.781831482468,0.623489801859,-0.541298452104,0.840830533312
2022-11-29,0.016595851711,0.000000000000,0.974927912182,-0.222520933956,-0.526754752811,0.850017311819
2022-11-30,0.000000000000,0.000000000000,0.433883739118,-0.900968867902,-0.512055178311,0.858952556527
2022-12-01,-0.014208135168,0.000000000000,-0.433883739118,-0.900968867902,-0.497204078447,0.867633623355
2022-12-02,0.003571088971,0.000000000000,-0.974927912182,-0.222520933956,-0.482205847896,0.876057943434
2022-12-03,0.000000000000,0.000000000000,-0.781831482468,0.623489801859,-0.467064924877,0.884223023874
2022-12-04,0.000000000000,0.000000000000,0.000000000000,1.000000000000,-0.451785789833,0.892126448495
2022-12-05,-0.011953331348,0.000000000000,0.781831482468,0.623489801859,-0.436372964105,0.899765878548
2022-12-06,0.014800890729,0.000000000000,0.974927912182,-0.222520933956,-0.420831008596,0.907139053401
2022-12-07,-0.008806364895,0.000000000000,0.433883739118,-0.900968867902,-0.405164522421,0.914243791213
2022-12-08,-0.007920356212,0.000000000000,-0.433883739118,-0.900968867902,-0.389378141545,0.921077989579
2022-12-09,0.005526810564,0.000000000000,-0.974927912182,-0.222520933956,-0.373476537413,0.927639626149
2022-12-10,0.000000000000,0.000000000000,-0.781831482468,0.623489801859,-0.357464415565,0.933926759229
2022-12-11,0.000000000000,0.000000000000,0.000000000000,1.000000000000,-0.341346514245,0.939937528356
2022-12-12,-0.001198810252,0.000000000000,0.781831482468,0.623489801859,-0.325127603000,0.945670154847
2022-12-13,0.019011960529,0.000000000000,0.974927912182,-0.222520933956,-0.308812481266,0.951122942324
2022-12-14,-0.006613239733,0.000000000000,0.433883739118,-0.900968867902,-0.292405976951,0.956294277220
2022-12-15,-0.001660137890,0.000000000000,-0.433883739118,-0.900968867902,-0.275912945003,0.961182629254
2022-12-16,-0.011938946570,0.000000000000,-0.974927912182,-0.222520933956,-0.259338265975,0.965786551884
2022-12-17,0.000000000000,0.000000000000,-0.781831482468,0.623489801859,-0.242686844583,0.970104682736
2022-12-18,0.000000000000,0.000000000000,0.000000000000,1.000000000000,-0.225963608248,0.974135744005
2022-12-19,0.000000000000,0.000000000000,0.781831482468,0.623489801859,-0.209173505646,0.977878542834
2022-12-20,0.015966003697,0.000000000000,0.974927912182,-0.222520933956,-0.192321505239,0.981331971670
2022-12-21,-0.005927722286,0.000000000000,0.433883739118,-0.900968867902,-0.175412593804,0.984495008588
2022-12-22,0.000713243668,0.000000000000,-0.433883739118,-0.900968867902,-0.158451774961,0.987366717594
2022-12-23,-0.003571088971,0.000000000000,-0.974927912182,-0.222520933956,-0.141444067688,0.989946248902
2022-12-24,0.000000000000,0.000000000000,-0.781831482468,0.623489801859,-0.124394504840,0.992232839189
2022-12-25,0.000000000000,0.000000000000,0.000000000000,1.000000000000,-0.107308131656,0.994225811816
2022-12-26,0.000000000000,0.000000000000,0.781831482468,0.623489801859,-0.090190004270,0.995924577029
2022-12-27,0.000476950862,0.000000000000,0.974927912182,-0.222520933956,-0.073045188211,0.997328632136
2022-12-28,0.033519990235,0.000000000000,0.433883739118,-0.900968867902,-0.055878756905,0.998437561657
2022-12-29,-0.009961797875,0.000000000000,-0.433883739118,-0.900968867902,-0.038695790177,0.999251037439
2022-12-30,-0.008182359190,0.000000000000,-0.974927912182,-0.222520933956,-0.021501372741,0.999768818763
2022-12-31,0.000000000000,0.000000000000,-0.781831482468,0.623489801859,-0.004300592703,0.999990752408
2023-01-01,0.000000000000,0.000000000000,0.000000000000,1.000000000000,0.017201575418,0.999852041956
2023-01-02,0.000000000000,0.000000000000,0.781831482468,0.623489801859,0.034398060614,0.999408211606
2023-01-03,-0.001174425088,0.000000000000,0.974927912182,-0.222520933956,0.051584366869,0.998668640288
2023-01-04,0.033509773678,0.000000000000,0.433883739118,-0.900968867902,0.068755408481,0.997633546852
2023-01-05,0.022028323166,0.000000000000,-0.433883739118,-0.900968867902,0.085906104261,0.996303237599
2023-01-06,-0.001112248884,0.000000000000,-0.974927912182,-0.222520933956,0.103031379043,0.994678106189
2023-01-07,0.000000000000,0.000000000000,-0.781831482468,0.623489801859,0.120126165182,0.992758633525
2023-01-08,0.000000000000,0.000000000000,0.000000000000,1.000000000000,0.137185404057,0.990545387609
2023-01-09,-0.002228215955,0.000000000000,0.781831482468,0.623489801859,0.154204047563,0.988039023377
2023-01-10,0.018126105656,0.000000000000,0.974927912182,-0.222520933956,0.171177059610,0.985240282501
2023-01-11,-0.002193033556,0.000000000000,0.433883739118,-0.900968867902,0.188099417612,0.982149993175
2023-01-12,-0.017719162610,0.000000000000,-0.433883739118,-0.900968867902,0.204966113969,0.978769069865
2023-01-13,0.002900819105,0.000000000000,-0.974927912182,-0.222520933956,0.221772157556,0.975098513040
2023-01-14,0.000000000000,0.000000000000,-0.781831482468,0.623489801859,0.238512575194,0.971139408877
2023-01-15,0.000000000000,0.000000000000,0.000000000000,1.000000000000,0.255182413123,0.966892928939
2023-01-16,0.000000000000,0.000000000000,0.781831482468,0.623489801859,0.271776738471,0.962360329828
2023-01-17,0.001113487359,0.000000000000,0.974927912182,-0.222520933956,0.288290640710,0.957542952812
2023-01-18,0.008201348930,0.000000000000,0.433883739118,-0.900968867902,0.304719233109,0.952442223431
2023-01-19,-0.001104387583,0.000000000000,-0.433883739118,-0.900968867902,0.321057654185,0.947059651072
2023-01-20,0.002868811667,0.000000000000,-0.974927912182,-0.222520933956,0.337301069136,0.941396828526
2023-01-21,0.000000000000,0.000000000000,-0.781831482468,0.623489801859,0.353444671274,0.935455431513
2023-01-22,0.000000000000,0.000000000000,0.000000000000,1.000000000000,0.369483683447,0.929237218188
2023-01-23,-0.000661359974,0.000000000000,0.781831482468,0.623489801859,0.385413359454,0.922744028620
2023-01-24,0.008344384745,0.000000000000,0.974927912182,-0.222520933956,0.401228985448,0.915977784248
2023-01-25,-0.006141690250,0.000000000000,0.433883739118,-0.900968867902,0.416925881329,0.908940487314
2023-01-26,-0.000440108937,0.000000000000,-0.433883739118,-0.900968867902,0.432499402134,0.901634220265
2023-01-27,0.001099909375,0.000000000000,-0.974927912182,-0.222520933956,0.447944939408,0.894061145145
2023-01-28,0.000000000000,0.000000000000,-0.781831482468,0.623489801859,0.463257922567,0.886223502949
2023-01-29,0.000000000000,0.000000000000,0.000000000000,1.000000000000,0.478433820255,0.878123612959
2023-01-30,-0.002862494934,0.000000000000,0.781831482468,0.623489801859,0.493468141677,0.869763872065
2023-01-31,0.007688192548,0.000000000000,0.974927912182,-0.222520933956,0.508356437938,0.861146754048
2023-02-01,-0.011001252844,0.000000000000,0.433883739118,-0.900968867902,0.523094303349,0.852274808852
2023-02-02,-0.002214785360,0.000000000000,-0.433883739118,-0.900968867902,0.537677376741,0.843150661828
2023-02-03,0.002878233940,0.000000000000,-0.974927912182,-0.222520933956,0.552101342746,0.833777012959
2023-02-04,0.000000000000,0.000000000000,-0.781831482468,0.623489801859,0.566361933081,0.824156636057
2023-02-05,0.000000000000,0.000000000000,0.000000000000,1.000000000000,0.580454927809,0.814292377947
2023-02-06,0.002208532071,0.000000000000,0.781831482468,0.623489801859,0.594376156585,0.804187157621
2023-02-07,0.008129272193,0.000000000000,0.974927912182,-0.222520933956,0.608121499894,0.793843965378
2023-02-08,0.003276871560,0.000000000000,0.433883739118,-0.900968867902,0.621686890267,0.783265861934
2023-02-09,0.006088272355,0.000000000000,-0.433883739118,-0.900968867902,0.635068313487,0.772455977519
2023-02-10,0.004757862016,0.000000000000,-0.974927912182,-0.222520933956,0.648261809776,0.761417510953
2023-02-11,0.000000000000,0.000000000000,-0.781831482468,0.623489801859,0.661263474966,0.750153728696
2023-02-12,0.000000000000,0.000000000000,0.000000000000,1.000000000000,0.674069461655,0.738667963881
2023-02-13,0.002155119761,0.000000000000,0.781831482468,0.623489801859,0.686675980345,0.726963615332
2023-02-14,0.003224047234,0.000000000000,0.974927912182,-0.222520933956,0.699079300566,0.715044146554
2023-02-15,-0.003654679243,0.000000000000,0.433883739118,-0.900968867902,0.711275751974,0.702913084708
2023-02-16,0.004727089971,0.000000000000,-0.433883739118,-0.900968867902,0.723261725444,0.690574019572
2023-02-17,0.003210247128,0.000000000000,-0.974927912182,-0.222520933956,0.735033674133,0.678030602474
2023-02-18,0.000000000000,0.000000000000,-0.781831482468,0.623489801859,0.746588114532,0.665286545211
2023-02-19,0.000000000000,0.000000000000,0.000000000000,1.000000000000,0.757921627497,0.652345618957
2023-02-20,0.000000000000,0.000000000000,0.781831482468,0.623489801859,0.769030859259,0.639211653138
2023-02-21,0.001708022152,0.000000000000,0.974927912182,-0.222520933956,0.779912522417,0.625888534308
2023-02-22,0.001492053821,0.000000000000,0.433883739118,-0.900968867902,0.790563396912,0.612380204990
2023-02-23,-0.001065554564,0.000000000000,-0.433883739118,-0.900968867902,0.800980330978,0.598690662518
2023-02-24,0.002768022904,0.000000000000,-0.974927912182,-0.222520933956,0.811160242079,0.584823957846
2023-02-25,0.000000000000,0.000000000000,-0.781831482468,0.623489801859,0.821100117813,0.570784194357
2023-02-26,0.000000000000,0.000000000000,0.000000000000,1.000000000000,0.830797016812,0.556575526641
2023-02-27,-0.008112791441,0.000000000000,0.781831482468,0.623489801859,0.840248069608,0.542202159273
2023-02-28,0.009600090005,0.000000000000,0.974927912182,-0.222520933956,0.849450479481,0.527668345563
2023-03-01,0.003179624635,0.000000000000,0.433883739118,-0.900968867902,0.858401523292,0.512978386299
2023-03-02,-0.000423339348,0.000000000000,-0.433883739118,-0.900968867902,0.867098552281,0.498136628478
2023-03-03,-0.001059234174,0.000000000000,-0.974927912182,-0.222520933956,0.875538992859,0.483147464015
2023-03-04,0.000000000000,0.000000000000,-0.781831482468,0.623489801859,0.883720347362,0.468015328444
2023-03-05,0.000000000000,0.000000000000,0.000000000000,1.000000000000,0.891640194797,0.452744699607
2023-03-06,0.002117347557,0.000000000000,0.781831482468,0.623489801859,0.899296191553,0.437340096330
2023-03-07,0.024444887241,0.000000000000,0.974927912182,-0.222520933956,0.906686072098,0.421806077083
2023-03-08,0.007812561948,0.000000000000,0.433883739118,-0.900968867902,0.913807649647,0.406147238631
2023-03-09,-0.007193504990,0.000000000000,-0.433883739118,-0.900968867902,0.920658816810,0.390368214676
2023-03-10,-0.009325541873,0.000000000000,-0.974927912182,-0.222520933956,0.927237546218,0.374473674487
2023-03-11,0.000000000000,0.000000000000,-0.781831482468,0.623489801859,0.933541891118,0.358468321512
2023-03-12,0.000000000000,0.000000000000,0.000000000000,1.000000000000,0.939569985953,0.342356891995
2023-03-13,-0.030654547299,0.000000000000,0.781831482468,0.623489801859,0.945320046913,0.326144153564
2023-03-14,0.004711903426,0.000000000000,0.974927912182,-0.222520933956,0.950790372463,0.309834903832
2023-03-15,-0.026414123177,0.000000000000,0.433883739118,-0.900968867902,0.955979343844,0.293433968967
2023-03-16,-0.006161964262,0.000000000000,-0.433883739118,-0.900968867902,0.960885425557,0.276946202269
2023-03-17,-0.053736145030,0.000000000000,-0.974927912182,-0.222520933956,0.965507165814,0.260376482734
2023-03-18,0.000000000000,0.000000000000,-0.781831482468,0.623489801859,0.969843196967,0.243729713610
2023-03-19,0.000000000000,0.000000000000,0.000000000000,1.000000000000,0.973892235915,0.227010820941
2023-03-20,0.039283407722,0.000000000000,0.781831482468,0.623489801859,0.977653084482,0.210224752119
2023-03-21,0.030873425346,0.000000000000,0.974927912182,-0.222520933956,0.981124629772,0.193376474410
2023-03-22,-0.009162327596,0.000000000000,0.433883739118,-0.900968867902,0.984305844499,0.176470973492
2023-03-23,-0.013236553221,0.000000000000,-0.433883739118,-0.900968867902,0.987195787291,0.159513251973
2023-03-24,0.000000000000,0.000000000000,-0.974927912182,-0.222520933956,0.989793602967,0.142508327916
2023-03-25,0.000000000000,0.000000000000,-0.781831482468,0.623489801859,0.992098522792,0.125461233353
2023-03-26,0.000000000000,0.000000000000,0.000000000000,1.000000000000,0.994109864702,0.108377012792
2023-03-27,0.017610052448,0.000000000000,0.781831482468,0.623489801859,0.995827033510,0.091260721729
2023-03-28,0.009770916868,0.000000000000,0.974927912182,-0.222520933956,0.997249521077,0.074117425151
2023-03-29,0.000432130467,0.000000000000,0.433883739118,-0.900968867902,0.998376906467,0.056952196034
2023-03-30,0.007530933307,0.000000000000,-0.433883739118,-0.900968867902,0.999208856068,0.039770113846
2023-03-31,-0.017297712094,0.000000000000,-0.974927912182,-0.222520933956,0.999745123693,0.022576263042
2023-04-01,0.000000000000,0.000000000000,-0.781831482468,0.623489801859,0.999985550651,0.005375731558
2023-04-02,0.000000000000,0.000000000000,0.000000000000,1.000000000000,0.999930065796,-0.011826390692
2023-04-03,-0.003276871560,0.000000000000,0.781831482468,0.623489801859,0.999578685548,-0.029025013322
2023-04-04,0.033989072329,0.000000000000,0.974927912182,-0.222520933956,0.998931513885,-0.046215046984
2023-04-05,-0.004876557976,0.000000000000,0.433883739118,-0.900968867902,0.997988742316,-0.063391404870
2023-04-06,0.001062159306,0.000000000000,-0.433883739118,-0.900968867902,0.996750649821,-0.080549004219
2023-04-07,0.000000000000,0.000000000000,-0.974927912182,-0.222520933956,0.995217602774,-0.097682767822
2023-04-08,0.000000000000,0.000000000000,-0.781831482468,0.623489801859,0.993390054826,-0.114787625522
2023-04-09,0.000000000000,0.000000000000,0.000000000000,1.000000000000,0.991268546779,-0.131858515717
2023-04-10,0.026813459002,0.000000000000,0.781831482468,0.623489801859,0.988853706421,-0.148890386856
2023-04-11,0.008643868187,0.000000000000,0.974927912182,-0.222520933956,0.986146248342,-0.165878198935
2023-04-12,-0.004106777932,0.000000000000,0.433883739118,-0.900968867902,0.983146973722,-0.182816924985
2023-04-13,-0.001029359713,0.000000000000,-0.433883739118,-0.900968867902,0.979856770096,-0.199701552566
2023-04-14,0.009838132100,0.000000000000,-0.974927912182,-0.222520933956,0.976276611087,-0.216527085245
2023-04-15,0.000000000000,0.000000000000,-0.781831482468,0.623489801859,0.972407556122,-0.233288544075
2023-04-16,0.000000000000,0.000000000000,0.000000000000,1.000000000000,0.968250750117,-0.249980969073
2023-04-17,0.004070834334,0.000000000000,0.781831482468,0.623489801859,0.963807423137,-0.266599420679
2023-04-18,0.021501953717,0.000000000000,0.974927912182,-0.222520933956,0.959078890034,-0.283138981228
2023-04-19,-0.006982636634,0.000000000000,0.433883739118,-0.900968867902,0.954066550058,-0.299594756397
2023-04-20,-0.010060389401,0.000000000000,-0.433883739118,-0.900968867902,0.948771886440,-0.315961876658
2023-04-21,0.001010538259,0.000000000000,-0.974927912182,-0.222520933956,0.943196465957,-0.332235498716
2023-04-22,0.000000000000,0.000000000000,-0.781831482468,0.623489801859,0.937341938464,-0.348410806945
2023-04-23,0.000000000000,0.000000000000,0.000000000000,1.000000000000,0.931210036412,-0.364483014810
2023-04-24,-0.015677744440,0.000000000000,0.781831482468,0.623489801859,0.924802574329,-0.380447366288
2023-04-25,0.016283673861,0.000000000000,0.974927912182,-0.222520933956,0.918121448284,-0.396299137269
2023-04-26,0.006439962728,0.000000000000,0.433883739118,-0.900968867902,0.911168635333,-0.412033636959
2023-04-27,0.003004482237,0.000000000000,-0.433883739118,-0.900968867902,0.903946192922,-0.427646209268
2023-04-28,-0.015519840328,0.000000000000,-0.974927912182,-0.222520933956,0.896456258291,-0.443132234183
2023-04-29,0.000000000000,0.000000000000,-0.781831482468,0.623489801859,0.888701047829,-0.458487129140
2023-04-30,0.000000000000,0.000000000000,0.000000000000,1.000000000000,0.880682856430,-0.473706350380
2023-05-01,-0.011851403514,0.000000000000,0.781831482468,0.623489801859,0.872404056805,-0.488785394289
2023-05-02,0.035339405923,0.000000000000,0.974927912182,-0.222520933956,0.863867098784,-0.503719798736
2023-05-03,0.010853550981,0.000000000000,0.433883739118,-0.900968867902,0.855074508590,-0.518505144391
2023-05-04,-0.007881806982,0.000000000000,-0.433883739118,-0.900968867902,0.846028888092,-0.533137056032
2023-05-05,0.004933428058,0.000000000000,-0.974927912182,-0.222520933956,0.836732914034,-0.547611203840
2023-05-06,0.000000000000,0.000000000000,-0.781831482468,0.623489801859,0.827189337246,-0.561923304683
2023-05-07,0.000000000000,0.000000000000,0.000000000000,1.000000000000,0.817400981825,-0.576069123380
2023-05-08,0.000590427916,0.000000000000,0.781831482468,0.623489801859,0.807370744302,-0.590044473955
2023-05-09,0.007838558765,0.000000000000,0.974927912182,-0.222520933956,0.797101592787,-0.603845220877
2023-05-10,-0.011386084255,0.000000000000,0.433883739118,-0.900968867902,0.786596566087,-0.617467280284
2023-05-11,-0.009920754207,0.000000000000,-0.433883739118,-0.900968867902,0.775858772807,-0.630906621188
2023-05-12,0.002588871659,0.000000000000,-0.974927912182,-0.222520933956,0.764891390434,-0.644159266672
2023-05-13,0.000000000000,0.000000000000,-0.781831482468,0.623489801859,0.753697664393,-0.657221295066
2023-05-14,0.000000000000,0.000000000000,0.000000000000,1.000000000000,0.742280907087,-0.670088841106
2023-05-15,-0.005584354016,0.000000000000,0.781831482468,0.623489801859,0.730644496918,-0.682758097076
2023-05-16,0.011533253160,0.000000000000,0.974927912182,-0.222520933956,0.718791877288,-0.695225313941
2023-05-17,0.005913625206,0.000000000000,0.433883739118,-0.900968867902,0.706726555578,-0.707486802450
2023-05-18,0.007245734225,0.000000000000,-0.433883739118,-0.900968867902,0.694452102109,-0.719538934233
2023-05-19,-0.007835488022,0.000000000000,-0.974927912182,-0.222520933956,0.681972149090,-0.731378142868
2023-05-20,0.000000000000,0.000000000000,-0.781831482468,0.623489801859,0.669290389541,-0.743000924944
2023-05-21,0.000000000000,0.000000000000,0.000000000000,1.000000000000,0.656410576198,-0.754403841093
2023-05-22,0.001964588493,0.000000000000,0.781831482468,0.623489801859,0.643336520404,-0.765583517008
2023-05-23,0.011319420161,0.000000000000,0.974927912182,-0.222520933956,0.630072090984,-0.776536644443
2023-05-24,0.006190784989,0.000000000000,0.433883739118,-0.900968867902,0.616621213096,-0.787259982192
2023-05-25,-0.004252004060,0.000000000000,-0.433883739118,-0.900968867902,0.602987867069,-0.797750357046
2023-05-26,-0.009340471929,0.000000000000,-0.974927912182,-0.222520933956,0.589176087232,-0.808004664735
2023-05-27,0.000000000000,0.000000000000,-0.781831482468,0.623489801859,0.575189960712,-0.818019870844
2023-05-28,0.000000000000,0.000000000000,0.000000000000,1.000000000000,0.561033626228,-0.827793011713
2023-05-29,0.000000000000,0.000000000000,0.781831482468,0.623489801859,0.546711272869,-0.837321195312
2023-05-30,0.005459236613,0.000000000000,0.974927912182,-0.222520933956,0.532227138847,-0.846601602098
2023-05-31,0.020210487994,0.000000000000,0.433883739118,-0.900968867902,0.517585510253,-0.855631485849
2023-06-01,-0.008611683758,0.000000000000,-0.433883739118,-0.900968867902,0.502790719779,-0.864408174478
2023-06-02,0.002303722207,0.000000000000,-0.974927912182,-0.222520933956,0.487847145442,-0.872929070821
2023-06-03,0.000000000000,0.000000000000,-0.781831482468,0.623489801859,0.472759209286,-0.881191653407
2023-06-04,0.000000000000,0.000000000000,0.000000000000,1.000000000000,0.457531376074,-0.889193477207
2023-06-05,-0.013902526442,0.000000000000,0.781831482468,0.623489801859,0.442168151967,-0.896932174351
2023-06-06,0.002912314710,0.000000000000,0.974927912182,-0.222520933956,0.426674083190,-0.904405454834
2023-06-07,-0.000969860323,0.000000000000,0.433883739118,-0.900968867902,0.411053754687,-0.911611107193
2023-06-08,-0.010338524626,0.000000000000,-0.433883739118,-0.900968867902,0.395311788765,-0.918546999159
2023-06-09,-0.000980895535,0.000000000000,-0.974927912182,-0.222520933956,0.379452843725,-0.925211078289
2023-06-10,0.000000000000,0.000000000000,-0.781831482468,0.623489801859,0.363481612483,-0.931601372577
2023-06-11,0.000000000000,0.000000000000,0.000000000000,1.000000000000,0.347402821184,-0.937715991030
2023-06-12,0.000000000000,0.000000000000,0.781831482468,0.623489801859,0.331221227802,-0.943553124235
2023-06-13,0.000980895535,0.000000000000,0.974927912182,-0.222520933956,0.314941620729,-0.949111044890
2023-06-14,-0.003929274459,0.000000000000,0.433883739118,-0.900968867902,0.298568817364,-0.954388108318
2023-06-15,-0.004933428058,0.000000000000,-0.433883739118,-0.900968867902,0.282107662682,-0.959382752949
2023-06-16,0.001976330484,0.000000000000,-0.974927912182,-0.222520933956,0.265563027804,-0.964093500789
2023-06-17,0.000000000000,0.000000000000,-0.781831482468,0.623489801859,0.248939808554,-0.968518957851
2023-06-18,0.000000000000,0.000000000000,0.000000000000,1.000000000000,0.232242924009,-0.972657814572
2023-06-19,0.000000000000,0.000000000000,0.781831482468,0.623489801859,0.215477315047,-0.976508846197
2023-06-20,0.001972338347,0.000000000000,0.974927912182,-0.222520933956,0.198647942880,-0.980070913143
2023-06-21,0.011753400609,0.000000000000,0.433883739118,-0.900968867902,0.181759787591,-0.983342961339
2023-06-22,0.000000000000,0.000000000000,-0.433883739118,-0.900968867902,0.164817846657,-0.986324022532
2023-06-23,0.000584012962,0.000000000000,-0.974927912182,-0.222520933956,0.147827133471,-0.989013214578
2023-06-24,0.000000000000,0.000000000000,-0.781831482468,0.623489801859,0.130792675857,-0.991409741702
2023-06-25,0.000000000000,0.000000000000,0.000000000000,1.000000000000,0.113719514586,-0.993512894734
2023-06-26,0.003303257254,0.000000000000,0.781831482468,0.623489801859,0.096612701881,-0.995322051316
2023-06-27,0.004837864963,0.000000000000,0.974927912182,-0.222520933956,0.079477299924,-0.996836676089
2023-06-28,-0.001932319855,0.000000000000,0.433883739118,-0.900968867902,0.062318379354,-0.998056320853
2023-06-29,0.000966672731,0.000000000000,-0.433883739118,-0.900968867902,0.045141017774,-0.998980624694
2023-06-30,-0.004260330351,0.000000000000,-0.974927912182,-0.222520933956,0.027950298240,-0.999609314096
2023-07-01,0.000000000000,0.000000000000,-0.781831482468,0.623489801859,0.010751307764,-0.999942203020
2023-07-02,0.000000000000,0.000000000000,0.000000000000,1.000000000000,-0.006450864198,-0.999979192959
2023-07-03,-0.001553680078,0.000000000000,0.781831482468,0.623489801859,-0.023651127245,-0.999720272966
2023-07-04,0.000000000000,0.000000000000,0.974927912182,-0.222520933956,-0.040844391543,-0.999165519661
2023-07-05,0.009286168431,0.000000000000,0.433883739118,-0.900968867902,-0.058025569329,-0.998315097203
2023-07-06,0.003843937383,0.000000000000,-0.433883739118,-0.900968867902,-0.075189576415,-0.997169257247
2023-07-07,0.000000000000,0.000000000000,-0.974927912182,-0.222520933956,-0.092331333695,-0.995728338865
2023-07-08,0.000000000000,0.000000000000,-0.781831482468,0.623489801859,-0.109445768649,-0.993992768447
2023-07-09,0.000000000000,0.000000000000,0.000000000000,1.000000000000,-0.126527816839,-0.991963059577
2023-07-10,0.002299308206,0.000000000000,0.781831482468,0.623489801859,-0.143572423412,-0.989639812879
2023-07-11,0.003439079812,0.000000000000,0.974927912182,-0.222520933956,-0.160574544595,-0.987023715839
2023-07-12,-0.002482577687,0.000000000000,0.433883739118,-0.900968867902,-0.177529149187,-0.984115542601
2023-07-13,-0.001339322775,0.000000000000,-0.433883739118,-0.900968867902,-0.194431220048,-0.980916153741
2023-07-14,-0.001532841237,0.000000000000,-0.974927912182,-0.222520933956,-0.211275755582,-0.977426496010
2023-07-15,0.000000000000,0.000000000000,-0.781831482468,0.623489801859,-0.228057771222,-0.973647602054
2023-07-16,0.000000000000,0.000000000000,0.000000000000,1.000000000000,-0.244772300897,-0.969580590108
2023-07-17,0.003445571771,0.000000000000,0.781831482468,0.623489801859,-0.261414398511,-0.965226663666
2023-07-18,0.002862389780,0.000000000000,0.974927912182,-0.222520933956,-0.277979139399,-0.960587111125
2023-07-19,-0.000571859234,0.000000000000,0.433883739118,-0.900968867902,-0.294461621787,-0.955663305403
2023-07-20,-0.000381360618,0.000000000000,-0.433883739118,-0.900968867902,-0.310856968244,-0.950456703535
2023-07-21,0.000953219852,0.000000000000,-0.974927912182,-0.222520933956,-0.327160327122,-0.944968846236
2023-07-22,0.000000000000,0.000000000000,-0.781831482468,0.623489801859,-0.343366873996,-0.939201357453
2023-07-23,0.000000000000,0.000000000000,0.000000000000,1.000000000000,-0.359471813088,-0.933155943878
2023-07-24,0.000380997340,0.000000000000,0.781831482468,0.623489801859,-0.375470378688,-0.926834394446
2023-07-25,0.002853043624,0.000000000000,0.974927912182,-0.222520933956,-0.391357836561,-0.920238579805
2023-07-26,0.000569687550,0.000000000000,0.433883739118,-0.900968867902,-0.407129485354,-0.913370451764
2023-07-27,0.000000000000,0.000000000000,-0.433883739118,-0.900968867902,-0.422780657983,-0.906232042711
2023-07-28,-0.002470781671,0.000000000000,-0.974927912182,-0.222520933956,-0.438306723013,-0.898825465016
2023-07-29,0.000000000000,0.000000000000,-0.781831482468,0.623489801859,-0.453703086031,-0.891152910406
2023-07-30,0.000000000000,0.000000000000,0.000000000000,1.000000000000,-0.468965191008,-0.883216649313
2023-07-31,-0.001332946843,0.000000000000,0.781831482468,0.623489801859,-0.484088521639,-0.875019030203
2023-08-01,0.002283991000,0.000000000000,0.974927912182,-0.222520933956,-0.499068602689,-0.866562478885
2023-08-02,0.000000000000,0.000000000000,0.433883739118,-0.900968867902,-0.513901001309,-0.857849497787
2023-08-03,-0.000380363544,0.000000000000,-0.433883739118,-0.900968867902,-0.528581328356,-0.848882665221
2023-08-04,-0.000951406140,0.000000000000,-0.974927912182,-0.222520933956,-0.543105239683,-0.839664634618
2023-08-05,0.000000000000,0.000000000000,-0.781831482468,0.623489801859,-0.557468437433,-0.830198133741
2023-08-06,0.000000000000,0.000000000000,0.000000000000,1.000000000000,-0.571666671303,-0.820485963879
2023-08-07,0.001331769685,0.000000000000,0.781831482468,0.623489801859,-0.585695739807,-0.810530999019
2023-08-08,0.002847627178,0.000000000000,0.974927912182,-0.222520933956,-0.599551491520,-0.800336184998
2023-08-09,0.000947440013,0.000000000000,0.433883739118,-0.900968867902,-0.613229826300,-0.789904538622
2023-08-10,-0.002275329677,0.000000000000,-0.433883739118,-0.900968867902,-0.626726696508,-0.779239146786
2023-08-11,-0.000569687550,0.000000000000,-0.974927912182,-0.222520933956,-0.640038108204,-0.768343165549
2023-08-12,0.000000000000,0.000000000000,-0.781831482468,0.623489801859,-0.653160122327,-0.757219819208
2023-08-13,0.000000000000,0.000000000000,0.000000000000,1.000000000000,-0.666088855861,-0.745872399340
2023-08-14,0.000949238707,0.000000000000,0.781831482468,0.623489801859,-0.678820482986,-0.734304263830
2023-08-15,0.001895778521,0.000000000000,0.974927912182,-0.222520933956,-0.691351236209,-0.722518835873
2023-08-16,0.000946452996,0.000000000000,0.433883739118,-0.900968867902,-0.703677407479,-0.710519602969
2023-08-17,-0.001325375497,0.000000000000,-0.433883739118,-0.900968867902,-0.715795349283,-0.698310115884
2023-08-18,0.000000000000,0.000000000000,-0.974927912182,-0.222520933956,-0.727701475726,-0.685893987600
2023-08-19,0.000000000000,0.000000000000,-0.781831482468,0.623489801859,-0.739392263596,-0.673274892250
2023-08-20,0.000000000000,0.000000000000,0.000000000000,1.000000000000,-0.750864253399,-0.660456564028
2023-08-21,0.000378922502,0.000000000000,0.781831482468,0.623489801859,-0.762114050389,-0.647442796083
2023-08-22,0.002836856007,0.000000000000,0.974927912182,-0.222520933956,-0.773138325571,-0.634237439398
2023-08-23,0.000000000000,0.000000000000,0.433883739118,-0.900968867902,-0.783933816683,-0.620844401651
2023-08-24,0.001509699658,0.000000000000,-0.433883739118,-0.900968867902,-0.794497329167,-0.607267646057
2023-08-25,0.002260329440,0.000000000000,-0.974927912182,-0.222520933956,-0.804825737108,-0.593511190196
2023-08-26,0.000000000000,0.000000000000,-0.781831482468,0.623489801859,-0.814915984166,-0.579579104826
2023-08-27,0.000000000000,0.000000000000,0.000000000000,1.000000000000,-0.824765084473,-0.565475512674
2023-08-28,0.001504023031,0.000000000000,0.781831482468,0.623489801859,-0.834370123523,-0.551204587220
2023-08-29,-0.000563709970,0.000000000000,0.974927912182,-0.222520933956,-0.843728259029,-0.536770551461
2023-08-30,-0.000940313061,0.000000000000,0.433883739118,-0.900968867902,-0.852836721769,-0.522177676660
2023-08-31,-0.003203658351,0.000000000000,-0.433883739118,-0.900968867902,-0.861692816403,-0.507430281083
2023-09-01,-0.005678556432,0.000000000000,-0.974927912182,-0.222520933956,-0.870293922269,-0.492532728722
2023-09-02,0.000000000000,0.000000000000,-0.781831482468,0.623489801859,-0.878637494161,-0.477489428003
2023-09-03,0.000000000000,0.000000000000,0.000000000000,1.000000000000,-0.886721063083,-0.462304830480
2023-09-04,0.000000000000,0.000000000000,0.781831482468,0.623489801859,-0.894542236976,-0.446983429520
2023-09-05,0.001896407176,0.000000000000,0.974927912182,-0.222520933956,-0.902098701430,-0.431529758971
2023-09-06,0.004159641593,0.000000000000,0.433883739118,-0.900968867902,-0.909388220365,-0.415948391825
2023-09-07,-0.003212739808,0.000000000000,-0.433883739118,-0.900968867902,-0.916408636694,-0.400243938857
2023-09-08,0.001891117939,0.000000000000,-0.974927912182,-0.222520933956,-0.923157872965,-0.384421047269
2023-09-09,0.000000000000,0.000000000000,-0.781831482468,0.623489801859,-0.929633931968,-0.368484399308
2023-09-10,0.000000000000,0.000000000000,0.000000000000,1.000000000000,-0.935834897335,-0.352438710885
2023-09-11,0.000000000000,0.000000000000,0.781831482468,0.623489801859,-0.941758934099,-0.336288730177
2023-09-12,0.002264505031,0.000000000000,0.974927912182,-0.222520933956,-0.947404289244,-0.320039236223
2023-09-13,0.000000000000,0.000000000000,0.433883739118,-0.900968867902,-0.952769292217,-0.303695037511
2023-09-14,-0.001886746245,0.000000000000,-0.433883739118,-0.900968867902,-0.957852355428,-0.287260970551
2023-09-15,0.000566370747,0.000000000000,-0.974927912182,-0.222520933956,-0.962651974716,-0.270741898448
2023-09-16,0.000000000000,0.000000000000,-0.781831482468,0.623489801859,-0.967166729798,-0.254142709461
2023-09-17,0.000000000000,0.000000000000,0.000000000000,1.000000000000,-0.971395284684,-0.237468315558
2023-09-18,0.000377492337,0.000000000000,0.781831482468,0.623489801859,-0.975336388077,-0.220723650961
2023-09-19,0.001884967932,0.000000000000,0.974927912182,-0.222520933956,-0.978988873741,-0.203913670683
2023-09-20,0.000941198082,0.000000000000,0.433883739118,-0.900968867902,-0.982351660847,-0.187043349070
2023-09-21,-0.001883282852,0.000000000000,-0.433883739118,-0.900968867902,-0.985423754292,-0.170117678320
2023-09-22,0.000000000000,0.000000000000,-0.974927912182,-0.222520933956,-0.988204244994,-0.153141667013
2023-09-23,0.000000000000,0.000000000000,-0.781831482468,0.623489801859,-0.990692310162,-0.136120338623
2023-09-24,0.000000000000,0.000000000000,0.000000000000,1.000000000000,-0.992887213536,-0.119058730034
2023-09-25,0.001506945815,0.000000000000,0.781831482468,0.623489801859,-0.994788305609,-0.101961890052
2023-09-26,0.002255990254,0.000000000000,0.974927912182,-0.222520933956,-0.996395023819,-0.084834877906
2023-09-27,0.000938548087,0.000000000000,0.433883739118,-0.900968867902,-0.997706892710,-0.067682761755
2023-09-28,-0.004136090864,0.000000000000,-0.433883739118,-0.900968867902,-0.998723524080,-0.050510617185
2023-09-29,-0.001508276454,0.000000000000,-0.974927912182,-0.222520933956,-0.999444617092,-0.033323525712
2023-09-30,0.000000000000,0.000000000000,-0.781831482468,0.623489801859,-0.999869958362,-0.016126573271
2023-10-01,0.000000000000,0.000000000000,0.000000000000,1.000000000000,-0.999999422025,0.001075151283
2023-10-02,0.002826166014,0.000000000000,0.781831482468,0.623489801859,-0.999832969770,0.018276557682
2023-10-03,0.004692658987,0.000000000000,0.974927912182,-0.222520933956,-0.999370650854,0.035472555753
2023-10-04,-0.000936789643,0.000000000000,0.433883739118,-0.900968867902,-0.998612602084,0.052658056925
2023-10-05,-0.001876216127,0.000000000000,-0.433883739118,-0.900968867902,-0.997559047779,0.069827975730
2023-10-06,0.004309992736,0.000000000000,-0.974927912182,-0.222520933956,-0.996210299702,0.086977231314
2023-10-07,0.000000000000,0.000000000000,-0.781831482468,0.623489801859,-0.994566756971,0.104100748935
2023-10-08,0.000000000000,0.000000000000,0.000000000000,1.000000000000,-0.992628905935,0.121193461471
2023-10-09,0.000000000000,0.000000000000,0.781831482468,0.623489801859,-0.990397320035,0.138250310911
2023-10-10,-0.004685622922,0.000000000000,0.974927912182,-0.222520933956,-0.987872659635,0.155266249860
2023-10-11,0.002251846313,0.000000000000,0.433883739118,-0.900968867902,-0.985055671822,0.172236243028
2023-10-12,0.000000000000,0.000000000000,-0.433883739118,-0.900968867902,-0.981947190187,0.189155268720
2023-10-13,-0.001312945778,0.000000000000,-0.974927912182,-0.222520933956,-0.978548134580,0.206018320325
2023-10-14,0.000000000000,0.000000000000,-0.781831482468,0.623489801859,-0.974859510837,0.222820407795
2023-10-15,0.000000000000,0.000000000000,0.000000000000,1.000000000000,-0.970882410481,0.239556559121
2023-10-16,0.000000000000,0.000000000000,0.781831482468,0.623489801859,-0.966618010400,0.256221821807
2023-10-17,0.002249735421,0.000000000000,0.974927912182,-0.222520933956,-0.962067572498,0.272811264334
2023-10-18,-0.001874457683,0.000000000000,0.433883739118,-0.900968867902,-0.957232443323,0.289319977619
2023-10-19,-0.003759399386,0.000000000000,-0.433883739118,-0.900968867902,-0.952114053668,0.305743076467
2023-10-20,-0.001884967932,0.000000000000,-0.974927912182,-0.222520933956,-0.946713918146,0.322075701021
2023-10-21,0.000000000000,0.000000000000,-0.781831482468,0.623489801859,-0.941033634745,0.338313018192
2023-10-22,0.000000000000,0.000000000000,0.000000000000,1.000000000000,-0.935074884352,0.354450223099
2023-10-23,-0.001321621869,0.000000000000,0.781831482468,0.623489801859,-0.928839430256,0.370482540482
2023-10-24,0.002829898323,0.000000000000,0.974927912182,-0.222520933956,-0.922329117629,0.386405226121
2023-10-25,0.001317889560,0.000000000000,0.433883739118,-0.900968867902,-0.915545872978,0.402213568237
2023-10-26,-0.002826166014,0.000000000000,-0.433883739118,-0.900968867902,-0.908491703573,0.417902888887
2023-10-27,0.000942883162,0.000000000000,-0.974927912182,-0.222520933956,-0.901168696856,0.433468545349
2023-10-28,0.000000000000,0.000000000000,-0.781831482468,0.623489801859,-0.893579019824,0.448905931494
2023-10-29,0.000000000000,0.000000000000,0.000000000000,1.000000000000,-0.885724918384,0.464210479152
2023-10-30,0.001506945815,0.000000000000,0.781831482468,0.623489801859,-0.877608716690,0.479377659461
2023-10-31,0.001316650098,0.000000000000,0.974927912182,-0.222520933956,-0.869232816457,0.494402984208
2023-11-01,-0.003766479075,0.000000000000,0.433883739118,-0.900968867902,-0.860599696250,0.509282007157
2023-11-02,-0.005676497612,0.000000000000,-0.433883739118,-0.900968867902,-0.851711910747,0.524010325368
2023-11-03,-0.003231058355,0.000000000000,-0.974927912182,-0.222520933956,-0.842572089987,0.538583580492
2023-11-04,0.000000000000,0.000000000000,-0.781831482468,0.623489801859,-0.833182938589,0.552997460070
2023-11-05,0.000000000000,0.000000000000,0.000000000000,1.000000000000,-0.823547234956,0.567247698803
2023-11-06,0.001331769685,0.000000000000,0.781831482468,0.623489801859,-0.813667830446,0.581330079815
2023-11-07,0.002468345432,0.000000000000,0.974927912182,-0.222520933956,-0.803547648534,0.595240435904
2023-11-08,-0.000948607918,0.000000000000,0.433883739118,-0.900968867902,-0.793189683945,0.608974650772
2023-11-09,-0.000949599231,0.000000000000,-0.433883739118,-0.900968867902,-0.782597001768,0.622528660243
2023-11-10,-0.002473131943,0.000000000000,-0.974927912182,-0.222520933956,-0.771772736547,0.635898453468
2023-11-11,0.000000000000,0.000000000000,-0.781831482468,0.623489801859,-0.760720091356,0.649080074110
2023-11-12,0.000000000000,0.000000000000,0.000000000000,1.000000000000,-0.749442336852,0.662069621515
2023-11-13,0.001902993660,0.000000000000,0.781831482468,0.623489801859,-0.737942810303,0.674863251868
2023-11-14,-0.001331769685,0.000000000000,0.974927912182,-0.222520933956,-0.726224914604,0.687457179327
2023-11-15,0.000380725528,0.000000000000,0.433883739118,-0.900968867902,-0.714292117269,0.699847677146
2023-11-16,-0.002286166695,0.000000000000,-0.433883739118,-0.900968867902,-0.702147949405,0.712031078779
2023-11-17,-0.001909169927,0.000000000000,-0.974927912182,-0.222520933956,-0.689796004666,0.724003778959
2023-11-18,0.000000000000,0.000000000000,-0.781831482468,0.623489801859,-0.677239938191,0.735762234774
2023-11-19,0.000000000000,0.000000000000,0.000000000000,1.000000000000,-0.664483465523,0.747302966705
2023-11-20,0.000955040580,0.000000000000,0.781831482468,0.623489801859,-0.651530361507,0.758622559666
2023-11-21,0.003240296043,0.000000000000,0.974927912182,-0.222520933956,-0.638384459175,0.769717664007
2023-11-22,0.001901094121,0.000000000000,0.433883739118,-0.900968867902,-0.625049648610,0.780584996507
2023-11-23,0.000000000000,0.000000000000,-0.433883739118,-0.900968867902,-0.611529875799,0.791221341348
2023-11-24,-0.002281819648,0.000000000000,-0.974927912182,-0.222520933956,-0.597829141459,0.801623551065
2023-11-25,0.000000000000,0.000000000000,-0.781831482468,0.623489801859,-0.583951499858,0.811788547476
2023-11-26,0.000000000000,0.000000000000,0.000000000000,1.000000000000,-0.569901057613,0.821713322596
2023-11-27,0.000951406140,0.000000000000,0.781831482468,0.623489801859,-0.555681972476,0.831394939523
2023-11-28,0.000380363544,0.000000000000,0.974927912182,-0.222520933956,-0.541298452104,0.840830533312
2023-11-29,-0.003809615610,0.000000000000,0.433883739118,-0.900968867902,-0.526754752811,0.850017311819
2023-11-30,-0.000381724590,0.000000000000,-0.433883739118,-0.900968867902,-0.512055178311,0.858952556527
2023-12-01,-0.004400612351,0.000000000000,-0.974927912182,-0.222520933956,-0.497204078447,0.867633623355
2023-12-02,0.000000000000,0.000000000000,-0.781831482468,0.623489801859,-0.482205847896,0.876057943434
2023-12-03,0.000000000000,0.000000000000,0.000000000000,1.000000000000,-0.467064924877,0.884223023874
2023-12-04,0.001532841237,0.000000000000,0.781831482468,0.623489801859,-0.451785789833,0.892126448495
2023-12-05,0.003821900462,0.000000000000,0.974927912182,-0.222520933956,-0.436372964105,0.899765878548
2023-12-06,0.000000000000,0.000000000000,0.433883739118,-0.900968867902,-0.420831008596,0.907139053401
2023-12-07,-0.001909169927,0.000000000000,-0.433883739118,-0.900968867902,-0.405164522421,0.914243791213
2023-12-08,0.000000000000,0.000000000000,-0.974927912182,-0.222520933956,-0.389378141545,0.921077989579
2023-12-09,0.000000000000,0.000000000000,-0.781831482468,0.623489801859,-0.373476537413,0.927639626149
2023-12-10,0.000000000000,0.000000000000,0.000000000000,1.000000000000,-0.357464415565,0.933926759229
2023-12-11,0.000000000000,0.000000000000,0.781831482468,0.623489801859,-0.341346514245,0.939937528356
2023-12-12,0.002862389780,0.000000000000,0.974927912182,-0.222520933956,-0.325127603000,0.945670154847
2023-12-13,-0.004775120315,0.000000000000,0.433883739118,-0.900968867902,-0.308812481266,0.951122942324
2023-12-14,-0.001532841237,0.000000000000,-0.433883739118,-0.900968867902,-0.292405976951,0.956294277220
2023-12-15,0.001915661887,0.000000000000,-0.974927912182,-0.222520933956,-0.275912945003,0.961182629254
2023-12-16,0.000000000000,0.000000000000,-0.781831482468,0.623489801859,-0.259338265975,0.965786551884
2023-12-17,0.000000000000,0.000000000000,0.000000000000,1.000000000000,-0.242686844583,0.970104682736
2023-12-18,0.000000000000,0.000000000000,0.781831482468,0.623489801859,-0.225963608248,0.974135744005
2023-12-19,0.002484950465,0.000000000000,0.974927912182,-0.222520933956,-0.209173505646,0.977878542834
2023-12-20,-0.001528448340,0.000000000000,0.433883739118,-0.900968867902,-0.192321505239,0.981331971670
2023-12-21,-0.003831418637,0.000000000000,-0.433883739118,-0.900968867902,-0.175412593804,0.984495008588
2023-12-22,-0.000383923022,0.000000000000,-0.974927912182,-0.222520933956,-0.158451774961,0.987366717594
2023-12-23,0.000000000000,0.000000000000,-0.781831482468,0.623489801859,-0.141444067688,0.989946248902
2023-12-24,0.000000000000,0.000000000000,0.000000000000,1.000000000000,-0.124394504840,0.992232839189
2023-12-25,0.000000000000,0.000000000000,0.781831482468,0.623489801859,-0.107308131656,0.994225811816
2023-12-26,-0.000960544559,0.000000000000,0.974927912182,-0.222520933956,-0.090190004270,0.995924577029
2023-12-27,0.006131474321,0.000000000000,0.433883739118,-0.900968867902,-0.073045188211,0.997328632136
2023-12-28,-0.003252695540,0.000000000000,-0.433883739118,-0.900968867902,-0.055878756905,0.998437561657
2023-12-29,-0.007309151154,0.000000000000,-0.974927912182,-0.222520933956,-0.038695790177,0.999251037439
2023-12-30,0.000000000000,0.000000000000,-0.781831482468,0.623489801859,-0.021501372741,0.999768818763
2023-12-31,0.000000000000,0.000000000000,0.000000000000,1.000000000000,-0.004300592703,0.999990752408
2024-01-01,0.000000000000,0.000000000000,0.781831482468,0.623489801859,0.017201575418,0.999852041956
2024-01-02,0.006350448261,0.000000000000,0.974927912182,-0.222520933956,0.034398060614,0.999408211606
2024-01-03,0.004211398434,0.000000000000,0.433883739118,-0.900968867902,0.051584366869,0.998668640288
2024-01-04,-0.001338042689,0.000000000000,-0.433883739118,-0.900968867902,0.068755408481,0.997633546852
2024-01-05,-0.001531465436,0.000000000000,-0.974927912182,-0.222520933956,0.085906104261,0.996303237599
2024-01-06,0.000000000000,0.000000000000,-0.781831482468,0.623489801859,0.103031379043,0.994678106189
2024-01-07,0.000000000000,0.000000000000,0.000000000000,1.000000000000,0.120126165182,0.992758633525
2024-01-08,0.000000000000,0.000000000000,0.781831482468,0.623489801859,0.137185404057,0.990545387609
2024-01-09,0.001913920022,0.000000000000,0.974927912182,-0.222520933956,0.154204047563,0.988039023377
2024-01-10,-0.000956502125,0.000000000000,0.433883739118,-0.900968867902,0.171177059610,0.985240282501
2024-01-11,-0.001340605312,0.000000000000,-0.433883739118,-0.900968867902,0.188099417612,0.982149993175
2024-01-12,-0.003840246874,0.000000000000,-0.974927912182,-0.222520933956,0.204966113969,0.978769069865
2024-01-13,0.000000000000,0.000000000000,-0.781831482468,0.623489801859,0.221772157556,0.975098513040
2024-01-14,0.000000000000,0.000000000000,0.000000000000,1.000000000000,0.238512575194,0.971139408877
2024-01-15,0.000000000000,0.000000000000,0.781831482468,0.623489801859,0.255182413123,0.966892928939
2024-01-16,0.000961468093,0.000000000000,0.974927912182,-0.222520933956,0.271776738471,0.962360329828
2024-01-17,0.002303722207,0.000000000000,0.433883739118,-0.900968867902,0.288290640710,0.957542952812
2024-01-18,-0.002880528805,0.000000000000,-0.433883739118,-0.900968867902,0.304719233109,0.952442223431
2024-01-19,-0.000384661495,0.000000000000,-0.974927912182,-0.222520933956,0.321057654185,0.947059651072
2024-01-20,0.000000000000,0.000000000000,-0.781831482468,0.623489801859,0.337301069136,0.941396828526
2024-01-21,0.000000000000,0.000000000000,0.000000000000,1.000000000000,0.353444671274,0.935455431513
2024-01-22,0.000384661495,0.000000000000,0.781831482468,0.623489801859,0.369483683447,0.929237218188
2024-01-23,0.001921274180,0.000000000000,0.974927912182,-0.222520933956,0.385413359454,0.922744028620
2024-01-24,0.000000000000,0.000000000000,0.433883739118,-0.900968867902,0.401228985448,0.915977784248
2024-01-25,-0.002883205492,0.000000000000,-0.433883739118,-0.900968867902,0.416925881329,0.908940487314
2024-01-26,0.000961931313,0.000000000000,-0.974927912182,-0.222520933956,0.432499402134,0.901634220265
2024-01-27,0.000000000000,0.000000000000,-0.781831482468,0.623489801859,0.447944939408,0.894061145145
2024-01-28,0.000000000000,0.000000000000,0.000000000000,1.000000000000,0.463257922567,0.886223502949
2024-01-29,0.000000000000,0.000000000000,0.781831482468,0.623489801859,0.478433820255,0.878123612959
2024-01-30,0.000576806598,0.000000000000,0.974927912182,-0.222520933956,0.493468141677,0.869763872065
2024-01-31,-0.002887090081,0.000000000000,0.433883739118,-0.900968867902,0.508356437938,0.861146754048
2024-02-01,0.002310283483,0.000000000000,-0.433883739118,-0.900968867902,0.523094303349,0.852274808852
2024-02-02,0.001921274180,0.000000000000,-0.974927912182,-0.222520933956,0.537677376741,0.843150661828
2024-02-03,0.000000000000,0.000000000000,-0.781831482468,0.623489801859,0.552101342746,0.833777012959
2024-02-04,0.000000000000,0.000000000000,0.000000000000,1.000000000000,0.566361933081,0.824156636057
2024-02-05,0.003448964050,0.000000000000,0.781831482468,0.623489801859,0.580454927809,0.814292377947
2024-02-06,-0.000956868189,0.000000000000,0.974927912182,-0.222520933956,0.594376156585,0.804187157621
2024-02-07,0.000000000000,0.000000000000,0.433883739118,-0.900968867902,0.608121499894,0.793843965378
2024-02-08,-0.000957784662,0.000000000000,-0.433883739118,-0.900968867902,0.621686890267,0.783265861934
2024-02-09,0.000383187415,0.000000000000,-0.974927912182,-0.222520933956,0.635068313487,0.772455977519
2024-02-10,0.000000000000,0.000000000000,-0.781831482468,0.623489801859,0.648261809776,0.761417510953
2024-02-11,0.000000000000,0.000000000000,0.000000000000,1.000000000000,0.661263474966,0.750153728696
2024-02-12,0.001531465436,0.000000000000,0.781831482468,0.623489801859,0.674069461655,0.738667963881
2024-02-13,0.000955862346,0.000000000000,0.974927912182,-0.222520933956,0.686675980345,0.726963615332
2024-02-14,-0.002870515197,0.000000000000,0.433883739118,-0.900968867902,0.699079300566,0.715044146554
2024-02-15,0.000000000000,0.000000000000,-0.433883739118,-0.900968867902,0.711275751974,0.702913084708
2024-02-16,0.000957784662,0.000000000000,-0.974927912182,-0.222520933956,0.723261725444,0.690574019572
2024-02-17,0.000000000000,0.000000000000,-0.781831482468,0.623489801859,0.735033674133,0.678030602474
2024-02-18,0.000000000000,0.000000000000,0.000000000000,1.000000000000,0.746588114532,0.665286545211
2024-02-19,0.000000000000,0.000000000000,0.781831482468,0.623489801859,0.757921627497,0.652345618957
2024-02-20,-0.001916487556,0.000000000000,0.974927912182,-0.222520933956,0.769030859259,0.639211653138
2024-02-21,0.004211398434,0.000000000000,0.433883739118,-0.900968867902,0.779912522417,0.625888534308
2024-02-22,-0.000382180343,0.000000000000,-0.433883739118,-0.900968867902,0.790563396912,0.612380204990
2024-02-23,0.001336765170,0.000000000000,-0.974927912182,-0.222520933956,0.800980330978,0.598690662518
2024-02-24,0.000000000000,0.000000000000,-0.781831482468,0.623489801859,0.811160242079,0.584823957846
2024-02-25,0.000000000000,0.000000000000,0.000000000000,1.000000000000,0.821100117813,0.570784194357
2024-02-26,0.001906621950,0.000000000000,0.781831482468,0.623489801859,0.830797016812,0.556575526641
2024-02-27,-0.000952856574,0.000000000000,0.974927912182,-0.222520933956,0.840248069608,0.542202159273
2024-02-28,-0.000953765376,0.000000000000,0.433883739118,-0.900968867902,0.849450479481,0.527668345563
2024-02-29,-0.003249495704,0.000000000000,-0.433883739118,-0.900968867902,0.858401523292,0.512978386299
2024-03-01,-0.001532841237,0.000000000000,-0.974927912182,-0.222520933956,0.867098552281,0.498136628478
2024-03-02,0.000000000000,0.000000000000,-0.781831482468,0.623489801859,0.875538992859,0.483147464015
2024-03-03,0.000000000000,0.000000000000,0.000000000000,1.000000000000,0.883720347362,0.468015328444
2024-03-04,0.001532841237,0.000000000000,0.781831482468,0.623489801859,0.891640194797,0.452744699607
2024-03-05,0.000382820650,0.000000000000,0.974927912182,-0.222520933956,0.899296191553,0.437340096330
2024-03-06,0.000956502125,0.000000000000,0.433883739118,-0.900968867902,0.906686072098,0.421806077083
2024-03-07,-0.000382454586,0.000000000000,-0.433883739118,-0.900968867902,0.913807649647,0.406147238631
2024-03-08,0.000000000000,0.000000000000,-0.974927912182,-0.222520933956,0.920658816810,0.390368214676
2024-03-09,0.000000000000,0.000000000000,-0.781831482468,0.623489801859,0.927237546218,0.374473674487
2024-03-10,0.000000000000,0.000000000000,0.000000000000,1.000000000000,0.933541891118,0.358468321512
2024-03-11,0.002292627516,0.000000000000,0.781831482468,0.623489801859,0.939569985953,0.342356891995
2024-03-12,0.000000000000,0.000000000000,0.974927912182,-0.222520933956,0.945320046913,0.326144153564
2024-03-13,-0.000381724590,0.000000000000,0.433883739118,-0.900968867902,0.950790372463,0.309834903832
2024-03-14,0.000000000000,0.000000000000,-0.433883739118,-0.900968867902,0.955979343844,0.293433968967
2024-03-15,0.000000000000,0.000000000000,-0.974927912182,-0.222520933956,0.960885425557,0.276946202269
2024-03-16,0.000000000000,0.000000000000,-0.781831482468,0.623489801859,0.965507165814,0.260376482734
2024-03-17,0.000000000000,0.000000000000,0.000000000000,1.000000000000,0.969843196967,0.243729713610
2024-03-18,0.000000000000,0.000000000000,0.781831482468,0.623489801859,0.973892235915,0.227010820941
2024-03-19,0.000000000000,0.000000000000,0.974927912182,-0.222520933956,0.977653084482,0.210224752119
2024-03-20,-0.001910902926,0.000000000000,0.433883739118,-0.900968867902,0.981124629772,0.193376474410
2024-03-21,0.000000000000,0.000000000000,-0.433883739118,-0.900968867902,0.984305844499,0.176470973492
2024-03-22,-0.001531465436,0.000000000000,-0.974927912182,-0.222520933956,0.987195787291,0.159513251973
2024-03-23,0.000000000000,0.000000000000,-0.781831482468,0.623489801859,0.989793602967,0.142508327916
2024-03-24,0.000000000000,0.000000000000,0.000000000000,1.000000000000,0.992098522792,0.125461233353
2024-03-25,-0.000383187415,0.000000000000,0.781831482468,0.623489801859,0.994109864702,0.108377012792
2024-03-26,0.000000000000,0.000000000000,0.974927912182,-0.222520933956,0.995827033510,0.091260721729
2024-03-27,-0.000575056574,0.000000000000,0.433883739118,-0.900968867902,0.997249521077,0.074117425151
2024-03-28,-0.002303722207,0.000000000000,-0.433883739118,-0.900968867902,0.998376906467,0.056952196034
2024-03-29,0.000000000000,0.000000000000,-0.974927912182,-0.222520933956,0.999208856068,0.039770113846
2024-03-30,0.000000000000,0.000000000000,-0.781831482468,0.623489801859,0.999745123693,0.022576263042
2024-03-31,0.000000000000,0.000000000000,0.000000000000,1.000000000000,0.999985550651,0.005375731558
2024-04-01,0.002878778781,0.000000000000,0.781831482468,0.623489801859,0.999930065796,-0.011826390692
2024-04-02,-0.000958702893,0.000000000000,0.974927912182,-0.222520933956,0.999578685548,-0.029025013322
2024-04-03,-0.000575608306,0.000000000000,0.433883739118,-0.900968867902,0.998931513885,-0.046215046984
2024-04-04,-0.001344467582,0.000000000000,-0.433883739118,-0.900968867902,0.997988742316,-0.063391404870
2024-04-05,0.002303722207,0.000000000000,-0.974927912182,-0.222520933956,0.996750649821,-0.080549004219
2024-04-06,0.000000000000,0.000000000000,-0.781831482468,0.623489801859,0.995217602774,-0.097682767822
2024-04-07,0.000000000000,0.000000000000,0.000000000000,1.000000000000,0.993390054826,-0.114787625522
2024-04-08,0.001532841237,0.000000000000,0.781831482468,0.623489801859,0.991268546779,-0.131858515717
2024-04-09,-0.000574597248,0.000000000000,0.974927912182,-0.222520933956,0.988853706421,-0.148890386856
2024-04-10,0.004396497710,0.000000000000,0.433883739118,-0.900968867902,0.986146248342,-0.165878198935
2024-04-11,-0.000954129348,0.000000000000,-0.433883739118,-0.900968867902,0.983146973722,-0.182816924985
2024-04-12,-0.001528448340,0.000000000000,-0.974927912182,-0.222520933956,0.979856770096,-0.199701552566
2024-04-13,0.000000000000,0.000000000000,-0.781831482468,0.623489801859,0.976276611087,-0.216527085245
2024-04-14,0.000000000000,0.000000000000,0.000000000000,1.000000000000,0.972407556122,-0.233288544075
2024-04-15,0.001528448340,0.000000000000,0.781831482468,0.623489801859,0.968250750117,-0.249980969073
2024-04-16,-0.000955040580,0.000000000000,0.974927912182,-0.222520933956,0.963807423137,-0.266599420679
2024-04-17,0.001336765170,0.000000000000,0.433883739118,-0.900968867902,0.959078890034,-0.283138981228
2024-04-18,0.000572404758,0.000000000000,-0.433883739118,-0.900968867902,0.954066550058,-0.299594756397
2024-04-19,0.000381360618,0.000000000000,-0.974927912182,-0.222520933956,0.948771886440,-0.315961876658
2024-04-20,0.000000000000,0.000000000000,-0.781831482468,0.623489801859,0.943196465957,-0.332235498716
2024-04-21,0.000000000000,0.000000000000,0.000000000000,1.000000000000,0.937341938464,-0.348410806945
2024-04-22,0.000000000000,0.000000000000,0.781831482468,0.623489801859,0.931210036412,-0.364483014810
2024-04-23,0.000000000000,0.000000000000,0.974927912182,-0.222520933956,0.924802574329,-0.380447366288
2024-04-24,0.001904806077,0.000000000000,0.433883739118,-0.900968867902,0.918121448284,-0.396299137269
2024-04-25,-0.001904806077,0.000000000000,-0.433883739118,-0.900968867902,0.911168635333,-0.412033636959
2024-04-26,-0.001335489966,0.000000000000,-0.974927912182,-0.222520933956,0.903946192922,-0.427646209268
2024-04-27,0.000000000000,0.000000000000,-0.781831482468,0.623489801859,0.896456258291,-0.443132234183
2024-04-28,0.000000000000,0.000000000000,0.000000000000,1.000000000000,0.888701047829,-0.458487129140
2024-04-29,0.000954129348,0.000000000000,0.781831482468,0.623489801859,0.880682856430,-0.473706350380
2024-04-30,0.000381360618,0.000000000000,0.974927912182,-0.222520933956,0.872404056805,-0.488785394289
2024-05-01,0.000952856574,0.000000000000,0.433883739118,-0.900968867902,0.863867098784,-0.503719798736
2024-05-02,-0.002288346540,0.000000000000,-0.433883739118,-0.900968867902,0.855074508590,-0.518505144391
2024-05-03,-0.000572860237,0.000000000000,-0.974927912182,-0.222520933956,0.846028888092,-0.533137056032
2024-05-04,0.000000000000,0.000000000000,-0.781831482468,0.623489801859,0.836732914034,-0.547611203840
2024-05-05,0.000000000000,0.000000000000,0.000000000000,1.000000000000,0.827189337246,-0.561923304683
2024-05-06,0.000954584827,0.000000000000,0.781831482468,0.623489801859,0.817400981825,-0.576069123380
2024-05-07,0.000572404758,0.000000000000,0.974927912182,-0.222520933956,0.807370744302,-0.590044473955
2024-05-08,0.000381360618,0.000000000000,0.433883739118,-0.900968867902,0.797101592787,-0.603845220877
2024-05-09,-0.000953765376,0.000000000000,-0.433883739118,-0.900968867902,0.786596566087,-0.617467280284
2024-05-10,0.000572404758,0.000000000000,-0.974927912182,-0.222520933956,0.775858772807,-0.630906621188
2024-05-11,0.000000000000,0.000000000000,-0.781831482468,0.623489801859,0.764891390434,-0.644159266672
2024-05-12,0.000000000000,0.000000000000,0.000000000000,1.000000000000,0.753697664393,-0.657221295066
2024-05-13,-0.000572404758,0.000000000000,0.781831482468,0.623489801859,0.742280907087,-0.670088841106
2024-05-14,-0.000954584827,0.000000000000,0.974927912182,-0.222520933956,0.730644496918,-0.682758097076
2024-05-15,0.000954584827,0.000000000000,0.433883739118,-0.900968867902,0.718791877288,-0.695225313941
2024-05-16,0.000572404758,0.000000000000,-0.433883739118,-0.900968867902,0.706726555578,-0.707486802450
2024-05-17,-0.000572404758,0.000000000000,-0.974927912182,-0.222520933956,0.694452102109,-0.719538934233
2024-05-18,0.000000000000,0.000000000000,-0.781831482468,0.623489801859,0.681972149090,-0.731378142868
2024-05-19,0.000000000000,0.000000000000,0.000000000000,1.000000000000,0.669290389541,-0.743000924944
2024-05-20,0.000000000000,0.000000000000,0.781831482468,0.623489801859,0.656410576198,-0.754403841093
2024-05-21,0.000000000000,0.000000000000,0.974927912182,-0.222520933956,0.643336520404,-0.765583517008
2024-05-22,0.000953765376,0.000000000000,0.433883739118,-0.900968867902,0.630072090984,-0.776536644443
2024-05-23,0.000000000000,0.000000000000,-0.433883739118,-0.900968867902,0.616621213096,-0.787259982192
2024-05-24,0.000000000000,0.000000000000,-0.974927912182,-0.222520933956,0.602987867069,-0.797750357046
2024-05-25,0.000000000000,0.000000000000,-0.781831482468,0.623489801859,0.589176087232,-0.808004664735
2024-05-26,0.000000000000,0.000000000000,0.000000000000,1.000000000000,0.575189960712,-0.818019870844
2024-05-27,0.000000000000,0.000000000000,0.781831482468,0.623489801859,0.561033626228,-0.827793011713
2024-05-28,0.000571859234,0.000000000000,0.974927912182,-0.222520933956,0.546711272869,-0.837321195312
2024-05-29,0.000380997340,0.000000000000,0.433883739118,-0.900968867902,0.532227138847,-0.846601602098
2024-05-30,-0.000380997340,0.000000000000,-0.433883739118,-0.900968867902,0.517585510253,-0.855631485849
2024-05-31,-0.000571859234,0.000000000000,-0.974927912182,-0.222520933956,0.502790719779,-0.864408174478
2024-06-01,0.000000000000,0.000000000000,-0.781831482468,0.623489801859,0.487847145442,-0.872929070821
2024-06-02,0.000000000000,0.000000000000,0.000000000000,1.000000000000,0.472759209286,-0.881191653407
2024-06-03,-0.000381360618,0.000000000000,0.781831482468,0.623489801859,0.457531376074,-0.889193477207
2024-06-04,-0.000572404758,0.000000000000,0.974927912182,-0.222520933956,0.442168151967,-0.896932174351
2024-06-05,0.000000000000,0.000000000000,0.433883739118,-0.900968867902,0.426674083190,-0.904405454834
2024-06-06,-0.001336765170,0.000000000000,-0.433883739118,-0.900968867902,0.411053754687,-0.911611107193
2024-06-07,0.000955040580,0.000000000000,-0.974927912182,-0.222520933956,0.395311788765,-0.918546999159
2024-06-08,0.000000000000,0.000000000000,-0.781831482468,0.623489801859,0.379452843725,-0.925211078289
2024-06-09,0.000000000000,0.000000000000,0.000000000000,1.000000000000,0.363481612483,-0.931601372577
2024-06-10,-0.000955040580,0.000000000000,0.781831482468,0.623489801859,0.347402821184,-0.937715991030
2024-06-11,0.002290530546,0.000000000000,0.974927912182,-0.222520933956,0.331221227802,-0.943553124235
2024-06-12,-0.000381360618,0.000000000000,0.433883739118,-0.900968867902,0.314941620729,-0.949111044890
2024-06-13,-0.000572404758,0.000000000000,-0.433883739118,-0.900968867902,0.298568817364,-0.954388108318
2024-06-14,0.000000000000,0.000000000000,-0.974927912182,-0.222520933956,0.282107662682,-0.959382752949
2024-06-15,0.000000000000,0.000000000000,-0.781831482468,0.623489801859,0.265563027804,-0.964093500789
2024-06-16,0.000000000000,0.000000000000,0.000000000000,1.000000000000,0.248939808554,-0.968518957851
2024-06-17,0.000572404758,0.000000000000,0.781831482468,0.623489801859,0.232242924009,-0.972657814572
2024-06-18,-0.001526989584,0.000000000000,0.974927912182,-0.222520933956,0.215477315047,-0.976508846197
2024-06-19,0.000000000000,0.000000000000,0.433883739118,-0.900968867902,0.198647942880,-0.980070913143
2024-06-20,-0.001912090228,0.000000000000,-0.433883739118,-0.900968867902,0.181759787591,-0.983342961339
2024-06-21,-0.001915661887,0.000000000000,-0.974927912182,-0.222520933956,0.164817846657,-0.986324022532
2024-06-22,0.000000000000,0.000000000000,-0.781831482468,0.623489801859,0.147827133471,-0.989013214578
2024-06-23,0.000000000000,0.000000000000,0.000000000000,1.000000000000,0.130792675857,-0.991409741702
2024-06-24,-0.000959254625,0.000000000000,0.781831482468,0.623489801859,0.113719514586,-0.993512894734
2024-06-25,0.002492095862,0.000000000000,0.974927912182,-0.222520933956,0.096612701881,-0.995322051316
2024-06-26,0.001339322775,0.000000000000,0.433883739118,-0.900968867902,0.079477299924,-0.996836676089
2024-06-27,-0.001339322775,0.000000000000,-0.433883739118,-0.900968867902,0.062318379354,-0.998056320853
2024-06-28,-0.001916487556,0.000000000000,-0.974927912182,-0.222520933956,0.045141017774,-0.998980624694
2024-06-29,0.000000000000,0.000000000000,-0.781831482468,0.623489801859,0.027950298240,-0.999609314096
2024-06-30,0.000000000000,0.000000000000,0.000000000000,1.000000000000,0.010751307764,-0.999942203020
2024-07-01,0.000958702893,0.000000000000,0.781831482468,0.623489801859,-0.006450864198,-0.999979192959
2024-07-02,0.001914652851,0.000000000000,0.974927912182,-0.222520933956,-0.023651127245,-0.999720272966
2024-07-03,0.000382454586,0.000000000000,0.433883739118,-0.900968867902,-0.040844391543,-0.999165519661
2024-07-04,0.000000000000,0.000000000000,-0.433883739118,-0.900968867902,-0.058025569329,-0.998315097203
2024-07-05,-0.000956502125,0.000000000000,-0.974927912182,-0.222520933956,-0.075189576415,-0.997169257247
2024-07-06,0.000000000000,0.000000000000,-0.781831482468,0.623489801859,-0.092331333695,-0.995728338865
2024-07-07,0.000000000000,0.000000000000,0.000000000000,1.000000000000,-0.109445768649,-0.993992768447
2024-07-08,-0.001340605312,0.000000000000,0.781831482468,0.623489801859,-0.126527816839,-0.991963059577
2024-07-09,0.001340605312,0.000000000000,0.974927912182,-0.222520933956,-0.143572423412,-0.989639812879
2024-07-10,0.000000000000,0.000000000000,0.433883739118,-0.900968867902,-0.160574544595,-0.987023715839
2024-07-11,-0.005180852186,0.000000000000,-0.433883739118,-0.900968867902,-0.177529149187,-0.984115542601
2024-07-12,0.000000000000,0.000000000000,-0.974927912182,-0.222520933956,-0.194431220048,-0.980916153741
2024-07-13,0.000000000000,0.000000000000,-0.781831482468,0.623489801859,-0.211275755582,-0.977426496010
2024-07-14,0.000000000000,0.000000000000,0.000000000000,1.000000000000,-0.228057771222,-0.973647602054
2024-07-15,-0.000962393403,0.000000000000,0.781831482468,0.623489801859,-0.244772300897,-0.969580590108
2024-07-16,0.000000000000,0.000000000000,0.974927912182,-0.222520933956,-0.261414398511,-0.965226663666
2024-07-17,0.000385123585,0.000000000000,0.433883739118,-0.900968867902,-0.277979139399,-0.960587111125
2024-07-18,-0.000385123585,0.000000000000,-0.433883739118,-0.900968867902,-0.294461621787,-0.955663305403
2024-07-19,0.000000000000,0.000000000000,-0.974927912182,-0.222520933956,-0.310856968244,-0.950456703535
2024-07-20,0.000000000000,0.000000000000,-0.781831482468,0.623489801859,-0.327160327122,-0.944968846236
2024-07-21,0.000000000000,0.000000000000,0.000000000000,1.000000000000,-0.343366873996,-0.939201357453
2024-07-22,-0.000577825807,0.000000000000,0.781831482468,0.623489801859,-0.359471813088,-0.933155943878
2024-07-23,-0.003280944466,0.000000000000,0.974927912182,-0.222520933956,-0.375470378688,-0.926834394446
2024-07-24,-0.000580060459,0.000000000000,0.433883739118,-0.900968867902,-0.391357836561,-0.920238579805
2024-07-25,-0.001936153355,0.000000000000,-0.433883739118,-0.900968867902,-0.407129485354,-0.913370451764
2024-07-26,-0.000969391753,0.000000000000,-0.974927912182,-0.222520933956,-0.422780657983,-0.906232042711
2024-07-27,0.000000000000,0.000000000000,-0.781831482468,0.623489801859,-0.438306723013,-0.898825465016
2024-07-28,0.000000000000,0.000000000000,0.000000000000,1.000000000000,-0.453703086031,-0.891152910406
2024-07-29,-0.001553169368,0.000000000000,0.781831482468,0.623489801859,-0.468965191008,-0.883216649313
2024-07-30,-0.002334100848,0.000000000000,0.974927912182,-0.222520933956,-0.484088521639,-0.875019030203
2024-07-31,0.000000000000,0.000000000000,0.433883739118,-0.900968867902,-0.499068602689,-0.866562478885
2024-08-01,-0.003902533297,0.000000000000,-0.433883739118,-0.900968867902,-0.513901001309,-0.857849497787
2024-08-02,-0.016757328833,0.000000000000,-0.974927912182,-0.222520933956,-0.528581328356,-0.848882665221
2024-08-03,0.000000000000,0.000000000000,-0.781831482468,0.623489801859,-0.543105239683,-0.839664634618
2024-08-04,0.000000000000,0.000000000000,0.000000000000,1.000000000000,-0.557468437433,-0.830198133741
2024-08-05,0.005946446168,0.000000000000,0.781831482468,0.623489801859,-0.571666671303,-0.820485963879
2024-08-06,0.003944774581,0.000000000000,0.974927912182,-0.222520933956,-0.585695739807,-0.810530999019
2024-08-07,0.000000000000,0.000000000000,0.433883739118,-0.900968867902,-0.599551491520,-0.800336184998
2024-08-08,0.000590427916,0.000000000000,-0.433883739118,-0.900968867902,-0.613229826300,-0.789904538622
2024-08-09,-0.001575187143,0.000000000000,-0.974927912182,-0.222520933956,-0.626726696508,-0.779239146786
2024-08-10,0.000000000000,0.000000000000,-0.781831482468,0.623489801859,-0.640038108204,-0.768343165549
2024-08-11,0.000000000000,0.000000000000,0.000000000000,1.000000000000,-0.653160122327,-0.757219819208
2024-08-12,-0.000394137784,0.000000000000,0.781831482468,0.623489801859,-0.666088855861,-0.745872399340
2024-08-13,-0.003950228536,0.000000000000,0.974927912182,-0.222520933956,-0.678820482986,-0.734304263830
2024-08-14,0.001977111895,0.000000000000,0.433883739118,-0.900968867902,-0.691351236209,-0.722518835873
2024-08-15,0.003352013651,0.000000000000,-0.433883739118,-0.900968867902,-0.703677407479,-0.710519602969
2024-08-16,-0.000984759227,0.000000000000,-0.974927912182,-0.222520933956,-0.715795349283,-0.698310115884
2024-08-17,0.000000000000,0.000000000000,-0.781831482468,0.623489801859,-0.727701475726,-0.685893987600
2024-08-18,0.000000000000,0.000000000000,0.000000000000,1.000000000000,-0.739392263596,-0.673274892250
2024-08-19,-0.002367254424,0.000000000000,0.781831482468,0.623489801859,-0.750864253399,-0.660456564028
2024-08-20,-0.005943006642,0.000000000000,0.974927912182,-0.222520933956,-0.762114050389,-0.647442796083
2024-08-21,-0.005578790646,0.000000000000,0.433883739118,-0.900968867902,-0.773138325571,-0.634237439398
2024-08-22,0.003988037291,0.000000000000,-0.433883739118,-0.900968867902,-0.783933816683,-0.620844401651
2024-08-23,-0.004987560490,0.000000000000,-0.974927912182,-0.222520933956,-0.794497329167,-0.607267646057
2024-08-24,0.000000000000,0.000000000000,-0.781831482468,0.623489801859,-0.804825737108,-0.593511190196
2024-08-25,0.000000000000,0.000000000000,0.000000000000,1.000000000000,-0.814915984166,-0.579579104826
2024-08-26,-0.000400051018,0.000000000000,0.781831482468,0.623489801859,-0.824765084473,-0.565475512674
2024-08-27,-0.006020529838,0.000000000000,0.974927912182,-0.222520933956,-0.834370123523,-0.551204587220
2024-08-28,-0.002620179193,0.000000000000,0.433883739118,-0.900968867902,-0.843728259029,-0.536770551461
2024-08-29,0.002016175845,0.000000000000,-0.433883739118,-0.900968867902,-0.852836721769,-0.522177676660
2024-08-30,0.000604003348,0.000000000000,-0.974927912182,-0.222520933956,-0.861692816403,-0.507430281083
2024-08-31,0.000000000000,0.000000000000,-0.781831482468,0.623489801859,-0.870293922269,-0.492532728722
2024-09-01,0.000000000000,0.000000000000,0.000000000000,1.000000000000,-0.878637494161,-0.477489428003
2024-09-02,0.000000000000,0.000000000000,0.781831482468,0.623489801859,-0.886721063083,-0.462304830480
2024-09-03,0.000402466316,0.000000000000,0.974927912182,-0.222520933956,-0.894542236976,-0.446983429520
2024-09-04,-0.004436352615,0.000000000000,0.433883739118,-0.900968867902,-0.902098701430,-0.431529758971
2024-09-05,-0.003238827491,0.000000000000,-0.433883739118,-0.900968867902,-0.909388220365,-0.415948391825
2024-09-06,-0.004878092493,0.000000000000,-0.974927912182,-0.222520933956,-0.916408636694,-0.400243938857
2024-09-07,0.000000000000,0.000000000000,-0.781831482468,0.623489801859,-0.923157872965,-0.384421047269
2024-09-08,0.000000000000,0.000000000000,0.000000000000,1.000000000000,-0.929633931968,-0.368484399308
2024-09-09,-0.002652253208,0.000000000000,0.781831482468,0.623489801859,-0.935834897335,-0.352438710885
2024-09-10,-0.012333135291,0.000000000000,0.974927912182,-0.222520933956,-0.941758934099,-0.336288730177
2024-09-11,0.008238967655,0.000000000000,0.433883739118,-0.900968867902,-0.947404289244,-0.320039236223
2024-09-12,-0.007205352195,0.000000000000,-0.433883739118,-0.900968867902,-0.952769292217,-0.303695037511
2024-09-13,-0.016037028034,0.000000000000,-0.974927912182,-0.222520933956,-0.957852355428,-0.287260970551
2024-09-14,0.000000000000,0.000000000000,-0.781831482468,0.623489801859,-0.962651974716,-0.270741898448
2024-09-15,0.000000000000,0.000000000000,0.000000000000,1.000000000000,-0.967166729798,-0.254142709461
2024-09-16,-0.003786316278,0.000000000000,0.781831482468,0.623489801859,-0.971395284684,-0.237468315558
2024-09-17,-0.002109653108,0.000000000000,0.974927912182,-0.222520933956,-0.975336388077,-0.220723650961
2024-09-18,-0.025669936476,0.000000000000,0.433883739118,-0.900968867902,-0.978988873741,-0.203913670683
2024-09-19,-0.004778427135,0.000000000000,-0.433883739118,-0.900968867902,-0.982351660847,-0.187043349070
2024-09-20,-0.010505646809,0.000000000000,-0.974927912182,-0.222520933956,-0.985423754292,-0.170117678320
2024-09-21,0.000000000000,0.000000000000,-0.781831482468,0.623489801859,-0.988204244994,-0.153141667013
2024-09-22,0.000000000000,0.000000000000,0.000000000000,1.000000000000,-0.990692310162,-0.136120338623
2024-09-23,-0.009283951384,0.000000000000,0.781831482468,0.623489801859,-0.992887213536,-0.119058730034
2024-09-24,-0.001778150568,0.000000000000,0.974927912182,-0.222520933956,-0.994788305609,-0.101961890052
2024-09-25,-0.001781318021,0.000000000000,0.433883739118,-0.900968867902,-0.996395023819,-0.084834877906
2024-09-26,-0.004243457751,0.000000000000,-0.433883739118,-0.900968867902,-0.997706892710,-0.067682761755
2024-09-27,0.003128480599,0.000000000000,-0.974927912182,-0.222520933956,-0.998723524080,-0.050510617185
2024-09-28,0.000000000000,0.000000000000,-0.781831482468,0.623489801859,-0.999444617092,-0.033323525712
2024-09-29,0.000000000000,0.000000000000,0.000000000000,1.000000000000,-0.999869958362,-0.016126573271
2024-09-30,0.003563538473,0.000000000000,0.781831482468,0.623489801859,-0.999999422025,0.001075151283
2024-10-01,-0.003563538473,0.000000000000,0.974927912182,-0.222520933956,-0.999832969770,0.018276557682
2024-10-02,-0.002010011754,0.000000000000,0.433883739118,-0.900968867902,-0.999370650854,0.035472555753
2024-10-03,-0.001790087035,0.000000000000,-0.433883739118,-0.900968867902,-0.998612602084,0.052658056925
2024-10-04,0.008918667961,0.000000000000,-0.974927912182,-0.222520933956,-0.997559047779,0.069827975730
2024-10-05,0.000000000000,0.000000000000,-0.781831482468,0.623489801859,-0.996210299702,0.086977231314
2024-10-06,0.000000000000,0.000000000000,0.000000000000,1.000000000000,-0.994566756971,0.104100748935
2024-10-07,0.004429681764,0.000000000000,0.781831482468,0.623489801859,-0.992628905935,0.121193461471
2024-10-08,0.000662715714,0.000000000000,0.974927912182,-0.222520933956,-0.990397320035,0.138250310911
2024-10-09,0.001544735978,0.000000000000,0.433883739118,-0.900968867902,-0.987872659635,0.155266249860
2024-10-10,-0.001103064110,0.000000000000,-0.433883739118,-0.900968867902,-0.985055671822,0.172236243028
2024-10-11,-0.003316828513,0.000000000000,-0.974927912182,-0.222520933956,-0.981947190187,0.189155268720
2024-10-12,0.000000000000,0.000000000000,-0.781831482468,0.623489801859,-0.978548134580,0.206018320325
2024-10-13,0.000000000000,0.000000000000,0.000000000000,1.000000000000,-0.974859510837,0.222820407795
2024-10-14,0.000664288611,0.000000000000,0.781831482468,0.623489801859,-0.970882410481,0.239556559121
2024-10-15,-0.000664288611,0.000000000000,0.974927912182,-0.222520933956,-0.966618010400,0.256221821807
2024-10-16,-0.002661364266,0.000000000000,0.433883739118,-0.900968867902,-0.962067572498,0.272811264334
2024-10-17,0.002661364266,0.000000000000,-0.433883739118,-0.900968867902,-0.957232443323,0.289319977619
2024-10-18,-0.000443033917,0.000000000000,-0.974927912182,-0.222520933956,-0.952114053668,0.305743076467
2024-10-19,0.000000000000,0.000000000000,-0.781831482468,0.623489801859,-0.946713918146,0.322075701021
2024-10-20,0.000000000000,0.000000000000,0.000000000000,1.000000000000,-0.941033634745,0.338313018192
2024-10-21,0.001107322528,0.000000000000,0.781831482468,0.623489801859,-0.935074884352,0.354450223099
2024-10-22,-0.003992049133,0.000000000000,0.974927912182,-0.222520933956,-0.928839430256,0.370482540482
2024-10-23,0.001110519687,0.000000000000,0.433883739118,-0.900968867902,-0.922329117629,0.386405226121
2024-10-24,-0.004003592020,0.000000000000,-0.433883739118,-0.900968867902,-0.915545872978,0.402213568237
2024-10-25,0.005112879821,0.000000000000,-0.974927912182,-0.222520933956,-0.908491703573,0.417902888887
2024-10-26,0.000000000000,0.000000000000,-0.781831482468,0.623489801859,-0.901168696856,0.433468545349
2024-10-27,0.000000000000,0.000000000000,0.000000000000,1.000000000000,-0.893579019824,0.448905931494
2024-10-28,-0.006227856972,0.000000000000,0.781831482468,0.623489801859,-0.885724918384,0.464210479152
2024-10-29,-0.000446296608,0.000000000000,0.974927912182,-0.222520933956,-0.877608716690,0.479377659461
2024-10-30,-0.003801905210,0.000000000000,0.433883739118,-0.900968867902,-0.869232816457,0.494402984208
2024-10-31,-0.006970159879,0.000000000000,-0.433883739118,-0.900968867902,-0.860599696250,0.509282007157
2024-11-01,-0.007246422996,0.000000000000,-0.974927912182,-0.222520933956,-0.851711910747,0.524010325368
2024-11-02,0.000000000000,0.000000000000,-0.781831482468,0.623489801859,-0.842572089987,0.538583580492
2024-11-03,0.000000000000,0.000000000000,0.000000000000,1.000000000000,-0.833182938589,0.552997460070
2024-11-04,0.004082592479,0.000000000000,0.781831482468,0.623489801859,-0.823547234956,0.567247698803
2024-11-05,0.001131011897,0.000000000000,0.974927912182,-0.222520933956,-0.813667830446,0.581330079815
2024-11-06,0.001581378332,0.000000000000,0.433883739118,-0.900968867902,-0.803547648534,0.595240435904
2024-11-07,-0.002259831957,0.000000000000,-0.433883739118,-0.900968867902,-0.793189683945,0.608974650772
2024-11-08,0.000678453624,0.000000000000,-0.974927912182,-0.222520933956,-0.782597001768,0.622528660243
2024-11-09,0.000000000000,0.000000000000,-0.781831482468,0.623489801859,-0.771772736547,0.635898453468
2024-11-10,0.000000000000,0.000000000000,0.000000000000,1.000000000000,-0.760720091356,0.649080074110
2024-11-11,-0.001810341559,0.000000000000,0.781831482468,0.623489801859,-0.749442336852,0.662069621515
2024-11-12,0.001810341559,0.000000000000,0.974927912182,-0.222520933956,-0.737942810303,0.674863251868
2024-11-13,-0.007488970301,0.000000000000,0.433883739118,-0.900968867902,-0.726224914604,0.687457179327
2024-11-14,-0.001595798736,0.000000000000,-0.433883739118,-0.900968867902,-0.714292117269,0.699847677146
2024-11-15,0.002278995712,0.000000000000,-0.974927912182,-0.222520933956,-0.702147949405,0.712031078779
2024-11-16,0.000000000000,0.000000000000,-0.781831482468,0.623489801859,-0.689796004666,0.724003778959
2024-11-17,0.000000000000,0.000000000000,0.000000000000,1.000000000000,-0.677239938191,0.735762234774
2024-11-18,0.002273705400,0.000000000000,0.781831482468,0.623489801859,-0.664483465523,0.747302966705
2024-11-19,0.001134971071,0.000000000000,0.974927912182,-0.222520933956,-0.651530361507,0.758622559666
2024-11-20,0.000453584739,0.000000000000,0.433883739118,-0.900968867902,-0.638384459175,0.769717664007
2024-11-21,0.000680099633,0.000000000000,-0.433883739118,-0.900968867902,-0.625049648610,0.780584996507
2024-11-22,0.000453070924,0.000000000000,-0.974927912182,-0.222520933956,-0.611529875799,0.791221341348
2024-11-23,0.000000000000,0.000000000000,-0.781831482468,0.623489801859,-0.597829141459,0.801623551065
2024-11-24,0.000000000000,0.000000000000,0.000000000000,1.000000000000,-0.583951499858,0.811788547476
2024-11-25,-0.002267518398,0.000000000000,0.781831482468,0.623489801859,-0.569901057613,0.821713322596
2024-11-26,-0.002272780220,0.000000000000,0.974927912182,-0.222520933956,-0.555681972476,0.831394939523
2024-11-27,-0.002277848777,0.000000000000,0.433883739118,-0.900968867902,-0.541298452104,0.840830533312
2024-11-28,0.000000000000,0.000000000000,-0.433883739118,-0.900968867902,-0.526754752811,0.850017311819
2024-11-29,-0.002740372441,0.000000000000,-0.974927912182,-0.222520933956,-0.512055178311,0.858952556527
2024-11-30,0.000000000000,0.000000000000,-0.781831482468,0.623489801859,-0.497204078447,0.867633623355
2024-12-01,0.000000000000,0.000000000000,0.000000000000,1.000000000000,-0.482205847896,0.876057943434
2024-12-02,0.001599444937,0.000000000000,0.781831482468,0.623489801859,-0.467064924877,0.884223023874
2024-12-03,-0.005265032274,0.000000000000,0.974927912182,-0.222520933956,-0.451785789833,0.892126448495
2024-12-04,-0.002758007813,0.000000000000,0.433883739118,-0.900968867902,-0.436372964105,0.899765878548
2024-12-05,-0.003458186035,0.000000000000,-0.433883739118,-0.900968867902,-0.420831008596,0.907139053401
2024-12-06,-0.008115951195,0.000000000000,-0.974927912182,-0.222520933956,-0.405164522421,0.914243791213
2024-12-07,0.000000000000,0.000000000000,-0.781831482468,0.623489801859,-0.389378141545,0.921077989579
2024-12-08,0.000000000000,0.000000000000,0.000000000000,1.000000000000,-0.373476537413,0.927639626149
2024-12-09,-0.000465732419,0.000000000000,0.781831482468,0.623489801859,-0.357464415565,0.933926759229
2024-12-10,-0.001865324340,0.000000000000,0.974927912182,-0.222520933956,-0.341346514245,0.939937528356
2024-12-11,-0.007025727519,0.000000000000,0.433883739118,-0.900968867902,-0.325127603000,0.945670154847
2024-12-12,-0.007549001226,0.000000000000,-0.433883739118,-0.900968867902,-0.308812481266,0.951122942324
2024-12-13,-0.001184721013,0.000000000000,-0.974927912182,-0.222520933956,-0.292405976951,0.956294277220
2024-12-14,0.000000000000,0.000000000000,-0.781831482468,0.623489801859,-0.275912945003,0.961182629254
2024-12-15,0.000000000000,0.000000000000,0.000000000000,1.000000000000,-0.259338265975,0.965786551884
2024-12-16,0.002368040123,0.000000000000,0.781831482468,0.623489801859,-0.242686844583,0.970104682736
2024-12-17,0.002834108458,0.000000000000,0.974927912182,-0.222520933956,-0.225963608248,0.974135744005
2024-12-18,-0.001888550452,0.000000000000,0.433883739118,-0.900968867902,-0.209173505646,0.977878542834
2024-12-19,-0.002839586480,0.000000000000,-0.433883739118,-0.900968867902,-0.192321505239,0.981331971670
2024-12-20,-0.001185450675,0.000000000000,-0.974927912182,-0.222520933956,-0.175412593804,0.984495008588
2024-12-21,0.000000000000,0.000000000000,-0.781831482468,0.623489801859,-0.158451774961,0.987366717594
2024-12-22,0.000000000000,0.000000000000,0.000000000000,1.000000000000,-0.141444067688,0.989946248902
2024-12-23,0.000000000000,0.000000000000,0.781831482468,0.623489801859,-0.124394504840,0.992232839189
2024-12-24,-0.003565147779,0.000000000000,0.974927912182,-0.222520933956,-0.107308131656,0.994225811816
2024-12-25,0.000000000000,0.000000000000,0.433883739118,-0.900968867902,-0.090190004270,0.995924577029
2024-12-26,0.003565147779,0.000000000000,-0.433883739118,-0.900968867902,-0.073045188211,0.997328632136
2024-12-27,-0.008816970912,0.000000000000,-0.974927912182,-0.222520933956,-0.055878756905,0.998437561657
2024-12-28,0.000000000000,0.000000000000,-0.781831482468,0.623489801859,-0.038695790177,0.999251037439
2024-12-29,0.000000000000,0.000000000000,0.000000000000,1.000000000000,-0.021501372741,0.999768818763
2024-12-30,0.000956982575,0.000000000000,0.781831482468,0.623489801859,-0.004300592703,0.999990752408
2024-12-31,0.006197879631,0.000000000000,0.974927912182,-0.222520933956,0.012901459949,0.999916772702
2025-01-01,0.000000000000,0.000000000000,0.433883739118,-0.900968867902,0.017201575418,0.999852041956
2025-01-02,0.000000000000,0.000000000000,-0.433883739118,-0.900968867902,0.034398060614,0.999408211606
2025-01-03,-0.003571088971,0.000000000000,-0.974927912182,-0.222520933956,0.051584366869,0.998668640288
2025-01-04,0.000000000000,0.000000000000,-0.781831482468,0.623489801859,0.068755408481,0.997633546852
2025-01-05,0.000000000000,0.000000000000,0.000000000000,1.000000000000,0.085906104261,0.996303237599
2025-01-06,-0.000715682387,0.000000000000,0.781831482468,0.623489801859,0.103031379043,0.994678106189
2025-01-07,0.003097824770,0.000000000000,0.974927912182,-0.222520933956,0.120126165182,0.992758633525
2025-01-08,0.000475702921,0.000000000000,0.433883739118,-0.900968867902,0.137185404057,0.990545387609
2025-01-09,0.000000000000,0.000000000000,-0.433883739118,-0.900968867902,0.154204047563,0.988039023377
2025-01-10,0.001900665159,0.000000000000,-0.974927912182,-0.222520933956,0.171177059610,0.985240282501
2025-01-11,0.000000000000,0.000000000000,-0.781831482468,0.623489801859,0.188099417612,0.982149993175
2025-01-12,0.000000000000,0.000000000000,0.000000000000,1.000000000000,0.204966113969,0.978769069865
2025-01-13,0.001186126242,0.000000000000,0.781831482468,0.623489801859,0.221772157556,0.975098513040
2025-01-14,-0.001186126242,0.000000000000,0.974927912182,-0.222520933956,0.238512575194,0.971139408877
2025-01-15,-0.001900665159,0.000000000000,0.433883739118,-0.900968867902,0.255182413123,0.966892928939
2025-01-16,-0.002380894442,0.000000000000,-0.433883739118,-0.900968867902,0.271776738471,0.962360329828
2025-01-17,-0.000476950862,0.000000000000,-0.974927912182,-0.222520933956,0.288290640710,0.957542952812
2025-01-18,0.000000000000,0.000000000000,-0.781831482468,0.623489801859,0.304719233109,0.952442223431
2025-01-19,0.000000000000,0.000000000000,0.000000000000,1.000000000000,0.321057654185,0.947059651072
2025-01-20,0.000000000000,0.000000000000,0.781831482468,0.623489801859,0.337301069136,0.941396828526
2025-01-21,0.000953560736,0.000000000000,0.974927912182,-0.222520933956,0.353444671274,0.935455431513
2025-01-22,0.004279636941,0.000000000000,0.433883739118,-0.900968867902,0.369483683447,0.929237218188
2025-01-23,-0.000474687215,0.000000000000,-0.433883739118,-0.900968867902,0.385413359454,0.922744028620
2025-01-24,-0.001900665159,0.000000000000,-0.974927912182,-0.222520933956,0.401228985448,0.915977784248
2025-01-25,0.000000000000,0.000000000000,-0.781831482468,0.623489801859,0.416925881329,0.908940487314
2025-01-26,0.000000000000,0.000000000000,0.000000000000,1.000000000000,0.432499402134,0.901634220265
2025-01-27,-0.004050933997,0.000000000000,0.781831482468,0.623489801859,0.447944939408,0.894061145145
2025-01-28,0.000477406306,0.000000000000,0.974927912182,-0.222520933956,0.463257922567,0.886223502949
2025-01-29,-0.000477406306,0.000000000000,0.433883739118,-0.900968867902,0.478433820255,0.878123612959
2025-01-30,-0.001433701966,0.000000000000,-0.433883739118,-0.900968867902,0.493468141677,0.869763872065
2025-01-31,0.001433701966,0.000000000000,-0.974927912182,-0.222520933956,0.508356437938,0.861146754048
2025-02-01,0.000000000000,0.000000000000,-0.781831482468,0.623489801859,0.523094303349,0.852274808852
2025-02-02,0.000000000000,0.000000000000,0.000000000000,1.000000000000,0.537677376741,0.843150661828
2025-02-03,0.000477406306,0.000000000000,0.781831482468,0.623489801859,0.552101342746,0.833777012959
2025-02-04,0.005474192850,0.000000000000,0.974927912182,-0.222520933956,0.566361933081,0.824156636057
2025-02-05,-0.000712283685,0.000000000000,0.433883739118,-0.900968867902,0.580454927809,0.814292377947
2025-02-06,0.000712283685,0.000000000000,-0.433883739118,-0.900968867902,0.594376156585,0.804187157621
2025-02-07,0.003554166364,0.000000000000,-0.974927912182,-0.222520933956,0.608121499894,0.793843965378
2025-02-08,0.000000000000,0.000000000000,-0.781831482468,0.623489801859,0.621686890267,0.783265861934
2025-02-09,0.000000000000,0.000000000000,0.000000000000,1.000000000000,0.635068313487,0.772455977519
2025-02-10,0.000000000000,0.000000000000,0.781831482468,0.623489801859,0.648261809776,0.761417510953
2025-02-11,-0.000709868568,0.000000000000,0.974927912182,-0.222520933956,0.661263474966,0.750153728696
2025-02-12,0.000709868568,0.000000000000,0.433883739118,-0.900968867902,0.674069461655,0.738667963881
2025-02-13,-0.003554166364,0.000000000000,-0.433883739118,-0.900968867902,0.686675980345,0.726963615332
2025-02-14,0.000000000000,0.000000000000,-0.974927912182,-0.222520933956,0.699079300566,0.715044146554
2025-02-15,0.000000000000,0.000000000000,-0.781831482468,0.623489801859,0.711275751974,0.702913084708
2025-02-16,0.000000000000,0.000000000000,0.000000000000,1.000000000000,0.723261725444,0.690574019572
2025-02-17,0.000000000000,0.000000000000,0.781831482468,0.623489801859,0.735033674133,0.678030602474
2025-02-18,0.000000000000,0.000000000000,0.974927912182,-0.222520933956,0.746588114532,0.665286545211
2025-02-19,0.001186126242,0.000000000000,0.433883739118,-0.900968867902,0.757921627497,0.652345618957
2025-02-20,-0.003086791401,0.000000000000,-0.433883739118,-0.900968867902,0.769030859259,0.639211653138
2025-02-21,-0.001904284567,0.000000000000,-0.974927912182,-0.222520933956,0.779912522417,0.625888534308
2025-02-22,0.000000000000,0.000000000000,-0.781831482468,0.623489801859,0.790563396912,0.612380204990
2025-02-23,0.000000000000,0.000000000000,0.000000000000,1.000000000000,0.800980330978,0.598690662518
2025-02-24,-0.001669243123,0.000000000000,0.781831482468,0.623489801859,0.811160242079,0.584823957846
2025-02-25,-0.001911108273,0.000000000000,0.974927912182,-0.222520933956,0.821100117813,0.570784194357
2025-02-26,0.002626790660,0.000000000000,0.433883739118,-0.900968867902,0.830797016812,0.556575526641
2025-02-27,0.000476950862,0.000000000000,-0.433883739118,-0.900968867902,0.840248069608,0.542202159273
2025-02-28,-0.000476950862,0.000000000000,-0.974927912182,-0.222520933956,0.849450479481,0.527668345563
2025-03-01,0.000000000000,0.000000000000,-0.781831482468,0.623489801859,0.858401523292,0.512978386299
2025-03-02,0.000000000000,0.000000000000,0.000000000000,1.000000000000,0.867098552281,0.498136628478
2025-03-03,0.000000000000,0.000000000000,0.781831482468,0.623489801859,0.875538992859,0.483147464015
2025-03-04,0.000476950862,0.000000000000,0.974927912182,-0.222520933956,0.883720347362,0.468015328444
2025-03-05,0.002380894442,0.000000000000,0.433883739118,-0.900968867902,0.891640194797,0.452744699607
2025-03-06,-0.001904284567,0.000000000000,-0.433883739118,-0.900968867902,0.899296191553,0.437340096330
2025-03-07,0.000000000000,0.000000000000,-0.974927912182,-0.222520933956,0.906686072098,0.421806077083
2025-03-08,0.000000000000,0.000000000000,-0.781831482468,0.623489801859,0.913807649647,0.406147238631
2025-03-09,0.000000000000,0.000000000000,0.000000000000,1.000000000000,0.920658816810,0.390368214676
2025-03-10,-0.002863300445,0.000000000000,0.781831482468,0.623489801859,0.927237546218,0.374473674487
2025-03-11,0.002386690571,0.000000000000,0.974927912182,-0.222520933956,0.933541891118,0.358468321512
2025-03-12,0.000476609874,0.000000000000,0.433883739118,-0.900968867902,0.939569985953,0.342356891995
2025-03-13,-0.002146649430,0.000000000000,-0.433883739118,-0.900968867902,0.945320046913,0.326144153564
2025-03-14,0.000000000000,0.000000000000,-0.974927912182,-0.222520933956,0.950790372463,0.309834903832
2025-03-15,0.000000000000,0.000000000000,-0.781831482468,0.623489801859,0.955979343844,0.293433968967
2025-03-16,0.000000000000,0.000000000000,0.000000000000,1.000000000000,0.960885425557,0.276946202269
2025-03-17,0.000000000000,0.000000000000,0.781831482468,0.623489801859,0.965507165814,0.260376482734
2025-03-18,0.001670039556,0.000000000000,0.974927912182,-0.222520933956,0.969843196967,0.243729713610
2025-03-19,-0.001192633249,0.000000000000,0.433883739118,-0.900968867902,0.973892235915,0.227010820941
2025-03-20,-0.001911108273,0.000000000000,-0.433883739118,-0.900968867902,0.977653084482,0.210224752119
2025-03-21,0.000717050951,0.000000000000,-0.974927912182,-0.222520933956,0.981124629772,0.193376474410
2025-03-22,0.000000000000,0.000000000000,-0.781831482468,0.623489801859,0.984305844499,0.176470973492
2025-03-23,0.000000000000,0.000000000000,0.000000000000,1.000000000000,0.987195787291,0.159513251973
2025-03-24,-0.000717050951,0.000000000000,0.781831482468,0.623489801859,0.989793602967,0.142508327916
2025-03-25,0.000000000000,0.000000000000,0.974927912182,-0.222520933956,0.992098522792,0.125461233353
2025-03-26,0.001911108273,0.000000000000,0.433883739118,-0.900968867902,0.994109864702,0.108377012792
2025-03-27,-0.000477406306,0.000000000000,-0.433883739118,-0.900968867902,0.995827033510,0.091260721729
2025-03-28,0.000000000000,0.000000000000,-0.974927912182,-0.222520933956,0.997249521077,0.074117425151
2025-03-29,0.000000000000,0.000000000000,-0.781831482468,0.623489801859,0.998376906467,0.056952196034
2025-03-30,0.000000000000,0.000000000000,0.000000000000,1.000000000000,0.999208856068,0.039770113846
2025-03-31,0.001193088694,0.000000000000,0.781831482468,0.623489801859,0.999745123693,0.022576263042
2025-04-01,0.001668049898,0.000000000000,0.974927912182,-0.222520933956,0.999985550651,0.005375731558
2025-04-02,0.000714092484,0.000000000000,0.433883739118,-0.900968867902,0.999930065796,-0.011826390692
2025-04-03,-0.004291882091,0.000000000000,-0.433883739118,-0.900968867902,0.999578685548,-0.029025013322
2025-04-04,-0.007194211466,0.000000000000,-0.974927912182,-0.222520933956,0.998931513885,-0.046215046984
2025-04-05,0.000000000000,0.000000000000,-0.781831482468,0.623489801859,0.997988742316,-0.063391404870
2025-04-06,0.000000000000,0.000000000000,0.000000000000,1.000000000000,0.996750649821,-0.080549004219
2025-04-07,-0.001204121580,0.000000000000,0.781831482468,0.623489801859,0.995217602774,-0.097682767822
2025-04-08,0.006724299520,0.000000000000,0.974927912182,-0.222520933956,0.993390054826,-0.114787625522
2025-04-09,0.011896450062,0.000000000000,0.433883739118,-0.900968867902,0.991268546779,-0.131858515717
2025-04-10,-0.007359116091,0.000000000000,-0.433883739118,-0.900968867902,0.988853706421,-0.148890386856
2025-04-11,0.003804949726,0.000000000000,-0.974927912182,-0.222520933956,0.986146248342,-0.165878198935
2025-04-12,0.000000000000,0.000000000000,-0.781831482468,0.623489801859,0.983146973722,-0.182816924985
2025-04-13,0.000000000000,0.000000000000,0.000000000000,1.000000000000,0.979856770096,-0.199701552566
2025-04-14,-0.004281559601,0.000000000000,0.781831482468,0.623489801859,0.976276611087,-0.216527085245
2025-04-15,0.001191099037,0.000000000000,0.974927912182,-0.222520933956,0.972407556122,-0.233288544075
2025-04-16,0.001903039073,0.000000000000,0.433883739118,-0.900968867902,0.968250750117,-0.249980969073
2025-04-17,-0.000713243668,0.000000000000,-0.433883739118,-0.900968867902,0.963807423137,-0.266599420679
2025-04-18,0.000000000000,0.000000000000,-0.974927912182,-0.222520933956,0.959078890034,-0.283138981228
2025-04-19,0.000000000000,0.000000000000,-0.781831482468,0.623489801859,0.954066550058,-0.299594756397
2025-04-20,0.000000000000,0.000000000000,0.000000000000,1.000000000000,0.948771886440,-0.315961876658
2025-04-21,0.001188381474,0.000000000000,0.781831482468,0.623489801859,0.943196465957,-0.332235498716
2025-04-22,0.000712283685,0.000000000000,0.974927912182,-0.222520933956,0.937341938464,-0.348410806945
2025-04-23,-0.001187421491,0.000000000000,0.433883739118,-0.900968867902,0.931210036412,-0.364483014810
2025-04-24,-0.002617528235,0.000000000000,-0.433883739118,-0.900968867902,0.924802574329,-0.380447366288
2025-04-25,-0.000953560736,0.000000000000,-0.974927912182,-0.222520933956,0.918121448284,-0.396299137269
2025-04-26,0.000000000000,0.000000000000,-0.781831482468,0.623489801859,0.911168635333,-0.412033636959
2025-04-27,0.000000000000,0.000000000000,0.000000000000,1.000000000000,0.903946192922,-0.427646209268
2025-04-28,0.000000000000,0.000000000000,0.781831482468,0.623489801859,0.896456258291,-0.443132234183
2025-04-29,-0.000715682387,0.000000000000,0.974927912182,-0.222520933956,0.888701047829,-0.458487129140
2025-04-30,0.000000000000,0.000000000000,0.433883739118,-0.900968867902,0.880682856430,-0.473706350380
2025-05-01,-0.001194057322,0.000000000000,-0.433883739118,-0.900968867902,0.872404056805,-0.488785394289
2025-05-02,0.005480828680,0.000000000000,-0.974927912182,-0.222520933956,0.863867098784,-0.503719798736
2025-05-03,0.000000000000,0.000000000000,-0.781831482468,0.623489801859,0.855074508590,-0.518505144391
2025-05-04,0.000000000000,0.000000000000,0.000000000000,1.000000000000,0.846028888092,-0.533137056032
2025-05-05,0.000000000000,0.000000000000,0.781831482468,0.623489801859,0.836732914034,-0.547611203840
2025-05-06,0.000475137806,0.000000000000,0.974927912182,-0.222520933956,0.827189337246,-0.561923304683
2025-05-07,0.001186970900,0.000000000000,0.433883739118,-0.900968867902,0.817400981825,-0.576069123380
2025-05-08,0.000000000000,0.000000000000,-0.433883739118,-0.900968867902,0.807370744302,-0.590044473955
2025-05-09,0.000000000000,0.000000000000,-0.974927912182,-0.222520933956,0.797101592787,-0.603845220877
2025-05-10,0.000000000000,0.000000000000,-0.781831482468,0.623489801859,0.786596566087,-0.617467280284
2025-05-11,0.000000000000,0.000000000000,0.000000000000,1.000000000000,0.775858772807,-0.630906621188
2025-05-12,0.015303430959,0.000000000000,0.781831482468,0.623489801859,0.764891390434,-0.644159266672
2025-05-13,0.001167457826,0.000000000000,0.974927912182,-0.222520933956,0.753697664393,-0.657221295066
2025-05-14,0.000000000000,0.000000000000,0.433883739118,-0.900968867902,0.742280907087,-0.670088841106
2025-05-15,-0.006320974158,0.000000000000,-0.433883739118,-0.900968867902,0.730644496918,-0.682758097076
2025-05-16,-0.004944073339,0.000000000000,-0.974927912182,-0.222520933956,0.718791877288,-0.695225313941
2025-05-17,0.000000000000,0.000000000000,-0.781831482468,0.623489801859,0.706726555578,-0.707486802450
2025-05-18,0.000000000000,0.000000000000,0.000000000000,1.000000000000,0.694452102109,-0.719538934233
2025-05-19,0.000707746319,0.000000000000,0.781831482468,0.623489801859,0.681972149090,-0.731378142868
2025-05-20,0.001885102801,0.000000000000,0.974927912182,-0.222520933956,0.669290389541,-0.743000924944
2025-05-21,-0.003064958433,0.000000000000,0.433883739118,-0.900968867902,0.656410576198,-0.754403841093
2025-05-22,-0.000708694820,0.000000000000,-0.433883739118,-0.900968867902,0.643336520404,-0.765583517008
2025-05-23,-0.000472667243,0.000000000000,-0.974927912182,-0.222520933956,0.630072090984,-0.776536644443
2025-05-24,0.000000000000,0.000000000000,-0.781831482468,0.623489801859,0.616621213096,-0.787259982192
2025-05-25,0.000000000000,0.000000000000,0.000000000000,1.000000000000,0.602987867069,-0.797750357046
2025-05-26,0.000000000000,0.000000000000,0.781831482468,0.623489801859,0.589176087232,-0.808004664735
2025-05-27,-0.006403425207,0.000000000000,0.974927912182,-0.222520933956,0.575189960712,-0.818019870844
2025-05-28,0.005220665877,0.000000000000,0.433883739118,-0.900968867902,0.561033626228,-0.827793011713
2025-05-29,0.001182759330,0.000000000000,-0.433883739118,-0.900968867902,0.546711272869,-0.837321195312
2025-05-30,0.000472667243,0.000000000000,-0.974927912182,-0.222520933956,0.532227138847,-0.846601602098
2025-05-31,0.000000000000,0.000000000000,-0.781831482468,0.623489801859,0.517585510253,-0.855631485849
2025-06-01,0.000000000000,0.000000000000,0.000000000000,1.000000000000,0.502790719779,-0.864408174478
2025-06-02,0.000000000000,0.000000000000,0.781831482468,0.623489801859,0.487847145442,-0.872929070821
2025-06-03,0.000708694820,0.000000000000,0.974927912182,-0.222520933956,0.472759209286,-0.881191653407
2025-06-04,0.001179855632,0.000000000000,0.433883739118,-0.900968867902,0.457531376074,-0.889193477207
2025-06-05,-0.001888550452,0.000000000000,-0.433883739118,-0.900968867902,0.442168151967,-0.896932174351
2025-06-06,0.000000000000,0.000000000000,-0.974927912182,-0.222520933956,0.426674083190,-0.904405454834
2025-06-07,0.000000000000,0.000000000000,-0.781831482468,0.623489801859,0.411053754687,-0.911611107193
2025-06-08,0.000000000000,0.000000000000,0.000000000000,1.000000000000,0.395311788765,-0.918546999159
2025-06-09,0.001888550452,0.000000000000,0.781831482468,0.623489801859,0.379452843725,-0.925211078289
2025-06-10,0.002355767674,0.000000000000,0.974927912182,-0.222520933956,0.363481612483,-0.931601372577
2025-06-11,0.000000000000,0.000000000000,0.433883739118,-0.900968867902,0.347402821184,-0.937715991030
2025-06-12,0.001880559346,0.000000000000,-0.433883739118,-0.900968867902,0.331221227802,-0.943553124235
2025-06-13,-0.004236327020,0.000000000000,-0.974927912182,-0.222520933956,0.314941620729,-0.949111044890
2025-06-14,0.000000000000,0.000000000000,-0.781831482468,0.623489801859,0.298568817364,-0.954388108318
2025-06-15,0.000000000000,0.000000000000,0.000000000000,1.000000000000,0.282107662682,-0.959382752949
2025-06-16,0.001885102801,0.000000000000,0.781831482468,0.623489801859,0.265563027804,-0.964093500789
2025-06-17,-0.007087251382,0.000000000000,0.974927912182,-0.222520933956,0.248939808554,-0.968518957851
2025-06-18,0.001184721013,0.000000000000,0.433883739118,-0.900968867902,0.232242924009,-0.972657814572
2025-06-19,0.000000000000,0.000000000000,-0.433883739118,-0.900968867902,0.215477315047,-0.976508846197
2025-06-20,-0.006652406855,0.000000000000,-0.974927912182,-0.222520933956,0.198647942880,-0.980070913143
2025-06-21,0.000000000000,0.000000000000,-0.781831482468,0.623489801859,0.181759787591,-0.983342961339
2025-06-22,0.000000000000,0.000000000000,0.000000000000,1.000000000000,0.164817846657,-0.986324022532
2025-06-23,-0.008859193239,0.000000000000,0.781831482468,0.623489801859,0.147827133471,-0.989013214578
2025-06-24,0.005755451717,0.000000000000,0.974927912182,-0.222520933956,0.130792675857,-0.991409741702
2025-06-25,0.001433701966,0.000000000000,0.433883739118,-0.900968867902,0.113719514586,-0.993512894734
2025-06-26,0.001193088694,0.000000000000,-0.433883739118,-0.900968867902,0.096612701881,-0.995322051316
2025-06-27,0.000953560736,0.000000000000,-0.974927912182,-0.222520933956,0.079477299924,-0.996836676089
2025-06-28,0.000000000000,0.000000000000,-0.781831482468,0.623489801859,0.062318379354,-0.998056320853
2025-06-29,0.000000000000,0.000000000000,0.000000000000,1.000000000000,0.045141017774,-0.998980624694
2025-06-30,-0.001669243123,0.000000000000,0.781831482468,0.623489801859,0.027950298240,-0.999609314096
2025-07-01,0.008318490646,0.000000000000,0.974927912182,-0.222520933956,0.010751307764,-0.999942203020
2025-07-02,-0.000473450542,0.000000000000,0.433883739118,-0.900968867902,-0.006450864198,-0.999979192959
2025-07-03,0.004017427567,0.000000000000,-0.433883739118,-0.900968867902,-0.023651127245,-0.999720272966
2025-07-04,0.000000000000,0.000000000000,-0.974927912182,-0.222520933956,-0.040844391543,-0.999165519661
2025-07-05,0.000000000000,0.000000000000,-0.781831482468,0.623489801859,-0.058025569329,-0.998315097203
2025-07-06,0.000000000000,0.000000000000,0.000000000000,1.000000000000,-0.075189576415,-0.997169257247
2025-07-07,0.001178577542,0.000000000000,0.781831482468,0.623489801859,-0.092331333695,-0.995728338865
2025-07-08,0.001177190132,0.000000000000,0.974927912182,-0.222520933956,-0.109445768649,-0.993992768447
2025-07-09,-0.001177190132,0.000000000000,0.433883739118,-0.900968867902,-0.126527816839,-0.991963059577
2025-07-10,-0.001178577542,0.000000000000,-0.433883739118,-0.900968867902,-0.143572423412,-0.989639812879
2025-07-11,-0.000707746319,0.000000000000,-0.974927912182,-0.222520933956,-0.160574544595,-0.987023715839
2025-07-12,0.000000000000,0.000000000000,-0.781831482468,0.623489801859,-0.177529149187,-0.984115542601
2025-07-13,0.000000000000,0.000000000000,0.000000000000,1.000000000000,-0.194431220048,-0.980916153741
2025-07-14,-0.002126362139,0.000000000000,0.781831482468,0.623489801859,-0.211275755582,-0.977426496010
2025-07-15,0.000945558005,0.000000000000,0.974927912182,-0.222520933956,-0.228057771222,-0.973647602054
2025-07-16,-0.001655426573,0.000000000000,0.433883739118,-0.900968867902,-0.244772300897,-0.969580590108
2025-07-17,0.002364121393,0.000000000000,-0.433883739118,-0.900968867902,-0.261414398511,-0.965226663666
2025-07-18,-0.001181362063,0.000000000000,-0.974927912182,-0.222520933956,-0.277979139399,-0.960587111125
2025-07-19,0.000000000000,0.000000000000,-0.781831482468,0.623489801859,-0.294461621787,-0.955663305403
2025-07-20,0.000000000000,0.000000000000,0.000000000000,1.000000000000,-0.310856968244,-0.950456703535
2025-07-21,-0.001656209872,0.000000000000,0.781831482468,0.623489801859,-0.327160327122,-0.944968846236
2025-07-22,0.001656209872,0.000000000000,0.974927912182,-0.222520933956,-0.343366873996,-0.939201357453
2025-07-23,0.002361217695,0.000000000000,0.433883739118,-0.900968867902,-0.359471813088,-0.933155943878
2025-07-24,0.001178577542,0.000000000000,-0.433883739118,-0.900968867902,-0.375470378688,-0.926834394446
2025-07-25,0.000000000000,0.000000000000,-0.974927912182,-0.222520933956,-0.391357836561,-0.920238579805
2025-07-26,0.000000000000,0.000000000000,-0.781831482468,0.623489801859,-0.407129485354,-0.913370451764
2025-07-27,0.000000000000,0.000000000000,0.000000000000,1.000000000000,-0.422780657983,-0.906232042711
2025-07-28,-0.002358433174,0.000000000000,0.781831482468,0.623489801859,-0.438306723013,-0.898825465016
2025-07-29,-0.001181362063,0.000000000000,0.974927912182,-0.222520933956,-0.453703086031,-0.891152910406
2025-07-30,0.000472667243,0.000000000000,0.433883739118,-0.900968867902,-0.468965191008,-0.883216649313
2025-07-31,0.000708694820,0.000000000000,-0.433883739118,-0.900968867902,-0.484088521639,-0.875019030203
2025-08-01,-0.012593720313,0.000000000000,-0.974927912182,-0.222520933956,-0.499068602689,-0.866562478885
2025-08-02,0.000000000000,0.000000000000,-0.781831482468,0.623489801859,-0.513901001309,-0.857849497787
2025-08-03,0.000000000000,0.000000000000,0.000000000000,1.000000000000,-0.528581328356,-0.848882665221
2025-08-04,-0.006958704062,0.000000000000,0.781831482468,0.623489801859,-0.543105239683,-0.839664634618
2025-08-05,-0.000722578033,0.000000000000,0.974927912182,-0.222520933956,-0.557468437433,-0.830198133741
2025-08-06,-0.004104846614,0.000000000000,0.433883739118,-0.900968867902,-0.571666671303,-0.820485963879
2025-08-07,0.001209071480,0.000000000000,-0.433883739118,-0.900968867902,-0.585695739807,-0.810530999019
2025-08-08,-0.001209071480,0.000000000000,-0.974927912182,-0.222520933956,-0.599551491520,-0.800336184998
2025-08-09,0.000000000000,0.000000000000,-0.781831482468,0.623489801859,-0.613229826300,-0.789904538622
2025-08-10,0.000000000000,0.000000000000,0.000000000000,1.000000000000,-0.626726696508,-0.779239146786
2025-08-11,0.002416682871,0.000000000000,0.781831482468,0.623489801859,-0.640038108204,-0.768343165549
2025-08-12,-0.003142758798,0.000000000000,0.974927912182,-0.222520933956,-0.653160122327,-0.757219819208
2025-08-13,-0.004854373689,0.000000000000,0.433883739118,-0.900968867902,-0.666088855861,-0.745872399340
2025-08-14,0.000486464376,0.000000000000,-0.433883739118,-0.900968867902,-0.678820482986,-0.734304263830
2025-08-15,0.000000000000,0.000000000000,-0.974927912182,-0.222520933956,-0.691351236209,-0.722518835873
2025-08-16,0.000000000000,0.000000000000,-0.781831482468,0.623489801859,-0.703677407479,-0.710519602969
2025-08-17,0.000000000000,0.000000000000,0.000000000000,1.000000000000,-0.715795349283,-0.698310115884
2025-08-18,0.002671563513,0.000000000000,0.781831482468,0.623489801859,-0.727701475726,-0.685893987600
2025-08-19,-0.003158027890,0.000000000000,0.974927912182,-0.222520933956,-0.739392263596,-0.673274892250
2025-08-20,0.001215717514,0.000000000000,0.433883739118,-0.900968867902,-0.750864253399,-0.660456564028
2025-08-21,0.003154196998,0.000000000000,-0.433883739118,-0.900968867902,-0.762114050389,-0.647442796083
2025-08-22,-0.009737166462,0.000000000000,-0.974927912182,-0.222520933956,-0.773138325571,-0.634237439398
2025-08-23,0.000000000000,0.000000000000,-0.781831482468,0.623489801859,-0.783933816683,-0.620844401651
2025-08-24,0.000000000000,0.000000000000,0.000000000000,1.000000000000,-0.794497329167,-0.607267646057
2025-08-25,0.001222372623,0.000000000000,0.781831482468,0.623489801859,-0.804825737108,-0.593511190196
2025-08-26,-0.001222372623,0.000000000000,0.974927912182,-0.222520933956,-0.814915984166,-0.579579104826
2025-08-27,-0.006872849524,0.000000000000,0.433883739118,-0.900968867902,-0.824765084473,-0.565475512674
2025-08-28,0.002951326286,0.000000000000,-0.433883739118,-0.900968867902,-0.834370123523,-0.551204587220
2025-08-29,-0.007147240422,0.000000000000,-0.974927912182,-0.222520933956,-0.843728259029,-0.536770551461
2025-08-30,0.000000000000,0.000000000000,-0.781831482468,0.623489801859,-0.852836721769,-0.522177676660
2025-08-31,0.000000000000,0.000000000000,0.000000000000,1.000000000000,-0.861692816403,-0.507430281083
2025-09-01,0.000000000000,0.000000000000,0.781831482468,0.623489801859,-0.870293922269,-0.492532728722
2025-09-02,-0.002724498531,0.000000000000,0.974927912182,-0.222520933956,-0.878637494161,-0.477489428003
2025-09-03,-0.003478249130,0.000000000000,0.433883739118,-0.900968867902,-0.886721063083,-0.462304830480
2025-09-04,-0.004990085022,0.000000000000,-0.433883739118,-0.900968867902,-0.894542236976,-0.446983429520
2025-09-05,-0.022256816753,0.000000000000,-0.974927912182,-0.222520933956,-0.902098701430,-0.431529758971
2025-09-06,0.000000000000,0.000000000000,-0.781831482468,0.623489801859,-0.909388220365,-0.415948391825
2025-09-07,0.000000000000,0.000000000000,0.000000000000,1.000000000000,-0.916408636694,-0.400243938857
2025-09-08,0.004592987745,0.000000000000,0.781831482468,0.623489801859,-0.923157872965,-0.384421047269
2025-09-09,0.003811491034,0.000000000000,0.974927912182,-0.222520933956,-0.929633931968,-0.368484399308
2025-09-10,-0.003302431861,0.000000000000,0.433883739118,-0.900968867902,-0.935834897335,-0.352438710885
2025-09-11,-0.000509059174,0.000000000000,-0.433883739118,-0.900968867902,-0.941758934099,-0.336288730177
2025-09-12,0.000000000000,0.000000000000,-0.974927912182,-0.222520933956,-0.947404289244,-0.320039236223
2025-09-13,0.000000000000,0.000000000000,-0.781831482468,0.623489801859,-0.952769292217,-0.303695037511
2025-09-14,0.000000000000,0.000000000000,0.000000000000,1.000000000000,-0.957852355428,-0.287260970551
2025-09-15,-0.007153806105,0.000000000000,0.781831482468,0.623489801859,-0.962651974716,-0.270741898448
2025-09-16,-0.002567392991,0.000000000000,0.974927912182,-0.222520933956,-0.967166729798,-0.254142709461
2025-09-17,-0.005671599117,0.000000000000,0.433883739118,-0.900968867902,-0.971395284684,-0.237468315558
2025-09-18,0.003097597649,0.000000000000,-0.433883739118,-0.900968867902,-0.975336388077,-0.220723650961
2025-09-19,-0.000515620900,0.000000000000,-0.974927912182,-0.222520933956,-0.978988873741,-0.203913670683
2025-09-20,0.000000000000,0.000000000000,-0.781831482468,0.623489801859,-0.982351660847,-0.187043349070
2025-09-21,0.000000000000,0.000000000000,0.000000000000,1.000000000000,-0.985423754292,-0.170117678320
2025-09-22,-0.007766016540,0.000000000000,0.781831482468,0.623489801859,-0.988204244994,-0.153141667013
2025-09-23,-0.000779935292,0.000000000000,0.974927912182,-0.222520933956,-0.990692310162,-0.136120338623
2025-09-24,0.003375314467,0.000000000000,0.433883739118,-0.900968867902,-0.992887213536,-0.119058730034
2025-09-25,0.006459099359,0.000000000000,-0.433883739118,-0.900968867902,-0.994788305609,-0.101961890052
2025-09-26,-0.005940867925,0.000000000000,-0.974927912182,-0.222520933956,-0.996395023819,-0.084834877906
2025-09-27,0.000000000000,0.000000000000,-0.781831482468,0.623489801859,-0.997706892710,-0.067682761755
2025-09-28,0.000000000000,0.000000000000,0.000000000000,1.000000000000,-0.998723524080,-0.050510617185
2025-09-29,0.000776905660,0.000000000000,0.781831482468,0.623489801859,-0.999444617092,-0.033323525712
2025-09-30,-0.004670451561,0.000000000000,0.974927912182,-0.222520933956,-0.999869958362,-0.016126573271
2025-10-01,0.000000000000,0.000000000000,0.433883739118,-0.900968867902,-0.999999422025,0.001075151283
2025-10-02,0.000779935292,0.000000000000,-0.433883739118,-0.900968867902,-0.999832969770,0.018276557682
2025-10-03,0.002595379175,0.000000000000,-0.974927912182,-0.222520933956,-0.999370650854,0.035472555753
2025-10-04,0.000000000000,0.000000000000,-0.781831482468,0.623489801859,-0.998612602084,0.052658056925
2025-10-05,0.000000000000,0.000000000000,0.000000000000,1.000000000000,-0.997559047779,0.069827975730
2025-10-06,0.000518231434,0.000000000000,0.781831482468,0.623489801859,-0.996210299702,0.086977231314
2025-10-07,-0.004413861592,0.000000000000,0.974927912182,-0.222520933956,-0.994566756971,0.104100748935
2025-10-08,0.000000000000,0.000000000000,0.433883739118,-0.900968867902,-0.992628905935,0.121193461471
2025-10-09,0.002598751630,0.000000000000,-0.433883739118,-0.900968867902,-0.990397320035,0.138250310911
2025-10-10,0.000000000000,0.000000000000,-0.974927912182,-0.222520933956,-0.987872659635,0.155266249860
2025-10-11,0.000000000000,0.000000000000,-0.781831482468,0.623489801859,-0.985055671822,0.172236243028
2025-10-12,0.000000000000,0.000000000000,0.000000000000,1.000000000000,-0.981947190187,0.189155268720
2025-10-13,0.000000000000,0.000000000000,0.781831482468,0.623489801859,-0.978548134580,0.206018320325
2025-10-14,0.000000000000,0.000000000000,0.974927912182,-0.222520933956,-0.974859510837,0.222820407795
2025-10-15,0.001296878528,0.000000000000,0.433883739118,-0.900968867902,-0.970882410481,0.239556559121
2025-10-16,-0.001296878528,0.000000000000,-0.433883739118,-0.900968867902,-0.966618010400,0.256221821807
2025-10-17,-0.005465181750,0.000000000000,-0.974927912182,-0.222520933956,-0.962067572498,0.272811264334
2025-10-18,0.000000000000,0.000000000000,-0.781831482468,0.623489801859,-0.957232443323,0.289319977619
2025-10-19,0.000000000000,0.000000000000,0.000000000000,1.000000000000,-0.952114053668,0.305743076467
2025-10-20,-0.008912226586,0.000000000000,0.781831482468,0.623489801859,-0.946713918146,0.322075701021
2025-10-21,-0.003428728436,0.000000000000,0.974927912182,-0.222520933956,-0.941033634745,0.338313018192
2025-10-22,0.000792293955,0.000000000000,0.433883739118,-0.900968867902,-0.935074884352,0.354450223099
2025-10-23,0.000000000000,0.000000000000,-0.433883739118,-0.900968867902,-0.928839430256,0.370482540482
2025-10-24,-0.006621688869,0.000000000000,-0.974927912182,-0.222520933956,-0.922329117629,0.386405226121
2025-10-25,0.000000000000,0.000000000000,-0.781831482468,0.623489801859,-0.915545872978,0.402213568237
2025-10-26,0.000000000000,0.000000000000,0.000000000000,1.000000000000,-0.908491703573,0.417902888887
2025-10-27,-0.012030642795,0.000000000000,0.781831482468,0.623489801859,-0.901168696856,0.433468545349
2025-10-28,0.000537804119,0.000000000000,0.974927912182,-0.222520933956,-0.893579019824,0.448905931494
2025-10-29,0.002684562793,0.000000000000,0.433883739118,-0.900968867902,-0.885724918384,0.464210479152
2025-10-30,0.007212519700,0.000000000000,-0.433883739118,-0.900968867902,-0.877608716690,0.479377659461
2025-10-31,-0.010434886612,0.000000000000,-0.974927912182,-0.222520933956,-0.869232816457,0.494402984208
2025-11-01,0.000000000000,0.000000000000,-0.781831482468,0.623489801859,-0.860599696250,0.509282007157
2025-11-02,0.000000000000,0.000000000000,0.000000000000,1.000000000000,-0.851711910747,0.524010325368
2025-11-03,0.017331471777,0.000000000000,0.781831482468,0.623489801859,-0.842572089987,0.538583580492
2025-11-04,0.002639914547,0.000000000000,0.974927912182,-0.222520933956,-0.833182938589,0.552997460070
2025-11-05,-0.001319054660,0.000000000000,0.433883739118,-0.900968867902,-0.823547234956,0.567247698803
2025-11-06,-0.006621688869,0.000000000000,-0.433883739118,-0.900968867902,-0.813667830446,0.581330079815
2025-11-07,-0.001595756184,0.000000000000,-0.974927912182,-0.222520933956,-0.803547648534,0.595240435904
2025-11-08,0.000000000000,0.000000000000,-0.781831482468,0.623489801859,-0.793189683945,0.608974650772
2025-11-09,0.000000000000,0.000000000000,0.000000000000,1.000000000000,-0.782597001768,0.622528660243
2025-11-10,0.006896585165,0.000000000000,0.781831482468,0.623489801859,-0.771772736547,0.635898453468
2025-11-11,0.000000000000,0.000000000000,0.974927912182,-0.222520933956,-0.760720091356,0.649080074110
2025-11-12,-0.001322543759,0.000000000000,0.433883739118,-0.900968867902,-0.749442336852,0.662069621515
2025-11-13,0.003962458305,0.000000000000,-0.433883739118,-0.900968867902,-0.737942810303,0.674863251868
2025-11-14,-0.001319054660,0.000000000000,-0.974927912182,-0.222520933956,-0.726224914604,0.687457179327
2025-11-15,0.000000000000,0.000000000000,-0.781831482468,0.623489801859,-0.714292117269,0.699847677146
2025-11-16,0.000000000000,0.000000000000,0.000000000000,1.000000000000,-0.702147949405,0.712031078779
2025-11-17,-0.004232819029,0.000000000000,0.781831482468,0.623489801859,-0.689796004666,0.724003778959
2025-11-18,0.000000000000,0.000000000000,0.974927912182,-0.222520933956,-0.677239938191,0.735762234774
2025-11-19,0.000000000000,0.000000000000,0.433883739118,-0.900968867902,-0.664483465523,0.747302966705
2025-11-20,0.000795023472,0.000000000000,-0.433883739118,-0.900968867902,-0.651530361507,0.758622559666
2025-11-21,-0.009314793988,0.000000000000,-0.974927912182,-0.222520933956,-0.638384459175,0.769717664007
2025-11-22,0.000000000000,0.000000000000,-0.781831482468,0.623489801859,-0.625049648610,0.780584996507
2025-11-23,0.000000000000,0.000000000000,0.000000000000,1.000000000000,-0.611529875799,0.791221341348
2025-11-24,-0.002677375207,0.000000000000,0.781831482468,0.623489801859,-0.597829141459,0.801623551065
2025-11-25,0.000536074370,0.000000000000,0.974927912182,-0.222520933956,-0.583951499858,0.811788547476
2025-11-26,0.005611212605,0.000000000000,0.433883739118,-0.900968867902,-0.569901057613,0.821713322596
2025-11-27,0.000000000000,0.000000000000,-0.433883739118,-0.900968867902,-0.555681972476,0.831394939523
2025-11-28,-0.015033838566,0.000000000000,-0.974927912182,-0.222520933956,-0.541298452104,0.840830533312
2025-11-29,0.000000000000,0.000000000000,-0.781831482468,0.623489801859,-0.526754752811,0.850017311819
2025-11-30,0.000000000000,0.000000000000,0.000000000000,1.000000000000,-0.512055178311,0.858952556527
2025-12-01,-0.001082530131,0.000000000000,0.781831482468,0.623489801859,-0.497204078447,0.867633623355
2025-12-02,-0.005702702987,0.000000000000,0.974927912182,-0.222520933956,-0.482205847896,0.876057943434
2025-12-03,-0.010127345697,0.000000000000,0.433883739118,-0.900968867902,-0.467064924877,0.884223023874
2025-12-04,-0.006347475976,0.000000000000,-0.433883739118,-0.900968867902,-0.451785789833,0.892126448495
2025-12-05,-0.002494821266,0.000000000000,-0.974927912182,-0.222520933956,-0.436372964105,0.899765878548
2025-12-06,0.000000000000,0.000000000000,-0.781831482468,0.623489801859,-0.420831008596,0.907139053401
2025-12-07,0.000000000000,0.000000000000,0.000000000000,1.000000000000,-0.405164522421,0.914243791213
2025-12-08,0.004154584288,0.000000000000,0.781831482468,0.623489801859,-0.389378141545,0.921077989579
2025-12-09,0.003862056929,0.000000000000,0.974927912182,-0.222520933956,-0.373476537413,0.927639626149
2025-12-10,-0.010795962254,0.000000000000,0.433883739118,-0.900968867902,-0.357464415565,0.933926759229
2025-12-11,-0.006982253447,0.000000000000,-0.433883739118,-0.900968867902,-0.341346514245,0.939937528356
2025-12-12,-0.012124773316,0.000000000000,-0.974927912182,-0.222520933956,-0.325127603000,0.945670154847
2025-12-13,0.000000000000,0.000000000000,-0.781831482468,0.623489801859,-0.308812481266,0.951122942324
2025-12-14,0.000000000000,0.000000000000,0.000000000000,1.000000000000,-0.292405976951,0.956294277220
2025-12-15,0.003681162609,0.000000000000,0.781831482468,0.623489801859,-0.275912945003,0.961182629254
2025-12-16,0.001976555578,0.000000000000,0.974927912182,-0.222520933956,-0.259338265975,0.965786551884
2025-12-17,-0.000564360467,0.000000000000,0.433883739118,-0.900968867902,-0.242686844583,0.970104682736
2025-12-18,-0.005944789844,0.000000000000,-0.433883739118,-0.900968867902,-0.225963608248,0.974135744005
2025-12-19,0.000000000000,0.000000000000,-0.974927912182,-0.222520933956,-0.209173505646,0.977878542834
2025-12-20,0.000000000000,0.000000000000,-0.781831482468,0.623489801859,-0.192321505239,0.981331971670
2025-12-21,0.000000000000,0.000000000000,0.000000000000,1.000000000000,-0.175412593804,0.984495008588
2025-12-22,0.001702139929,0.000000000000,0.781831482468,0.623489801859,-0.158451774961,0.987366717594
2025-12-23,0.005370985310,0.000000000000,0.974927912182,-0.222520933956,-0.141444067688,0.989946248902
2025-12-24,0.002252925601,0.000000000000,0.433883739118,-0.900968867902,-0.124394504840,0.992232839189
2025-12-25,0.000000000000,0.000000000000,-0.433883739118,-0.900968867902,-0.107308131656,0.994225811816
2025-12-26,-0.003381260995,0.000000000000,-0.974927912182,-0.222520933956,-0.090190004270,0.995924577029
2025-12-27,0.000000000000,0.000000000000,-0.781831482468,0.623489801859,-0.073045188211,0.997328632136
2025-12-28,0.000000000000,0.000000000000,0.000000000000,1.000000000000,-0.055878756905,0.998437561657
2025-12-29,-0.001412195111,0.000000000000,0.781831482468,0.623489801859,-0.038695790177,0.999251037439
2025-12-30,0.000565090442,0.000000000000,0.974927912182,-0.222520933956,-0.021501372741,0.999768818763
2025-12-31,0.001975440063,0.000000000000,0.433883739118,-0.900968867902,-0.004300592703,0.999990752408
2026-01-01,0.000000000000,0.000000000000,-0.433883739118,-0.900968867902,0.017201575418,0.999852041956
2026-01-02,-0.003954790215,0.000000000000,-0.974927912182,-0.222520933956,0.034398060614,0.999408211606
2026-01-03,0.000000000000,0.000000000000,-0.781831482468,0.623489801859,0.051584366869,0.998668640288
2026-01-04,0.000000000000,0.000000000000,0.000000000000,1.000000000000,0.068755408481,0.997633546852
2026-01-05,-0.005107811110,0.000000000000,0.781831482468,0.623489801859,0.085906104261,0.996303237599
2026-01-06,0.001421429084,0.000000000000,0.974927912182,-0.222520933956,0.103031379043,0.994678106189
2026-01-07,-0.001421429084,0.000000000000,0.433883739118,-0.900968867902,0.120126165182,0.992758633525
2026-01-08,-0.002278592651,0.000000000000,-0.433883739118,-0.900968867902,0.137185404057,0.990545387609
2026-01-09,0.001709414085,0.000000000000,-0.974927912182,-0.222520933956,0.154204047563,0.988039023377
2026-01-10,0.000000000000,0.000000000000,-0.781831482468,0.623489801859,0.171177059610,0.985240282501
2026-01-11,0.000000000000,0.000000000000,0.000000000000,1.000000000000,0.188099417612,0.982149993175
2026-01-12,0.005676989676,0.000000000000,0.781831482468,0.623489801859,0.204966113969,0.978769069865
2026-01-13,0.007613162573,0.000000000000,0.974927912182,-0.222520933956,0.221772157556,0.975098513040
2026-01-14,0.000000000000,0.000000000000,0.433883739118,-0.900968867902,0.238512575194,0.971139408877
2026-01-15,0.001403541126,0.000000000000,-0.433883739118,-0.900968867902,0.255182413123,0.966892928939
2026-01-16,-0.002246598936,0.000000000000,-0.974927912182,-0.222520933956,0.271776738471,0.962360329828
2026-01-17,0.000000000000,0.000000000000,-0.781831482468,0.623489801859,0.288290640710,0.957542952812
2026-01-18,0.000000000000,0.000000000000,0.000000000000,1.000000000000,0.304719233109,0.952442223431
2026-01-19,0.000000000000,0.000000000000,0.781831482468,0.623489801859,0.321057654185,0.947059651072
2026-01-20,0.004208199509,0.000000000000,0.974927912182,-0.222520933956,0.337301069136,0.941396828526
2026-01-21,0.004469290186,0.000000000000,0.433883739118,-0.900968867902,0.353444671274,0.935455431513
2026-01-22,0.000000000000,0.000000000000,-0.433883739118,-0.900968867902,0.369483683447,0.929237218188
2026-01-23,-0.001673652245,0.000000000000,-0.974927912182,-0.222520933956,0.385413359454,0.922744028620
2026-01-24,0.000000000000,0.000000000000,-0.781831482468,0.623489801859,0.401228985448,0.915977784248
2026-01-25,0.000000000000,0.000000000000,0.000000000000,1.000000000000,0.416925881329,0.908940487314
2026-01-26,-0.001956118947,0.000000000000,0.781831482468,0.623489801859,0.432499402134,0.901634220265
2026-01-27,-0.001399612392,0.000000000000,0.974927912182,-0.222520933956,0.447944939408,0.894061145145
2026-01-28,0.003355731339,0.000000000000,0.433883739118,-0.900968867902,0.463257922567,0.886223502949
2026-01-29,-0.000558529329,0.000000000000,-0.433883739118,-0.900968867902,0.478433820255,0.878123612959
2026-01-30,-0.002237108612,0.000000000000,-0.974927912182,-0.222520933956,0.493468141677,0.869763872065
2026-01-31,0.000000000000,0.000000000000,-0.781831482468,0.623489801859,0.508356437938,0.861146754048
2026-02-01,0.000000000000,0.000000000000,0.000000000000,1.000000000000,0.523094303349,0.852274808852
2026-02-02,0.001678333787,0.000000000000,0.781831482468,0.623489801859,0.537677376741,0.843150661828
2026-02-03,0.003348174315,0.000000000000,0.974927912182,-0.222520933956,0.552101342746,0.833777012959
2026-02-04,0.001391820539,0.000000000000,0.433883739118,-0.900968867902,0.566361933081,0.824156636057
2026-02-05,-0.004739994854,0.000000000000,-0.433883739118,-0.900968867902,0.580454927809,0.814292377947
2026-02-06,0.003348174315,0.000000000000,-0.974927912182,-0.222520933956,0.594376156585,0.804187157621
2026-02-07,0.000000000000,0.000000000000,-0.781831482468,0.623489801859,0.608121499894,0.793843965378
2026-02-08,0.000000000000,0.000000000000,0.000000000000,1.000000000000,0.621686890267,0.783265861934
2026-02-09,0.000835311491,0.000000000000,0.781831482468,0.623489801859,0.635068313487,0.772455977519
2026-02-10,-0.000835311491,0.000000000000,0.974927912182,-0.222520933956,0.648261809776,0.761417510953
2026-02-11,0.002781640379,0.000000000000,0.433883739118,-0.900968867902,0.661263474966,0.750153728696
2026-02-12,-0.000555669660,0.000000000000,-0.433883739118,-0.900968867902,0.674069461655,0.738667963881
2026-02-13,-0.001390659229,0.000000000000,-0.974927912182,-0.222520933956,0.686675980345,0.726963615332
2026-02-14,0.000000000000,0.000000000000,-0.781831482468,0.623489801859,0.699079300566,0.715044146554
2026-02-15,0.000000000000,0.000000000000,0.000000000000,1.000000000000,0.711275751974,0.702913084708
2026-02-16,0.000000000000,0.000000000000,0.781831482468,0.623489801859,0.723261725444,0.690574019572
2026-02-17,0.000000000000,0.000000000000,0.974927912182,-0.222520933956,0.735033674133,0.678030602474
2026-02-18,0.002779321038,0.000000000000,0.433883739118,-0.900968867902,0.746588114532,0.665286545211
2026-02-19,-0.002222811989,0.000000000000,-0.433883739118,-0.900968867902,0.757921627497,0.652345618957
2026-02-20,0.000000000000,0.000000000000,-0.974927912182,-0.222520933956,0.769030859259,0.639211653138
2026-02-21,0.000000000000,0.000000000000,-0.781831482468,0.623489801859,0.779912522417,0.625888534308
2026-02-22,0.000000000000,0.000000000000,0.000000000000,1.000000000000,0.790563396912,0.612380204990
2026-02-23,-0.001949038455,0.000000000000,0.781831482468,0.623489801859,0.800980330978,0.598690662518
2026-02-24,0.000000000000,0.000000000000,0.974927912182,-0.222520933956,0.811160242079,0.584823957846
2026-02-25,0.000000000000,0.000000000000,0.433883739118,-0.900968867902,0.821100117813,0.570784194357
2026-02-26,0.000000000000,0.000000000000,-0.433883739118,-0.900968867902,0.830797016812,0.556575526641
2026-02-27,-0.002790956399,0.000000000000,-0.974927912182,-0.222520933956,0.840248069608,0.542202159273
2026-02-28,0.000000000000,0.000000000000,-0.781831482468,0.623489801859,0.849450479481,0.527668345563
2026-03-01,0.000000000000,0.000000000000,0.000000000000,1.000000000000,0.858401523292,0.512978386299
2026-03-02,0.003348174315,0.000000000000,0.781831482468,0.623489801859,0.867098552281,0.498136628478
2026-03-03,0.001391820539,0.000000000000,0.974927912182,-0.222520933956,0.875538992859,0.483147464015
2026-03-04,0.000000000000,0.000000000000,0.433883739118,-0.900968867902,0.883720347362,0.468015328444
2026-03-05,-0.001949038455,0.000000000000,-0.433883739118,-0.900968867902,0.891640194797,0.452744699607
2026-03-06,-0.005029383584,0.000000000000,-0.974927912182,-0.222520933956,0.899296191553,0.437340096330
2026-03-07,0.000000000000,0.000000000000,-0.781831482468,0.623489801859,0.906686072098,0.421806077083
2026-03-08,0.000000000000,0.000000000000,0.000000000000,1.000000000000,0.913807649647,0.406147238631
2026-03-09,0.006421912990,0.000000000000,0.781831482468,0.623489801859,0.920658816810,0.390368214676
2026-03-10,0.000556509049,0.000000000000,0.974927912182,-0.222520933956,0.927237546218,0.374473674487
2026-03-11,0.001389819840,0.000000000000,0.433883739118,-0.900968867902,0.933541891118,0.358468321512
2026-03-12,0.001387957057,0.000000000000,-0.433883739118,-0.900968867902,0.939569985953,0.342356891995
2026-03-13,-0.000554964908,0.000000000000,-0.974927912182,-0.222520933956,0.945320046913,0.326144153564
2026-03-14,0.000000000000,0.000000000000,-0.781831482468,0.623489801859,0.950790372463,0.309834903832
2026-03-15,0.000000000000,0.000000000000,0.000000000000,1.000000000000,0.955979343844,0.293433968967
2026-03-16,0.000554964908,0.000000000000,0.781831482468,0.623489801859,0.960885425557,0.276946202269
2026-03-17,0.000000000000,0.000000000000,0.974927912182,-0.222520933956,0.965507165814,0.260376482734
2026-03-18,0.001385967258,0.000000000000,0.433883739118,-0.900968867902,0.969843196967,0.243729713610
2026-03-19,0.000553889101,0.000000000000,-0.433883739118,-0.900968867902,0.973892235915,0.227010820941
2026-03-20,0.001659763022,0.000000000000,-0.974927912182,-0.222520933956,0.977653084482,0.210224752119
2026-03-21,0.000000000000,0.000000000000,-0.781831482468,0.623489801859,0.981124629772,0.193376474410
2026-03-22,0.000000000000,0.000000000000,0.000000000000,1.000000000000,0.984305844499,0.176470973492
2026-03-23,-0.001659763022,0.000000000000,0.781831482468,0.623489801859,0.987195787291,0.159513251973
2026-03-24,0.002212361838,0.000000000000,0.974927912182,-0.222520933956,0.989793602967,0.142508327916
2026-03-25,0.000000000000,0.000000000000,0.433883739118,-0.900968867902,0.992098522792,0.125461233353
2026-03-26,0.000000000000,0.000000000000,-0.433883739118,-0.900968867902,0.994109864702,0.108377012792
2026-03-27,-0.003597561104,0.000000000000,-0.974927912182,-0.222520933956,0.995827033510,0.091260721729
2026-03-28,0.000000000000,0.000000000000,-0.781831482468,0.623489801859,0.997249521077,0.074117425151
2026-03-29,0.000000000000,0.000000000000,0.000000000000,1.000000000000,0.998376906467,0.056952196034
2026-03-30,-0.002498283809,0.000000000000,0.781831482468,0.623489801859,0.999208856068,0.039770113846
2026-03-31,0.000555669660,0.000000000000,0.974927912182,-0.222520933956,0.999745123693,0.022576263042
2026-04-01,0.001387957057,0.000000000000,0.433883739118,-0.900968867902,0.999985550651,0.005375731558
2026-04-02,0.000554657092,0.000000000000,-0.433883739118,-0.900968867902,0.999930065796,-0.011826390692
2026-04-03,0.000000000000,0.000000000000,-0.974927912182,-0.222520933956,0.999578685548,-0.029025013322
2026-04-04,0.000000000000,0.000000000000,-0.781831482468,0.623489801859,0.998931513885,-0.046215046984
2026-04-05,0.000000000000,0.000000000000,0.000000000000,1.000000000000,0.997988742316,-0.063391404870
2026-04-06,0.004425952997,0.000000000000,0.781831482468,0.623489801859,0.996750649821,-0.080549004219
2026-04-07,-0.002210527868,0.000000000000,0.974927912182,-0.222520933956,0.995217602774,-0.097682767822
2026-04-08,-0.004158039278,0.000000000000,0.433883739118,-0.900968867902,0.993390054826,-0.114787625522
2026-04-09,-0.003338858295,0.000000000000,-0.433883739118,-0.900968867902,0.991268546779,-0.131858515717
2026-04-10,0.001392529407,0.000000000000,-0.974927912182,-0.222520933956,0.988853706421,-0.148890386856
2026-04-11,0.000000000000,0.000000000000,-0.781831482468,0.623489801859,0.986146248342,-0.165878198935
2026-04-12,0.000000000000,0.000000000000,0.000000000000,1.000000000000,0.983146973722,-0.182816924985
2026-04-13,0.002779321038,0.000000000000,0.781831482468,0.623489801859,0.979856770096,-0.199701552566
2026-04-14,0.002494821266,0.000000000000,0.974927912182,-0.222520933956,0.976276611087,-0.216527085245
2026-04-15,0.000000000000,0.000000000000,0.433883739118,-0.900968867902,0.972407556122,-0.233288544075
2026-04-16,-0.000553889101,0.000000000000,-0.433883739118,-0.900968867902,0.968250750117,-0.249980969073
2026-04-17,-0.002773924314,0.000000000000,-0.974927912182,-0.222520933956,0.963807423137,-0.266599420679
2026-04-18,0.000000000000,0.000000000000,-0.781831482468,0.623489801859,0.959078890034,-0.283138981228
2026-04-19,0.000000000000,0.000000000000,0.000000000000,1.000000000000,0.954066550058,-0.299594756397
2026-04-20,-0.000555669660,0.000000000000,0.781831482468,0.623489801859,0.948771886440,-0.315961876658
2026-04-21,0.000000000000,0.000000000000,0.974927912182,-0.222520933956,0.943196465957,-0.332235498716
2026-04-22,-0.000834150180,0.000000000000,0.433883739118,-0.900968867902,0.937341938464,-0.348410806945
2026-04-23,0.000000000000,0.000000000000,-0.433883739118,-0.900968867902,0.931210036412,-0.364483014810
2026-04-24,-0.000556509049,0.000000000000,-0.974927912182,-0.222520933956,0.924802574329,-0.380447366288
2026-04-25,0.000000000000,0.000000000000,-0.781831482468,0.623489801859,0.918121448284,-0.396299137269
2026-04-26,0.000000000000,0.000000000000,0.000000000000,1.000000000000,0.911168635333,-0.412033636959
2026-04-27,-0.000835311491,0.000000000000,0.781831482468,0.623489801859,0.903946192922,-0.427646209268
2026-04-28,0.000000000000,0.000000000000,0.974927912182,-0.222520933956,0.896456258291,-0.443132234183
2026-04-29,0.000000000000,0.000000000000,0.433883739118,-0.900968867902,0.888701047829,-0.458487129140
2026-04-30,-0.001393693900,0.000000000000,-0.433883739118,-0.900968867902,0.880682856430,-0.473706350380
2026-05-01,-0.002793295208,0.000000000000,-0.974927912182,-0.222520933956,0.872404056805,-0.488785394289
2026-05-02,0.000000000000,0.000000000000,-0.781831482468,0.623489801859,0.863867098784,-0.503719798736
2026-05-03,0.000000000000,0.000000000000,0.000000000000,1.000000000000,0.855074508590,-0.518505144391
2026-05-04,0.004186989108,0.000000000000,0.781831482468,0.623489801859,0.846028888092,-0.533137056032
2026-05-05,0.002781640379,0.000000000000,0.974927912182,-0.222520933956,0.836732914034,-0.547611203840
2026-05-06,0.000000000000,0.000000000000,0.433883739118,-0.900968867902,0.827189337246,-0.561923304683
2026-05-07,-0.000555669660,0.000000000000,-0.433883739118,-0.900968867902,0.817400981825,-0.576069123380
2026-05-08,-0.000834150180,0.000000000000,-0.974927912182,-0.222520933956,0.807370744302,-0.590044473955
2026-05-09,0.000000000000,0.000000000000,-0.781831482468,0.623489801859,0.797101592787,-0.603845220877
2026-05-10,0.000000000000,0.000000000000,0.000000000000,1.000000000000,0.786596566087,-0.617467280284
2026-05-11,0.001389819840,0.000000000000,0.781831482468,0.623489801859,0.775858772807,-0.630906621188
2026-05-12,0.000832992149,0.000000000000,0.974927912182,-0.222520933956,0.764891390434,-0.644159266672
2026-05-13,-0.000832992149,0.000000000000,0.433883739118,-0.900968867902,0.753697664393,-0.657221295066
2026-05-14,-0.003338858295,0.000000000000,-0.433883739118,-0.900968867902,0.742280907087,-0.670088841106
2026-05-15,0.000000000000,0.000000000000,-0.974927912182,-0.222520933956,0.730644496918,-0.682758097076
2026-05-16,0.000000000000,0.000000000000,-0.781831482468,0.623489801859,0.718791877288,-0.695225313941
2026-05-17,0.000000000000,0.000000000000,0.000000000000,1.000000000000,0.706726555578,-0.707486802450
2026-05-18,-0.005589724041,0.000000000000,0.781831482468,0.623489801859,0.694452102109,-0.719538934233
2026-05-19,0.001959952849,0.000000000000,0.974927912182,-0.222520933956,0.681972149090,-0.731378142868
2026-05-20,-0.005047718503,0.000000000000,0.433883739118,-0.900968867902,0.669290389541,-0.743000924944
2026-05-21,0.007003837450,0.000000000000,-0.433883739118,-0.900968867902,0.656410576198,-0.754403841093
2026-05-22,0.000837176261,0.000000000000,-0.974927912182,-0.222520933956,0.643336520404,-0.765583517008
2026-05-23,0.000000000000,0.000000000000,-0.781831482468,0.623489801859,0.630072090984,-0.776536644443
2026-05-24,0.000000000000,0.000000000000,0.000000000000,1.000000000000,0.616621213096,-0.787259982192
2026-05-25,0.000000000000,0.000000000000,0.781831482468,0.623489801859,0.602987867069,-0.797750357046
2026-05-26,-0.000837176261,0.000000000000,0.974927912182,-0.222520933956,0.589176087232,-0.808004664735
2026-05-27,0.000837176261,0.000000000000,0.433883739118,-0.900968867902,0.575189960712,-0.818019870844
2026-05-28,0.001393693900,0.000000000000,-0.433883739118,-0.900968867902,0.561033626228,-0.827793011713
2026-05-29,-0.000557217916,0.000000000000,-0.974927912182,-0.222520933956,0.546711272869,-0.837321195312
2026-05-30,0.000000000000,0.000000000000,-0.781831482468,0.623489801859,0.532227138847,-0.846601602098
2026-05-31,0.000000000000,0.000000000000,0.000000000000,1.000000000000,0.517585510253,-0.855631485849
2026-06-01,0.008879033548,0.000000000000,0.781831482468,0.623489801859,0.502790719779,-0.864408174478
2026-06-02,-0.000552598816,0.000000000000,0.974927912182,-0.222520933956,0.487847145442,-0.872929070821
2026-06-03,0.001380990709,0.000000000000,0.433883739118,-0.900968867902,0.472759209286,-0.881191653407
2026-06-04,-0.000828391892,0.000000000000,-0.433883739118,-0.900968867902,0.457531376074,-0.889193477207
2026-06-05,0.001380294082,0.000000000000,-0.974927912182,-0.222520933956,0.442168151967,-0.896932174351
2026-06-06,0.000000000000,0.000000000000,-0.781831482468,0.623489801859,0.426674083190,-0.904405454834
2026-06-07,0.000000000000,0.000000000000,0.000000000000,1.000000000000,0.411053754687,-0.911611107193
2026-06-08,0.000827249729,0.000000000000,0.781831482468,0.623489801859,0.395311788765,-0.918546999159
2026-06-09,0.001927570326,0.000000000000,0.974927912182,-0.222520933956,0.379452843725,-0.925211078289
2026-06-10,0.000000000000,0.000000000000,0.433883739118,-0.900968867902,0.363481612483,-0.931601372577
2026-06-11,-0.003306722245,0.000000000000,-0.433883739118,-0.900968867902,0.347402821184,-0.937715991030
2026-06-12,-0.001380990709,0.000000000000,-0.974927912182,-0.222520933956,0.331221227802,-0.943553124235
2026-06-13,0.000000000000,0.000000000000,-0.781831482468,0.623489801859,0.314941620729,-0.949111044890
2026-06-14,0.000000000000,0.000000000000,0.000000000000,1.000000000000,0.298568817364,-0.954388108318
2026-06-15,0.000000000000,0.000000000000,0.781831482468,0.623489801859,0.282107662682,-0.959382752949
2026-06-16,0.003311284395,0.000000000000,0.974927912182,-0.222520933956,0.265563027804,-0.964093500789
2026-06-17,0.004672252420,0.000000000000,0.433883739118,-0.900968867902,0.248939808554,-0.968518957851
2026-06-18,0.003011615660,0.000000000000,-0.433883739118,-0.900968867902,0.232242924009,-0.972657814572
2026-06-19,0.000000000000,0.000000000000,-0.974927912182,-0.222520933956,0.215477315047,-0.976508846197
2026-06-20,0.000000000000,0.000000000000,-0.781831482468,0.623489801859,0.198647942880,-0.980070913143
2026-06-21,0.000000000000,0.000000000000,0.000000000000,1.000000000000,0.181759787591,-0.983342961339
2026-06-22,0.005996222438,0.000000000000,0.781831482468,0.623489801859,0.164817846657,-0.986324022532
2026-06-23,0.002713703238,0.000000000000,0.974927912182,-0.222520933956,0.147827133471,-0.989013214578
2026-06-24,0.000000000000,0.000000000000,0.433883739118,-0.900968867902,0.130792675857,-0.991409741702
2026-06-25,-0.002713703238,0.000000000000,-0.433883739118,-0.900968867902,0.113719514586,-0.993512894734
2026-06-26,-0.004630257365,0.000000000000,-0.974927912182,-0.222520933956,0.096612701881,-0.995322051316
2026-06-27,0.000000000000,0.000000000000,-0.781831482468,0.623489801859,0.079477299924,-0.996836676089
2026-06-28,0.000000000000,0.000000000000,0.000000000000,1.000000000000,0.062318379354,-0.998056320853
2026-06-29,0.004630257365,0.000000000000,0.781831482468,0.623489801859,0.045141017774,-0.998980624694
2026-06-30,0.000000000000,0.000000000000,0.974927912182,-0.222520933956,0.027950298240,-0.999609314096
