timestamp,price_log_return,volume_log_change,day_wk_sin,day_wk_cos,day_yr_sin,day_yr_cos
2022-07-02,0.000000000000,0.000000000000,-0.781831482468,0.623489801859,-0.006450864198,-0.999979192959
2022-07-03,0.000000000000,0.000000000000,0.000000000000,1.000000000000,-0.023651127245,-0.999720272966
2022-07-04,0.000000000000,0.000000000000,0.781831482468,0.623489801859,-0.040844391543,-0.999165519661
2022-07-05,-0.020839339150,-0.182321556794,0.974927912182,-0.222520933956,-0.058025569329,-0.998315097203
2022-07-06,-0.015386252486,3.281489417596,0.433883739118,-0.900968867902,-0.075189576415,-0.997169257247
2022-07-07,0.001727712914,0.077817022357,-0.433883739118,-0.900968867902,-0.092331333695,-0.995728338865
2022-07-08,0.001552365510,-1.617491647241,-0.974927912182,-0.222520933956,-0.109445768649,-0.993992768447
2022-07-09,0.000000000000,0.000000000000,-0.781831482468,0.623489801859,-0.126527816839,-0.991963059577
2022-07-10,0.000000000000,0.000000000000,0.000000000000,1.000000000000,-0.143572423412,-0.989639812879
2022-07-11,-0.006108458837,-1.585468722321,0.781831482468,0.623489801859,-0.160574544595,-0.987023715839
2022-07-12,-0.003880322870,1.782948839546,0.974927912182,-0.222520933956,-0.177529149187,-0.984115542601
2022-07-13,0.006305098165,-0.202885535792,0.433883739118,-0.900968867902,-0.194431220048,-0.980916153741
2022-07-14,-0.017274371209,1.251600853315,-0.433883739118,-0.900968867902,-0.211275755582,-0.977426496010
2022-07-15,-0.001232778090,-0.580372358463,-0.974927912182,-0.222520933956,-0.228057771222,-0.973647602054
2022-07-16,0.000000000000,0.000000000000,-0.781831482468,0.623489801859,-0.244772300897,-0.969580590108
2022-07-17,0.000000000000,0.000000000000,0.000000000000,1.000000000000,-0.261414398511,-0.965226663666
2022-07-18,0.003986361714,-1.002295312907,0.781831482468,0.623489801859,-0.277979139399,-0.960587111125
2022-07-19,0.000467974295,1.849791016800,0.974927912182,-0.222520933956,-0.294461621787,-0.955663305403
2022-07-20,-0.006159280361,-2.554323519585,0.433883739118,-0.900968867902,-0.310856968244,-0.950456703535
2022-07-21,0.007736953993,0.339738434408,-0.433883739118,-0.900968867902,-0.327160327122,-0.944968846236
2022-07-22,0.008372643085,-1.087801372564,-0.974927912182,-0.222520933956,-0.343366873996,-0.939201357453
2022-07-23,0.000000000000,0.000000000000,-0.781831482468,0.623489801859,-0.359471813088,-0.933155943878
2022-07-24,0.000000000000,0.000000000000,0.000000000000,1.000000000000,-0.375470378688,-0.926834394446
2022-07-25,-0.004700960831,0.092373320131,0.781831482468,0.623489801859,-0.391357836561,-0.920238579805
2022-07-26,-0.000756568166,-3.526360524616,0.974927912182,-0.222520933956,-0.407129485354,-0.913370451764
2022-07-27,0.000814725629,11.190417275633,0.433883739118,-0.900968867902,-0.422780657983,-0.906232042711
2022-07-28,0.017986345848,-1.358506286586,-0.433883739118,-0.900968867902,-0.438306723013,-0.898825465016
2022-07-29,0.007172964447,-2.368547943527,-0.974927912182,-0.222520933956,-0.453703086031,-0.891152910406
2022-07-30,0.000000000000,0.000000000000,-0.781831482468,0.623489801859,-0.468965191008,-0.883216649313
2022-07-31,0.000000000000,0.000000000000,0.000000000000,1.000000000000,-0.484088521639,-0.875019030203
2022-08-01,0.003454221019,-1.596894988587,0.781831482468,0.623489801859,-0.499068602689,-0.866562478885
2022-08-02,0.001186393518,0.424174727765,0.974927912182,-0.222520933956,-0.513901001309,-0.857849497787
2022-08-03,-0.007424009433,-0.992325418150,0.433883739118,-0.900968867902,-0.528581328356,-0.848882665221
2022-08-04,0.017200480454,-0.335472736288,-0.433883739118,-0.900968867902,-0.543105239683,-0.839664634618
2022-08-05,-0.008760642024,0.814807692963,-0.974927912182,-0.222520933956,-0.557468437433,-0.830198133741
2022-08-06,0.000000000000,0.000000000000,-0.781831482468,0.623489801859,-0.571666671303,-0.820485963879
2022-08-07,0.000000000000,0.000000000000,0.000000000000,1.000000000000,-0.585695739807,-0.810530999019
2022-08-08,0.007809700130,-1.618769239863,0.781831482468,0.623489801859,-0.599551491520,-0.800336184998
2022-08-09,0.004021425814,0.669430653943,0.974927912182,-0.222520933956,-0.613229826300,-0.789904538622
2022-08-10,0.000891450692,0.878796527447,0.433883739118,-0.900968867902,-0.626726696508,-0.779239146786
2022-08-11,-0.003291233571,0.719378192709,-0.433883739118,-0.900968867902,-0.640038108204,-0.768343165549
2022-08-12,0.004960590166,-1.883193675188,-0.974927912182,-0.222520933956,-0.653160122327,-0.757219819208
2022-08-13,0.000000000000,0.000000000000,-0.781831482468,0.623489801859,-0.666088855861,-0.745872399340
2022-08-14,0.000000000000,0.000000000000,0.000000000000,1.000000000000,-0.678820482986,-0.734304263830
2022-08-15,-0.009608985204,-1.062054692934,0.781831482468,0.623489801859,-0.691351236209,-0.722518835873
2022-08-16,-0.004613789369,1.558954007002,0.974927912182,-0.222520933956,-0.703677407479,-0.710519602969
2022-08-17,-0.007301519544,-2.555287446550,0.433883739118,-0.900968867902,-0.715795349283,-0.698310115884
2022-08-18,-0.002844466511,2.596497715196,-0.433883739118,-0.900968867902,-0.727701475726,-0.685893987600
2022-08-19,-0.004396406173,-1.862528540116,-0.974927912182,-0.222520933956,-0.739392263596,-0.673274892250
2022-08-20,0.000000000000,0.000000000000,-0.781831482468,0.623489801859,-0.750864253399,-0.660456564028
2022-08-21,0.000000000000,0.000000000000,0.000000000000,1.000000000000,-0.762114050389,-0.647442796083
2022-08-22,-0.007812525767,1.940179474346,0.781831482468,0.623489801859,-0.773138325571,-0.634237439398
2022-08-23,0.007354692224,0.382208245944,0.974927912182,-0.222520933956,-0.783933816683,-0.620844401651
2022-08-24,0.000572311566,-0.997968762888,0.433883739118,-0.900968867902,-0.794497329167,-0.607267646057
2022-08-25,0.005648226309,-0.083150368332,-0.433883739118,-0.900968867902,-0.804825737108,-0.593511190196
2022-08-26,-0.012364904254,0.159914384544,-0.974927912182,-0.222520933956,-0.814915984166,-0.579579104826
2022-08-27,0.000000000000,0.000000000000,-0.781831482468,0.623489801859,-0.824765084473,-0.565475512674
2022-08-28,0.000000000000,0.000000000000,0.000000000000,1.000000000000,-0.834370123523,-0.551204587220
2022-08-29,0.000287960383,1.544308083504,0.781831482468,0.623489801859,-0.843728259029,-0.536770551461
2022-08-30,-0.007746165502,-0.901676693081,0.974927912182,-0.222520933956,-0.852836721769,-0.522177676660
2022-08-31,-0.006053512283,1.709916062397,0.433883739118,-0.900968867902,-0.861692816403,-0.507430281083
2022-09-01,-0.009503252800,-1.137795514239,-0.433883739118,-0.900968867902,-0.870293922269,-0.492532728722
2022-09-02,0.007750199166,-1.318471764781,-0.974927912182,-0.222520933956,-0.878637494161,-0.477489428003
2022-09-03,0.000000000000,0.000000000000,-0.781831482468,0.623489801859,-0.886721063083,-0.462304830480
2022-09-04,0.000000000000,0.000000000000,0.000000000000,1.000000000000,-0.894542236976,-0.446983429520
2022-09-05,0.000000000000,0.000000000000,0.781831482468,0.623489801859,-0.902098701430,-0.431529758971
2022-09-06,-0.005512901307,1.338732949921,0.974927912182,-0.222520933956,-0.909388220365,-0.415948391825
2022-09-07,0.008724489040,-0.068174540836,0.433883739118,-0.900968867902,-0.916408636694,-0.400243938857
2022-09-08,-0.004264925533,0.605019732026,-0.433883739118,-0.900968867902,-0.923157872965,-0.384421047269
2022-09-09,0.004789420573,-0.629865730612,-0.974927912182,-0.222520933956,-0.929633931968,-0.368484399308
2022-09-10,0.000000000000,0.000000000000,-0.781831482468,0.623489801859,-0.935834897335,-0.352438710885
2022-09-11,0.000000000000,0.000000000000,0.000000000000,1.000000000000,-0.941758934099,-0.336288730177
2022-09-12,0.006910009011,-2.221092058743,0.781831482468,0.623489801859,-0.947404289244,-0.320039236223
2022-09-13,-0.013457414215,1.836631223405,0.974927912182,-0.222520933956,-0.952769292217,-0.303695037511
2022-09-14,-0.004997805493,0.207783696163,0.433883739118,-0.900968867902,-0.957852355428,-0.287260970551
2022-09-15,-0.018501955763,0.747905384534,-0.433883739118,-0.900968867902,-0.962651974716,-0.270741898448
2022-09-16,0.003775694039,-0.884389403112,-0.974927912182,-0.222520933956,-0.967166729798,-0.254142709461
2022-09-17,0.000000000000,0.000000000000,-0.781831482468,0.623489801859,-0.971395284684,-0.237468315558
2022-09-18,0.000000000000,0.000000000000,0.000000000000,1.000000000000,-0.975336388077,-0.220723650961
2022-09-19,-0.003295488264,0.222713351265,0.781831482468,0.623489801859,-0.978988873741,-0.203913670683
2022-09-20,-0.003908721529,1.583634528260,0.974927912182,-0.222520933956,-0.982351660847,-0.187043349070
2022-09-21,0.002948005939,-0.191334143080,0.433883739118,-0.900968867902,-0.985423754292,-0.170117678320
2022-09-22,0.003717743202,-0.875639838389,-0.433883739118,-0.900968867902,-0.988204244994,-0.153141667013
2022-09-23,-0.015379814777,0.229284819336,-0.974927912182,-0.222520933956,-0.990692310162,-0.136120338623
2022-09-24,0.000000000000,0.000000000000,-0.781831482468,0.623489801859,-0.992887213536,-0.119058730034
2022-09-25,0.000000000000,0.000000000000,0.000000000000,1.000000000000,-0.994788305609,-0.101961890052
2022-09-26,-0.013461623674,-0.015631745692,0.781831482468,0.623489801859,-0.996395023819,-0.084834877906
2022-09-27,0.002092248359,-0.304967141773,0.974927912182,-0.222520933956,-0.997706892710,-0.067682761755
2022-09-28,0.020505159127,3.025214626118,0.433883739118,-0.900968867902,-0.998723524080,-0.050510617185
2022-09-29,-0.001144972495,-1.110975423143,-0.433883739118,-0.900968867902,-0.999444617092,-0.033323525712
2022-09-30,0.002348776644,-2.396237996980,-0.974927912182,-0.222520933956,-0.999869958362,-0.016126573271
2022-10-01,0.000000000000,0.000000000000,-0.781831482468,0.623489801859,-0.999999422025,0.001075151283
2022-10-02,0.000000000000,0.000000000000,0.000000000000,1.000000000000,-0.999832969770,0.018276557682
2022-10-03,0.018180693034,-0.289505227013,0.781831482468,0.623489801859,-0.999370650854,0.035472555753
2022-10-04,0.016520558026,-0.341839412228,0.974927912182,-0.222520933956,-0.998612602084,0.052658056925
2022-10-05,-0.005651843841,0.361117117654,0.433883739118,-0.900968867902,-0.997559047779,0.069827975730
2022-10-06,0.000175236926,-1.140031119971,-0.433883739118,-0.900968867902,-0.996210299702,0.086977231314
2022-10-07,-0.006564674728,0.295117050939,-0.974927912182,-0.222520933956,-0.994566756971,0.104100748935
2022-10-08,0.000000000000,0.000000000000,-0.781831482468,0.623489801859,-0.992628905935,0.121193461471
2022-10-09,0.000000000000,0.000000000000,0.000000000000,1.000000000000,-0.990397320035,0.138250310911
2022-10-10,-0.019716744595,0.085157808340,0.781831482468,0.623489801859,-0.987872659635,0.155266249860
2022-10-11,0.006814074389,-0.154150679827,0.974927912182,-0.222520933956,-0.985055671822,0.172236243028
2022-10-12,-0.005016375012,-0.113328685307,0.433883739118,-0.900968867902,-0.981947190187,0.189155268720
2022-10-13,-0.000179653818,1.582409240046,-0.433883739118,-0.900968867902,-0.978548134580,0.206018320325
2022-10-14,-0.017091365853,-2.174203926346,-0.974927912182,-0.222520933956,-0.974859510837,0.222820407795
2022-10-15,0.000000000000,0.000000000000,-0.781831482468,0.623489801859,-0.970882410481,0.239556559121
2022-10-16,0.000000000000,0.000000000000,0.000000000000,1.000000000000,-0.966618010400,0.256221821807
2022-10-17,0.009276477869,1.057622944135,0.781831482468,0.623489801859,-0.962067572498,0.272811264334
2022-10-18,-0.004839694867,0.917127202019,0.974927912182,-0.222520933956,-0.957232443323,0.289319977619
2022-10-19,-0.013123948477,-1.950939497460,0.433883739118,-0.900968867902,-0.952114053668,0.305743076467
2022-10-20,0.002025626804,1.726959476001,-0.433883739118,-0.900968867902,-0.946713918146,0.322075701021
2022-10-21,0.012310443034,-0.753510330287,-0.974927912182,-0.222520933956,-0.941033634745,0.338313018192
2022-10-22,0.000000000000,0.000000000000,-0.781831482468,0.623489801859,-0.935074884352,0.354450223099
2022-10-23,0.000000000000,0.000000000000,0.000000000000,1.000000000000,-0.928839430256,0.370482540482
2022-10-24,-0.001394095969,-2.014903020542,0.781831482468,0.623489801859,-0.922329117629,0.386405226121
2022-10-25,0.002483779957,3.379860244274,0.974927912182,-0.222520933956,-0.915545872978,0.402213568237
2022-10-26,0.006753493473,-2.281247955606,0.433883739118,-0.900968867902,-0.908491703573,0.417902888887
2022-10-27,-0.001985171571,3.240419854433,-0.433883739118,-0.900968867902,-0.901168696856,0.433468545349
2022-10-28,-0.012786876071,-1.299282984130,-0.974927912182,-0.222520933956,-0.893579019824,0.448905931494
2022-10-29,0.000000000000,0.000000000000,-0.781831482468,0.623489801859,-0.885724918384,0.464210479152
2022-10-30,0.000000000000,0.000000000000,0.000000000000,1.000000000000,-0.877608716690,0.479377659461
2022-10-31,-0.002259168216,-0.181365076568,0.781831482468,0.623489801859,-0.869232816457,0.494402984208
2022-11-01,0.005547257675,0.634074890538,0.974927912182,-0.222520933956,-0.860599696250,0.509282007157
2022-11-02,0.000425411732,-0.475291418666,0.433883739118,-0.900968867902,-0.851711910747,0.524010325368
2022-11-03,-0.011243566259,0.845665206963,-0.433883739118,-0.900968867902,-0.842572089987,0.538583580492
2022-11-04,0.027397283330,-2.188856327666,-0.974927912182,-0.222520933956,-0.833182938589,0.552997460070
2022-11-05,0.000000000000,0.000000000000,-0.781831482468,0.623489801859,-0.823547234956,0.567247698803
2022-11-06,0.000000000000,0.000000000000,0.000000000000,1.000000000000,-0.813667830446,0.581330079815
2022-11-07,0.002388773904,-1.313973699540,0.781831482468,0.623489801859,-0.803547648534,0.595240435904
2022-11-08,0.021012386045,-0.583146285346,0.974927912182,-0.222520933956,-0.793189683945,0.608974650772
2022-11-09,-0.001168838908,3.032546246677,0.433883739118,-0.900968867902,-0.782597001768,0.622528660243
2022-11-10,0.023235395651,-0.423702695658,-0.433883739118,-0.900968867902,-0.771772736547,0.635898453468
2022-11-11,0.008929872470,-0.233937796445,-0.974927912182,-0.222520933956,-0.760720091356,0.649080074110
2022-11-12,0.000000000000,0.000000000000,-0.781831482468,0.623489801859,-0.749442336852,0.662069621515
2022-11-13,0.000000000000,0.000000000000,0.000000000000,1.000000000000,-0.737942810303,0.674863251868
2022-11-14,0.004294263373,0.330362803567,0.781831482468,0.623489801859,-0.726224914604,0.687457179327
2022-11-15,0.000112799933,-1.822879377942,0.974927912182,-0.222520933956,-0.714292117269,0.699847677146
2022-11-16,-0.000451138396,1.656584690860,0.433883739118,-0.900968867902,-0.702147949405,0.712031078779
2022-11-17,-0.006904748131,-2.772588722240,-0.433883739118,-0.900968867902,-0.689796004666,0.724003778959
2022-11-18,-0.005067351765,3.083839541064,-0.974927912182,-0.222520933956,-0.677239938191,0.735762234774
2022-11-19,0.000000000000,0.000000000000,-0.781831482468,0.623489801859,-0.664483465523,0.747302966705
2022-11-20,0.000000000000,0.000000000000,0.000000000000,1.000000000000,-0.651530361507,0.758622559666
2022-11-21,-0.008311170300,0.272507274433,0.781831482468,0.623489801859,-0.638384459175,0.769717664007
2022-11-22,0.000517895339,-3.528197072423,0.974927912182,-0.222520933956,-0.625049648610,0.780584996507
2022-11-23,0.003789609179,0.916290731874,0.433883739118,-0.900968867902,-0.611529875799,0.791221341348
2022-11-24,0.000000000000,0.000000000000,-0.433883739118,-0.900968867902,-0.597829141459,0.801623551065
2022-11-25,0.004802492929,1.691017899427,-0.974927912182,-0.222520933956,-0.583951499858,0.811788547476
2022-11-26,0.000000000000,0.000000000000,-0.781831482468,0.623489801859,-0.569901057613,0.821713322596
2022-11-27,0.000000000000,0.000000000000,0.000000000000,1.000000000000,-0.555681972476,0.831394939523
2022-11-28,-0.007557185534,6.416461169592,0.781831482468,0.623489801859,-0.541298452104,0.840830533312
2022-11-29,0.004758529162,-1.922454273138,0.974927912182,-0.222520933956,-0.526754752811,0.850017311819
2022-11-30,-0.001373640553,-1.760178164024,0.433883739118,-0.900968867902,-0.512055178311,0.858952556527
2022-12-01,0.031070118388,-1.153378356869,-0.433883739118,-0.900968867902,-0.497204078447,0.867633623355
2022-12-02,-0.002891273169,0.493214142542,-0.974927912182,-0.222520933956,-0.482205847896,0.876057943434
2022-12-03,0.000000000000,0.000000000000,-0.781831482468,0.623489801859,-0.467064924877,0.884223023874
2022-12-04,0.000000000000,0.000000000000,0.000000000000,1.000000000000,-0.451785789833,0.892126448495
2022-12-05,-0.015996748722,-0.006976772486,0.781831482468,0.623489801859,-0.436372964105,0.899765878548
2022-12-06,0.001074461819,-2.783146005046,0.974927912182,-0.222520933956,-0.420831008596,0.907139053401
2022-12-07,0.009114472318,1.383933084934,0.433883739118,-0.900968867902,-0.405164522421,0.914243791213
2022-12-08,0.001790583667,0.523510783293,-0.433883739118,-0.900968867902,-0.389378141545,0.921077989579
2022-12-09,0.005241466559,-1.734601055388,-0.974927912182,-0.222520933956,-0.373476537413,0.927639626149
2022-12-10,0.000000000000,0.000000000000,-0.781831482468,0.623489801859,-0.357464415565,0.933926759229
2022-12-11,0.000000000000,0.000000000000,0.000000000000,1.000000000000,-0.341346514245,0.939937528356
2022-12-12,-0.009836314542,-0.381934610698,0.781831482468,0.623489801859,-0.325127603000,0.945670154847
2022-12-13,0.018585013106,0.873528872536,0.974927912182,-0.222520933956,-0.308812481266,0.951122942324
2022-12-14,-0.003534561790,1.652199771772,0.433883739118,-0.900968867902,-0.292405976951,0.956294277220
2022-12-15,-0.016905610446,-0.935070626526,-0.433883739118,-0.900968867902,-0.275912945003,0.961182629254
2022-12-16,0.007176555248,-0.712286520771,-0.974927912182,-0.222520933956,-0.259338265975,0.965786551884
2022-12-17,0.000000000000,0.000000000000,-0.781831482468,0.623489801859,-0.242686844583,0.970104682736
2022-12-18,0.000000000000,0.000000000000,0.000000000000,1.000000000000,-0.225963608248,0.974135744005
2022-12-19,-0.001285769727,-0.950692158591,0.781831482468,0.623489801859,-0.209173505646,0.977878542834
2022-12-20,0.015651375903,-0.430782916092,0.974927912182,-0.222520933956,-0.192321505239,0.981331971670
2022-12-21,0.000000000000,-0.367724780125,0.433883739118,-0.900968867902,-0.175412593804,0.984495008588
2022-12-22,-0.016042989851,2.437504410893,-0.433883739118,-0.900968867902,-0.158451774961,0.987366717594
2022-12-23,0.004968066460,-2.109000343921,-0.974927912182,-0.222520933956,-0.141444067688,0.989946248902
2022-12-24,0.000000000000,0.000000000000,-0.781831482468,0.623489801859,-0.124394504840,0.992232839189
2022-12-25,0.000000000000,0.000000000000,0.000000000000,1.000000000000,-0.107308131656,0.994225811816
2022-12-26,0.000000000000,0.000000000000,0.781831482468,0.623489801859,-0.090190004270,0.995924577029
2022-12-27,0.010468993076,0.336472236621,0.974927912182,-0.222520933956,-0.073045188211,0.997328632136
2022-12-28,-0.003809331503,1.826850789039,0.433883739118,-0.900968867902,-0.055878756905,0.998437561657
2022-12-29,0.006395773860,-0.447724917398,-0.433883739118,-0.900968867902,-0.038695790177,0.999251037439
2022-12-30,0.000109887434,-1.063272922223,-0.974927912182,-0.222520933956,-0.021501372741,0.999768818763
2022-12-31,0.000000000000,0.000000000000,-0.781831482468,0.623489801859,-0.004300592703,0.999990752408
2023-01-01,0.000000000000,0.000000000000,0.000000000000,1.000000000000,0.017201575418,0.999852041956
2023-01-02,0.000000000000,0.000000000000,0.781831482468,0.623489801859,0.034398060614,0.999408211606
2023-01-03,0.010930862804,-1.163150809806,0.974927912182,-0.222520933956,0.051584366869,0.998668640288
2023-01-04,0.007095546442,-0.143100843641,0.433883739118,-0.900968867902,0.068755408481,0.997633546852
2023-01-05,-0.009762524397,-0.039220713153,-0.433883739118,-0.900968867902,0.085906104261,0.996303237599
2023-01-06,0.015896470099,0.076961041136,-0.974927912182,-0.222520933956,0.103031379043,0.994678106189
2023-01-07,0.000000000000,0.000000000000,-0.781831482468,0.623489801859,0.120126165182,0.992758633525
2023-01-08,0.000000000000,0.000000000000,0.000000000000,1.000000000000,0.137185404057,0.990545387609
2023-01-09,0.004549233258,0.847297860387,0.781831482468,0.623489801859,0.154204047563,0.988039023377
2023-01-10,-0.000587546745,0.481838086893,0.974927912182,-0.222520933956,0.171177059610,0.985240282501
2023-01-11,0.001601623341,2.495471559108,0.433883739118,-0.900968867902,0.188099417612,0.982149993175
2023-01-12,0.011087365668,-3.026099810170,-0.433883739118,-0.900968867902,0.204966113969,0.978769069865
2023-01-13,0.012008862043,2.145931282949,-0.974927912182,-0.222520933956,0.221772157556,0.975098513040
2023-01-14,0.000000000000,0.000000000000,-0.781831482468,0.623489801859,0.238512575194,0.971139408877
2023-01-15,0.000000000000,0.000000000000,0.000000000000,1.000000000000,0.255182413123,0.966892928939
2023-01-16,0.000000000000,0.000000000000,0.781831482468,0.623489801859,0.271776738471,0.962360329828
2023-01-17,-0.005855345730,0.320754820726,0.974927912182,-0.222520933956,0.288290640710,0.957542952812
2023-01-18,-0.001469161129,0.374339780119,0.433883739118,-0.900968867902,0.304719233109,0.952442223431
2023-01-19,0.009251314471,-1.016476591742,-0.433883739118,-0.900968867902,0.321057654185,0.947059651072
2023-01-20,0.002234663177,1.286741322137,-0.974927912182,-0.222520933956,0.337301069136,0.941396828526
2023-01-21,0.000000000000,0.000000000000,-0.781831482468,0.623489801859,0.353444671274,0.935455431513
2023-01-22,0.000000000000,0.000000000000,0.000000000000,1.000000000000,0.369483683447,0.929237218188
2023-01-23,0.000363280747,-1.816563446594,0.781831482468,0.623489801859,0.385413359454,0.922744028620
2023-01-24,0.003522432457,-0.080804032415,0.974927912182,-0.222520933956,0.401228985448,0.915977784248
2023-01-25,0.003767611385,-3.228826155721,0.433883739118,-0.900968867902,0.416925881329,0.908940487314
2023-01-26,-0.006252753139,2.803360380907,-0.433883739118,-0.900968867902,0.432499402134,0.901634220265
2023-01-27,-0.000259221821,7.041590602688,-0.974927912182,-0.222520933956,0.447944939408,0.894061145145
2023-01-28,0.000000000000,0.000000000000,-0.781831482468,0.623489801859,0.463257922567,0.886223502949
2023-01-29,0.000000000000,0.000000000000,0.000000000000,1.000000000000,0.478433820255,0.878123612959
2023-01-30,-0.002959862564,-1.712648512051,0.781831482468,0.623489801859,0.493468141677,0.869763872065
2023-01-31,0.003426426125,-2.656362068983,0.974927912182,-0.222520933956,0.508356437938,0.861146754048
2023-02-01,-0.000881420299,0.181361738213,0.433883739118,-0.900968867902,0.523094303349,0.852274808852
2023-02-02,-0.005983212723,-1.118004698936,-0.433883739118,-0.900968867902,0.537677376741,0.843150661828
2023-02-03,-0.028261842554,0.281991680528,-0.974927912182,-0.222520933956,0.552101342746,0.833777012959
2023-02-04,0.000000000000,0.000000000000,-0.781831482468,0.623489801859,0.566361933081,0.824156636057
2023-02-05,0.000000000000,0.000000000000,0.000000000000,1.000000000000,0.580454927809,0.814292377947
2023-02-06,0.001769825234,-0.848641495121,0.781831482468,0.623489801859,0.594376156585,0.804187157621
2023-02-07,0.002942831062,-0.354995682419,0.974927912182,-0.222520933956,0.608121499894,0.793843965378
2023-02-08,0.003040771210,-0.254675775984,0.433883739118,-0.900968867902,0.621686890267,0.783265861934
2023-02-09,-0.005983602272,-0.030771658667,-0.433883739118,-0.900968867902,0.635068313487,0.772455977519
2023-02-10,-0.001823493315,-2.079441541680,-0.974927912182,-0.222520933956,0.648261809776,0.761417510953
2023-02-11,0.000000000000,0.000000000000,-0.781831482468,0.623489801859,0.661263474966,0.750153728696
2023-02-12,0.000000000000,0.000000000000,0.000000000000,1.000000000000,0.674069461655,0.738667963881
2023-02-13,-0.005868606069,3.013431850653,0.781831482468,0.623489801859,0.686675980345,0.726963615332
2023-02-14,0.001133314875,0.142047657656,0.974927912182,-0.222520933956,0.699079300566,0.715044146554
2023-02-15,-0.010737074622,-0.576887374444,0.433883739118,-0.900968867902,0.711275751974,0.702913084708
2023-02-16,0.004243545311,-0.503624872580,-0.433883739118,-0.900968867902,0.723261725444,0.690574019572
2023-02-17,-0.000868985268,-1.823652833004,-0.974927912182,-0.222520933956,0.735033674133,0.678030602474
2023-02-18,0.000000000000,0.000000000000,-0.781831482468,0.623489801859,0.746588114532,0.665286545211
2023-02-19,0.000000000000,0.000000000000,0.000000000000,1.000000000000,0.757921627497,0.652345618957
2023-02-20,0.000000000000,0.000000000000,0.781831482468,0.623489801859,0.769030859259,0.639211653138
2023-02-21,-0.004028983707,3.176895752627,0.974927912182,-0.222520933956,0.779912522417,0.625888534308
2023-02-22,-0.000545702606,-1.129202909262,0.433883739118,-0.900968867902,0.790563396912,0.612380204990
2023-02-23,-0.007671270497,0.045542020447,-0.433883739118,-0.900968867902,0.800980330978,0.598690662518
2023-02-24,-0.005073326779,0.327133264838,-0.974927912182,-0.222520933956,0.811160242079,0.584823957846
2023-02-25,0.000000000000,0.000000000000,-0.781831482468,0.623489801859,0.821100117813,0.570784194357
2023-02-26,0.000000000000,0.000000000000,0.000000000000,1.000000000000,0.830797016812,0.556575526641
2023-02-27,0.004523120438,0.717538633684,0.781831482468,0.623489801859,0.840248069608,0.542202159273
2023-02-28,0.006527917163,-0.293320428106,0.974927912182,-0.222520933956,0.849450479481,0.527668345563
2023-03-01,0.004800056572,-1.071518998013,0.433883739118,-0.900968867902,0.858401523292,0.512978386299
2023-03-02,-0.002288054620,-0.313161157753,-0.433883739118,-0.900968867902,0.867098552281,0.498136628478
2023-03-03,0.007714887423,-0.916290731874,-0.974927912182,-0.222520933956,0.875538992859,0.483147464015
2023-03-04,0.000000000000,0.000000000000,-0.781831482468,0.623489801859,0.883720347362,0.468015328444
2023-03-05,0.000000000000,0.000000000000,0.000000000000,1.000000000000,0.891640194797,0.452744699607
2023-03-06,0.000108276460,-2.335374915817,0.781831482468,0.623489801859,0.899296191553,0.437340096330
2023-03-07,-0.018570635572,4.319707870275,0.974927912182,-0.222520933956,0.906686072098,0.421806077083
2023-03-08,-0.000661817291,-1.780733999216,0.433883739118,-0.900968867902,0.913807649647,0.406147238631
2023-03-09,0.009115987157,1.477409149694,-0.433883739118,-0.900968867902,0.920658816810,0.390368214676
2023-03-10,0.017717772148,-0.290689593516,-0.974927912182,-0.222520933956,0.927237546218,0.374473674487
2023-03-11,0.000000000000,0.000000000000,-0.781831482468,0.623489801859,0.933541891118,0.358468321512
2023-03-12,0.000000000000,0.000000000000,0.000000000000,1.000000000000,0.939569985953,0.342356891995
2023-03-13,0.026341694156,0.705123371607,0.781831482468,0.623489801859,0.945320046913,0.326144153564
2023-03-14,-0.002881167105,-1.540445040947,0.974927912182,-0.222520933956,0.950790372463,0.309834903832
2023-03-15,0.010645072763,1.654694504022,0.433883739118,-0.900968867902,0.955979343844,0.293433968967
2023-03-16,-0.003952561644,-0.357939966245,-0.433883739118,-0.900968867902,0.960885425557,0.276946202269
2023-03-17,0.026127822516,-1.560045157105,-0.974927912182,-0.222520933956,0.965507165814,0.260376482734
2023-03-18,0.000000000000,0.000000000000,-0.781831482468,0.623489801859,0.969843196967,0.243729713610
2023-03-19,0.000000000000,0.000000000000,0.000000000000,1.000000000000,0.973892235915,0.227010820941
2023-03-20,0.004760658444,1.547306131327,0.781831482468,0.623489801859,0.977653084482,0.210224752119
2023-03-21,-0.021036184517,-2.094945728216,0.974927912182,-0.222520933956,0.981124629772,0.193376474410
2023-03-22,0.004530510590,0.060624621816,0.433883739118,-0.900968867902,0.984305844499,0.176470973492
2023-03-23,0.023855366038,-0.405465108108,-0.433883739118,-0.900968867902,0.987195787291,0.159513251973
2023-03-24,-0.005885513692,-0.530628251062,-0.974927912182,-0.222520933956,0.989793602967,0.142508327916
2023-03-25,0.000000000000,0.000000000000,-0.781831482468,0.623489801859,0.992098522792,0.125461233353
2023-03-26,0.000000000000,0.000000000000,0.000000000000,1.000000000000,0.994109864702,0.108377012792
2023-03-27,-0.015097478869,3.781914320081,0.781831482468,0.623489801859,0.995827033510,0.091260721729
2023-03-28,0.010191690210,-3.686604140277,0.974927912182,-0.222520933956,0.997249521077,0.074117425151
2023-03-29,-0.003199215032,8.300438280123,0.433883739118,-0.900968867902,0.998376906467,0.056952196034
2023-03-30,0.007196500324,-2.169211790639,-0.433883739118,-0.900968867902,0.999208856068,0.039770113846
2023-03-31,-0.005722573381,-2.357421164871,-0.974927912182,-0.222520933956,0.999745123693,0.022576263042
2023-04-01,0.000000000000,0.000000000000,-0.781831482468,0.623489801859,0.999985550651,0.005375731558
2023-04-02,0.000000000000,0.000000000000,0.000000000000,1.000000000000,0.999930065796,-0.011826390692
2023-04-03,0.007538817016,-0.260903953370,0.781831482468,0.623489801859,0.999578685548,-0.029025013322
2023-04-04,0.019121386856,0.095556515561,0.974927912182,-0.222520933956,0.998931513885,-0.046215046984
2023-04-05,-0.000643034706,-0.434199127424,0.433883739118,-0.900968867902,0.997988742316,-0.063391404870
2023-04-06,-0.004463407475,-6.265301212738,-0.433883739118,-0.900968867902,0.996750649821,-0.080549004219
2023-04-07,0.000000000000,0.000000000000,-0.974927912182,-0.222520933956,0.995217602774,-0.097682767822
2023-04-08,0.000000000000,0.000000000000,-0.781831482468,0.623489801859,0.993390054826,-0.114787625522
2023-04-09,0.000000000000,0.000000000000,0.000000000000,1.000000000000,0.991268546779,-0.131858515717
2023-04-10,-0.011397298493,6.481577129276,0.781831482468,0.623489801859,0.988853706421,-0.148890386856
2023-04-11,0.007862066660,-2.247470624679,0.974927912182,-0.222520933956,0.986146248342,-0.165878198935
2023-04-12,0.003038065675,0.919185089901,0.433883739118,-0.900968867902,0.983146973722,-0.182816924985
2023-04-13,0.015004488527,1.797523173945,-0.433883739118,-0.900968867902,0.979856770096,-0.199701552566
2023-04-14,-0.019340332102,-0.372953410722,-0.974927912182,-0.222520933956,0.976276611087,-0.216527085245
2023-04-15,0.000000000000,0.000000000000,-0.781831482468,0.623489801859,0.972407556122,-0.233288544075
2023-04-16,0.000000000000,0.000000000000,0.000000000000,1.000000000000,0.968250750117,-0.249980969073
2023-04-17,-0.004003608689,-0.258893243975,0.781831482468,0.623489801859,0.963807423137,-0.266599420679
2023-04-18,0.006597421632,-2.028508672598,0.974927912182,-0.222520933956,0.959078890034,-0.283138981228
2023-04-19,-0.006096093089,-0.163325056103,0.433883739118,-0.900968867902,0.954066550058,-0.299594756397
2023-04-20,0.006195695167,0.978811088855,-0.433883739118,-0.900968867902,0.948771886440,-0.315961876658
2023-04-21,-0.014095679074,-0.215596345679,-0.974927912182,-0.222520933956,0.943196465957,-0.332235498716
2023-04-22,0.000000000000,0.000000000000,-0.781831482468,0.623489801859,0.937341938464,-0.348410806945
2023-04-23,0.000000000000,0.000000000000,0.000000000000,1.000000000000,0.931210036412,-0.364483014810
2023-04-24,0.004837975291,0.093257493487,0.781831482468,0.623489801859,0.924802574329,-0.380447366288
2023-04-25,0.002460408685,0.743241125879,0.974927912182,-0.222520933956,0.918121448284,-0.396299137269
2023-04-26,-0.004171199319,0.696399215946,0.433883739118,-0.900968867902,0.911168635333,-0.412033636959
2023-04-27,0.002112926266,-0.548316232681,-0.433883739118,-0.900968867902,0.903946192922,-0.427646209268
2023-04-28,0.000100477976,-0.844492809460,-0.974927912182,-0.222520933956,0.896456258291,-0.443132234183
2023-04-29,0.000000000000,0.000000000000,-0.781831482468,0.623489801859,0.888701047829,-0.458487129140
2023-04-30,0.000000000000,0.000000000000,0.000000000000,1.000000000000,0.880682856430,-0.473706350380
2023-05-01,-0.003372320383,0.321420212084,0.781831482468,0.623489801859,0.872404056805,-0.488785394289
2023-05-02,0.015459208664,2.196170836459,0.974927912182,-0.222520933956,0.863867098784,-0.503719798736
2023-05-03,0.007074123182,-0.340169098503,0.433883739118,-0.900968867902,0.855074508590,-0.518505144391
2023-05-04,0.009517819252,-0.371600594155,-0.433883739118,-0.900968867902,0.846028888092,-0.533137056032
2023-05-05,-0.015054141437,-2.741914715055,-0.974927912182,-0.222520933956,0.836732914034,-0.547611203840
2023-05-06,0.000000000000,0.000000000000,-0.781831482468,0.623489801859,0.827189337246,-0.561923304683
2023-05-07,0.000000000000,0.000000000000,0.000000000000,1.000000000000,0.817400981825,-0.576069123380
2023-05-08,0.004401928246,-2.708050201102,0.781831482468,0.623489801859,0.807370744302,-0.590044473955
2023-05-09,0.004873807725,4.102643365037,0.974927912182,-0.222520933956,0.797101592787,-0.603845220877
2023-05-10,-0.002803233567,0.028515170308,0.433883739118,-0.900968867902,0.786596566087,-0.617467280284
2023-05-11,-0.007811791440,-1.006593389948,-0.433883739118,-0.900968867902,0.775858772807,-0.630906621188
2023-05-12,-0.000099251055,0.242730684590,-0.974927912182,-0.222520933956,0.764891390434,-0.644159266672
2023-05-13,0.000000000000,0.000000000000,-0.781831482468,0.623489801859,0.753697664393,-0.657221295066
2023-05-14,0.000000000000,0.000000000000,0.000000000000,1.000000000000,0.742280907087,-0.670088841106
2023-05-15,0.001735896282,-3.367295829986,0.781831482468,0.623489801859,0.730644496918,-0.682758097076
2023-05-16,-0.014776614415,2.525728644308,0.974927912182,-0.222520933956,0.718791877288,-0.695225313941
2023-05-17,-0.003880014587,-1.272965675813,0.433883739118,-0.900968867902,0.706726555578,-0.707486802450
2023-05-18,-0.012293130261,0.538996500733,-0.433883739118,-0.900968867902,0.694452102109,-0.719538934233
2023-05-19,0.011282876071,1.494775004114,-0.974927912182,-0.222520933956,0.681972149090,-0.731378142868
2023-05-20,0.000000000000,0.000000000000,-0.781831482468,0.623489801859,0.669290389541,-0.743000924944
2023-05-21,0.000000000000,0.000000000000,0.000000000000,1.000000000000,0.656410576198,-0.754403841093
2023-05-22,-0.001972886611,-2.475604257126,0.781831482468,0.623489801859,0.643336520404,-0.765583517008
2023-05-23,-0.001216064382,-1.504077396776,0.974927912182,-0.222520933956,0.630072090984,-0.776536644443
2023-05-24,-0.004879037635,4.553876891601,0.433883739118,-0.900968867902,0.616621213096,-0.787259982192
2023-05-25,-0.010087426800,-4.553876891601,-0.433883739118,-0.900968867902,0.602987867069,-0.797750357046
2023-05-26,0.000514509176,11.326818753508,-0.974927912182,-0.222520933956,0.589176087232,-0.808004664735
2023-05-27,0.000000000000,0.000000000000,-0.781831482468,0.623489801859,0.575189960712,-0.818019870844
2023-05-28,0.000000000000,0.000000000000,0.000000000000,1.000000000000,0.561033626228,-0.827793011713
2023-05-29,0.000000000000,0.000000000000,0.781831482468,0.623489801859,0.546711272869,-0.837321195312
2023-05-30,0.007124411622,-1.478870338313,0.974927912182,-0.222520933956,0.532227138847,-0.846601602098
2023-05-31,0.003008760462,-1.848269835696,0.433883739118,-0.900968867902,0.517585510253,-0.855631485849
2023-06-01,0.007153928630,-2.071420108295,-0.433883739118,-0.900968867902,0.502790719779,-0.864408174478
2023-06-02,-0.013026835665,-0.743669869984,-0.974927912182,-0.222520933956,0.487847145442,-0.872929070821
2023-06-03,0.000000000000,0.000000000000,-0.781831482468,0.623489801859,0.472759209286,-0.881191653407
2023-06-04,0.000000000000,0.000000000000,0.000000000000,1.000000000000,0.457531376074,-0.889193477207
2023-06-05,0.002864146573,0.693147180560,0.781831482468,0.623489801859,0.442168151967,-0.896932174351
2023-06-06,0.003823121771,-1.464937488439,0.974927912182,-0.222520933956,0.426674083190,-0.904405454834
2023-06-07,-0.011667932951,-0.164303051291,0.433883739118,-0.900968867902,0.411053754687,-0.911611107193
2023-06-08,0.010700777840,1.131402111491,-0.433883739118,-0.900968867902,0.395311788765,-0.918546999159
2023-06-09,-0.000713242906,-2.161021528672,-0.974927912182,-0.222520933956,0.379452843725,-0.925211078289
2023-06-10,0.000000000000,0.000000000000,-0.781831482468,0.623489801859,0.363481612483,-0.931601372577
2023-06-11,0.000000000000,0.000000000000,0.000000000000,1.000000000000,0.347402821184,-0.937715991030
2023-06-12,-0.003522608540,1.449269160281,0.781831482468,0.623489801859,0.331221227802,-0.943553124235
2023-06-13,-0.005487371484,0.479349491664,0.974927912182,-0.222520933956,0.314941620729,-0.949111044890
2023-06-14,0.005487371484,-0.527435678332,0.433883739118,-0.900968867902,0.298568817364,-0.954388108318
2023-06-15,0.001277759463,0.485886675419,-0.433883739118,-0.900968867902,0.282107662682,-0.959382752949
2023-06-16,0.000306407017,-1.011600911678,-0.974927912182,-0.222520933956,0.265563027804,-0.964093500789
2023-06-17,0.000000000000,0.000000000000,-0.781831482468,0.623489801859,0.248939808554,-0.968518957851
2023-06-18,0.000000000000,0.000000000000,0.000000000000,1.000000000000,0.232242924009,-0.972657814572
2023-06-19,0.000000000000,0.000000000000,0.781831482468,0.623489801859,0.215477315047,-0.976508846197
2023-06-20,-0.011762134767,0.480366416281,0.974927912182,-0.222520933956,0.198647942880,-0.980070913143
2023-06-21,-0.001137278423,1.056500803318,0.433883739118,-0.900968867902,0.181759787591,-0.983342961339
2023-06-22,-0.010712581727,-0.852088288710,-0.433883739118,-0.900968867902,0.164817846657,-0.986324022532
2023-06-23,0.003340482534,-0.808831579559,-0.974927912182,-0.222520933956,0.147827133471,-0.989013214578
2023-06-24,0.000000000000,0.000000000000,-0.781831482468,0.623489801859,0.130792675857,-0.991409741702
2023-06-25,0.000000000000,0.000000000000,0.000000000000,1.000000000000,0.113719514586,-0.993512894734
2023-06-26,0.002394076127,-0.386772975096,0.781831482468,0.623489801859,0.096612701881,-0.995322051316
2023-06-27,-0.005055096517,-0.364643113588,0.974927912182,-0.222520933956,0.079477299924,-0.996836676089
2023-06-28,-0.000888561410,2.532108251272,0.433883739118,-0.900968867902,0.062318379354,-0.998056320853
2023-06-29,-0.001622451046,-0.774250333720,-0.433883739118,-0.900968867902,0.045141017774,-0.998980624694
2023-06-30,0.006213645369,0.430438029040,-0.974927912182,-0.222520933956,0.027950298240,-0.999609314096
2023-07-01,0.000000000000,0.000000000000,-0.781831482468,0.623489801859,0.010751307764,-0.999942203020
2023-07-02,0.000000000000,0.000000000000,0.000000000000,1.000000000000,-0.006450864198,-0.999979192959
2023-07-03,0.000312259604,-2.362649333737,0.781831482468,0.623489801859,-0.023651127245,-0.999720272966
2023-07-04,0.000000000000,0.000000000000,0.974927912182,-0.222520933956,-0.040844391543,-0.999165519661
2023-07-05,-0.001093367264,1.530188540780,0.433883739118,-0.900968867902,-0.058025569329,-0.998315097203
2023-07-06,-0.005694461812,-0.861138911799,-0.433883739118,-0.900968867902,-0.075189576415,-0.997169257247
2023-07-07,0.009126768323,-0.279584862219,-0.974927912182,-0.222520933956,-0.092331333695,-0.995728338865
2023-07-08,0.000000000000,0.000000000000,-0.781831482468,0.623489801859,-0.109445768649,-0.993992768447
2023-07-09,0.000000000000,0.000000000000,0.000000000000,1.000000000000,-0.126527816839,-0.991963059577
2023-07-10,-0.000623157055,1.471287573953,0.781831482468,0.623489801859,-0.143572423412,-0.989639812879
2023-07-11,0.003267408839,-0.635577328738,0.974927912182,-0.222520933956,-0.160574544595,-0.987023715839
2023-07-12,0.012810414335,-0.072495502038,0.433883739118,-0.900968867902,-0.177529149187,-0.984115542601
2023-07-13,0.001532410820,-0.086328083488,-0.433883739118,-0.900968867902,-0.194431220048,-0.980916153741
2023-07-14,0.000459278160,-0.250144153133,-0.974927912182,-0.222520933956,-0.211275755582,-0.977426496010
2023-07-15,0.000000000000,0.000000000000,-0.781831482468,0.623489801859,-0.228057771222,-0.973647602054
2023-07-16,0.000000000000,0.000000000000,0.000000000000,1.000000000000,-0.244772300897,-0.969580590108
2023-07-17,-0.003936082358,-1.152679509938,0.781831482468,0.623489801859,-0.261414398511,-0.965226663666
2023-07-18,0.012622280220,1.029619417181,0.974927912182,-0.222520933956,-0.277979139399,-0.960587111125
2023-07-19,0.000151742905,-0.847297860387,0.433883739118,-0.900968867902,-0.294461621787,-0.955663305403
2023-07-20,-0.004663169816,2.876385515921,-0.433883739118,-0.900968867902,-0.310856968244,-0.950456703535
2023-07-21,-0.002034278228,-2.528078821653,-0.974927912182,-0.222520933956,-0.327160327122,-0.944968846236
2023-07-22,0.000000000000,0.000000000000,-0.781831482468,0.623489801859,-0.343366873996,-0.939201357453
2023-07-23,0.000000000000,0.000000000000,0.000000000000,1.000000000000,-0.359471813088,-0.933155943878
2023-07-24,-0.002038424953,-2.833213344056,0.781831482468,0.623489801859,-0.375470378688,-0.926834394446
2023-07-25,0.000917768138,1.897119984886,0.974927912182,-0.222520933956,-0.391357836561,-0.920238579805
2023-07-26,0.003459707764,0.955511445027,0.433883739118,-0.900968867902,-0.407129485354,-0.913370451764
2023-07-27,-0.012007399563,8.225678141457,-0.433883739118,-0.900968867902,-0.422780657983,-0.906232042711
2023-07-28,0.007680922504,-2.126912654840,-0.974927912182,-0.222520933956,-0.438306723013,-0.898825465016
2023-07-29,0.000000000000,0.000000000000,-0.781831482468,0.623489801859,-0.453703086031,-0.891152910406
2023-07-30,0.000000000000,0.000000000000,0.000000000000,1.000000000000,-0.468965191008,-0.883216649313
2023-07-31,0.005138771146,-3.116586179468,0.781831482468,0.623489801859,-0.484088521639,-0.875019030203
2023-08-01,-0.015238610077,-0.398181754717,0.974927912182,-0.222520933956,-0.499068602689,-0.866562478885
2023-08-02,-0.001701826964,-0.053664141737,0.433883739118,-0.900968867902,-0.513901001309,-0.857849497787
2023-08-03,-0.002791144821,0.169994744313,-0.433883739118,-0.900968867902,-0.528581328356,-0.848882665221
2023-08-04,0.003926017872,-0.978248606418,-0.974927912182,-0.222520933956,-0.543105239683,-0.839664634618
2023-08-05,0.000000000000,0.000000000000,-0.781831482468,0.623489801859,-0.557468437433,-0.830198133741
2023-08-06,0.000000000000,0.000000000000,0.000000000000,1.000000000000,-0.571666671303,-0.820485963879
2023-08-07,-0.003149921597,0.258921920277,0.781831482468,0.623489801859,-0.585695739807,-0.810530999019
2023-08-08,-0.004873518809,0.388523106803,0.974927912182,-0.222520933956,-0.599551491520,-0.800336184998
2023-08-09,-0.004531822405,-0.207086114418,0.433883739118,-0.900968867902,-0.613229826300,-0.789904538622
2023-08-10,-0.000522220487,-0.926296373991,-0.433883739118,-0.900968867902,-0.626726696508,-0.779239146786
2023-08-11,-0.000783842426,-1.126942795294,-0.974927912182,-0.222520933956,-0.640038108204,-0.768343165549
2023-08-12,0.000000000000,0.000000000000,-0.781831482468,0.623489801859,-0.653160122327,-0.757219819208
2023-08-13,0.000000000000,0.000000000000,0.000000000000,1.000000000000,-0.666088855861,-0.745872399340
2023-08-14,-0.001203111864,-0.210295408836,0.781831482468,0.623489801859,-0.678820482986,-0.734304263830
2023-08-15,-0.004248505322,0.453917491494,0.974927912182,-0.222520933956,-0.691351236209,-0.722518835873
2023-08-16,-0.003369678572,-1.168570877275,0.433883739118,-0.900968867902,-0.703677407479,-0.710519602969
2023-08-17,-0.006348891838,2.369837320003,-0.433883739118,-0.900968867902,-0.715795349283,-0.698310115884
2023-08-18,0.001060951787,-2.509599262378,-0.974927912182,-0.222520933956,-0.727701475726,-0.685893987600
2023-08-19,0.000000000000,0.000000000000,-0.781831482468,0.623489801859,-0.739392263596,-0.673274892250
2023-08-20,0.000000000000,0.000000000000,0.000000000000,1.000000000000,-0.750864253399,-0.660456564028
2023-08-21,0.003810171935,3.780774718818,0.781831482468,0.623489801859,-0.762114050389,-0.647442796083
2023-08-22,0.001636000854,-2.926359390662,0.974927912182,-0.222520933956,-0.773138325571,-0.634237439398
2023-08-23,0.011586265785,2.456127685238,0.433883739118,-0.900968867902,-0.783933816683,-0.620844401651
2023-08-24,-0.000156409848,-0.483229391465,-0.433883739118,-0.900968867902,-0.794497329167,-0.607267646057
2023-08-25,-0.003708241119,-0.544931236253,-0.974927912182,-0.222520933956,-0.804825737108,-0.593511190196
2023-08-26,0.000000000000,0.000000000000,-0.781831482468,0.623489801859,-0.814915984166,-0.579579104826
2023-08-27,0.000000000000,0.000000000000,0.000000000000,1.000000000000,-0.824765084473,-0.565475512674
2023-08-28,0.003551870450,-0.672944473242,0.781831482468,0.623489801859,-0.834370123523,-0.551204587220
2023-08-29,0.009651369784,2.818398258271,0.974927912182,-0.222520933956,-0.843728259029,-0.536770551461
2023-08-30,0.004019820260,-1.439632163572,0.433883739118,-0.900968867902,-0.852836721769,-0.522177676660
2023-08-31,-0.003142358107,0.214542435805,-0.433883739118,-0.900968867902,-0.861692816403,-0.507430281083
2023-09-01,0.000825218023,-1.074514737089,-0.974927912182,-0.222520933956,-0.870293922269,-0.492532728722
2023-09-02,0.000000000000,0.000000000000,-0.781831482468,0.623489801859,-0.878637494161,-0.477489428003
2023-09-03,0.000000000000,0.000000000000,0.000000000000,1.000000000000,-0.886721063083,-0.462304830480
2023-09-04,0.000000000000,0.000000000000,0.781831482468,0.623489801859,-0.894542236976,-0.446983429520
2023-09-05,-0.007035775354,-0.387765531009,0.974927912182,-0.222520933956,-0.902098701430,-0.431529758971
2023-09-06,-0.004214024778,-1.517322623526,0.433883739118,-0.900968867902,-0.909388220365,-0.415948391825
2023-09-07,-0.000312845758,0.518793793415,-0.433883739118,-0.900968867902,-0.916408636694,-0.400243938857
2023-09-08,0.000469263758,0.925769475829,-0.974927912182,-0.222520933956,-0.923157872965,-0.384421047269
2023-09-09,0.000000000000,0.000000000000,-0.781831482468,0.623489801859,-0.929633931968,-0.368484399308
2023-09-10,0.000000000000,0.000000000000,0.000000000000,1.000000000000,-0.935834897335,-0.352438710885
2023-09-11,0.002550968049,-0.731613461388,0.781831482468,0.623489801859,-0.941758934099,-0.336288730177
2023-09-12,-0.006258821711,1.970807700677,0.974927912182,-0.222520933956,-0.947404289244,-0.320039236223
2023-09-13,-0.001151750325,-3.130044611162,0.433883739118,-0.900968867902,-0.952769292217,-0.303695037511
2023-09-14,0.000471328028,2.363209714810,-0.433883739118,-0.900968867902,-0.957852355428,-0.287260970551
2023-09-15,0.007147147489,-2.938573859714,-0.974927912182,-0.222520933956,-0.962651974716,-0.270741898448
2023-09-16,0.000000000000,0.000000000000,-0.781831482468,0.623489801859,-0.967166729798,-0.254142709461
2023-09-17,0.000000000000,0.000000000000,0.000000000000,1.000000000000,-0.971395284684,-0.237468315558
2023-09-18,0.004046513577,0.798507696218,0.781831482468,0.623489801859,-0.975336388077,-0.220723650961
2023-09-19,0.000258832666,-1.049822124499,0.974927912182,-0.222520933956,-0.978988873741,-0.203913670683
2023-09-20,0.007014664451,2.841581593727,0.433883739118,-0.900968867902,-0.982351660847,-0.187043349070
2023-09-21,-0.013661993140,-2.484906649788,-0.433883739118,-0.900968867902,-0.985423754292,-0.170117678320
2023-09-22,0.003225343940,-1.609437912434,-0.974927912182,-0.222520933956,-0.988204244994,-0.153141667013
2023-09-23,0.000000000000,0.000000000000,-0.781831482468,0.623489801859,-0.990692310162,-0.136120338623
2023-09-24,0.000000000000,0.000000000000,0.000000000000,1.000000000000,-0.992887213536,-0.119058730034
2023-09-25,-0.004580980852,4.051784947803,0.781831482468,0.623489801859,-0.994788305609,-0.101961890052
2023-09-26,-0.008488367012,0.342664206869,0.974927912182,-0.222520933956,-0.996395023819,-0.084834877906
2023-09-27,-0.015270736212,4.325848132720,0.433883739118,-0.900968867902,-0.997706892710,-0.067682761755
2023-09-28,-0.006002135475,-0.967747278241,-0.433883739118,-0.900968867902,-0.998723524080,-0.050510617185
2023-09-29,-0.006633460392,-1.064195295204,-0.974927912182,-0.222520933956,-0.999444617092,-0.033323525712
2023-09-30,0.000000000000,0.000000000000,-0.781831482468,0.623489801859,-0.999869958362,-0.016126573271
2023-10-01,0.000000000000,0.000000000000,0.000000000000,1.000000000000,-0.999999422025,0.001075151283
2023-10-02,-0.009842104246,0.363500909009,0.781831482468,0.623489801859,-0.999832969770,0.018276557682
2023-10-03,-0.002955195305,-2.005209891337,0.974927912182,-0.222520933956,-0.999370650854,0.035472555753
2023-10-04,-0.003348786104,0.140740074221,0.433883739118,-0.900968867902,-0.998612602084,0.052658056925
2023-10-05,-0.001045376798,0.095817922897,-0.433883739118,-0.900968867902,-0.997559047779,0.069827975730
2023-10-06,0.007458615173,-0.007643349313,-0.974927912182,-0.222520933956,-0.996210299702,0.086977231314
2023-10-07,0.000000000000,0.000000000000,-0.781831482468,0.623489801859,-0.994566756971,0.104100748935
2023-10-08,0.000000000000,0.000000000000,0.000000000000,1.000000000000,-0.992628905935,0.121193461471
2023-10-09,0.010490108470,-0.517669106420,0.781831482468,0.623489801859,-0.990397320035,0.138250310911
2023-10-10,0.006198645370,0.017021687569,0.974927912182,-0.222520933956,-0.987872659635,0.155266249860
2023-10-11,0.006320685607,-1.278405399109,0.433883739118,-0.900968867902,-0.985055671822,0.172236243028
2023-10-12,-0.001870607910,-0.339507140316,-0.433883739118,-0.900968867902,-0.981947190187,0.189155268720
2023-10-13,0.030607901745,-0.065957967792,-0.974927912182,-0.222520933956,-0.978548134580,0.206018320325
2023-10-14,0.000000000000,0.000000000000,-0.781831482468,0.623489801859,-0.974859510837,0.222820407795
2023-10-15,0.000000000000,0.000000000000,0.000000000000,1.000000000000,-0.970882410481,0.239556559121
2023-10-16,-0.003274031158,0.204794412646,0.781831482468,0.623489801859,-0.966618010400,0.256221821807
2023-10-17,0.000832496857,0.655406852577,0.974927912182,-0.222520933956,-0.962067572498,0.272811264334
2023-10-18,0.016813236522,-0.424883193965,0.433883739118,-0.900968867902,-0.957232443323,0.289319977619
2023-10-19,0.006677383090,3.354023557570,-0.433883739118,-0.900968867902,-0.952114053668,0.305743076467
2023-10-20,0.007137632114,-1.249172300365,-0.974927912182,-0.222520933956,-0.946713918146,0.322075701021
2023-10-21,0.000000000000,0.000000000000,-0.781831482468,0.623489801859,-0.941033634745,0.338313018192
2023-10-22,0.000000000000,0.000000000000,0.000000000000,1.000000000000,-0.935074884352,0.354450223099
2023-10-23,-0.003132240156,-1.472328698462,0.781831482468,0.623489801859,-0.928839430256,0.370482540482
2023-10-24,-0.000658036018,-2.454134991121,0.974927912182,-0.222520933956,-0.922329117629,0.386405226121
2023-10-25,0.004597000160,2.187072205872,0.433883739118,-0.900968867902,-0.915545872978,0.402213568237
2023-10-26,0.001561189672,1.672700109212,-0.433883739118,-0.900968867902,-0.908491703573,0.417902888887
2023-10-27,0.000704273101,-0.336089168239,-0.974927912182,-0.222520933956,-0.901168696856,0.433468545349
2023-10-28,0.000000000000,0.000000000000,-0.781831482468,0.623489801859,-0.893579019824,0.448905931494
2023-10-29,0.000000000000,0.000000000000,0.000000000000,1.000000000000,-0.885724918384,0.464210479152
2023-10-30,0.003814487523,-0.858983386617,0.781831482468,0.623489801859,-0.877608716690,0.479377659461
2023-10-31,-0.005525708675,-0.619943776537,0.974927912182,-0.222520933956,-0.869232816457,0.494402984208
2023-11-01,-0.003229015088,-0.704981638207,0.433883739118,-0.900968867902,-0.860599696250,0.509282007157
2023-11-02,0.003430498126,-0.048790164169,-0.433883739118,-0.900968867902,-0.851711910747,0.524010325368
2023-11-03,0.002967000467,-1.123930096652,-0.974927912182,-0.222520933956,-0.842572089987,0.538583580492
2023-11-04,0.000000000000,0.000000000000,-0.781831482468,0.623489801859,-0.833182938589,0.552997460070
2023-11-05,0.000000000000,0.000000000000,0.000000000000,1.000000000000,-0.823547234956,0.567247698803
2023-11-06,-0.004983536767,2.310247965740,0.781831482468,0.623489801859,-0.813667830446,0.581330079815
2023-11-07,-0.007496705491,-1.830674885478,0.974927912182,-0.222520933956,-0.803547648534,0.595240435904
2023-11-08,-0.007809573743,0.739667196195,0.433883739118,-0.900968867902,-0.793189683945,0.608974650772
2023-11-09,0.006486705244,-1.386294361120,-0.433883739118,-0.900968867902,-0.782597001768,0.622528660243
2023-11-10,-0.016218778932,3.531693870592,-0.974927912182,-0.222520933956,-0.771772736547,0.635898453468
2023-11-11,0.000000000000,0.000000000000,-0.781831482468,0.623489801859,-0.760720091356,0.649080074110
2023-11-12,0.000000000000,0.000000000000,0.000000000000,1.000000000000,-0.749442336852,0.662069621515
2023-11-13,0.006652779492,-0.672093771362,0.781831482468,0.623489801859,-0.737942810303,0.674863251868
2023-11-14,0.008343430595,-4.158883083360,0.974927912182,-0.222520933956,-0.726224914604,0.687457179327
2023-11-15,-0.000866964144,0.847297860387,0.433883739118,-0.900968867902,-0.714292117269,0.699847677146
2023-11-16,0.012069136779,1.742969305059,-0.433883739118,-0.900968867902,-0.702147949405,0.712031078779
2023-11-17,-0.001160029800,-0.192371892647,-0.974927912182,-0.222520933956,-0.689796004666,0.724003778959
2023-11-18,0.000000000000,0.000000000000,-0.781831482468,0.623489801859,-0.677239938191,0.735762234774
2023-11-19,0.000000000000,0.000000000000,0.000000000000,1.000000000000,-0.664483465523,0.747302966705
2023-11-20,-0.001970058216,1.712978591375,0.781831482468,0.623489801859,-0.651530361507,0.758622559666
2023-11-21,0.010862615062,-2.376272808785,0.974927912182,-0.222520933956,-0.638384459175,0.769717664007
2023-11-22,-0.003959222487,5.878888519659,0.433883739118,-0.900968867902,-0.625049648610,0.780584996507
2023-11-23,0.000000000000,0.000000000000,-0.433883739118,-0.900968867902,-0.611529875799,0.791221341348
2023-11-24,0.005408630384,-4.553218780356,-0.974927912182,-0.222520933956,-0.597829141459,0.801623551065
2023-11-25,0.000000000000,0.000000000000,-0.781831482468,0.623489801859,-0.583951499858,0.811788547476
2023-11-26,0.000000000000,0.000000000000,0.000000000000,1.000000000000,-0.569901057613,0.821713322596
2023-11-27,0.004783316373,1.274838920195,0.781831482468,0.623489801859,-0.555681972476,0.831394939523
2023-11-28,0.013772846291,6.636908854280,0.974927912182,-0.222520933956,-0.541298452104,0.840830533312
2023-11-29,0.003621431259,-2.435611158826,0.433883739118,-0.900968867902,-0.526754752811,0.850017311819
2023-11-30,-0.004406156207,-1.808177600850,-0.433883739118,-0.900968867902,-0.512055178311,0.858952556527
2023-12-01,0.016013593082,-1.405219830352,-0.974927912182,-0.222520933956,-0.497204078447,0.867633623355
2023-12-02,0.000000000000,0.000000000000,-0.781831482468,0.623489801859,-0.482205847896,0.876057943434
2023-12-03,0.000000000000,0.000000000000,0.000000000000,1.000000000000,-0.467064924877,0.884223023874
2023-12-04,-0.022906437156,0.555659073824,0.781831482468,0.623489801859,-0.451785789833,0.892126448495
2023-12-05,-0.002770483947,-1.307400418650,0.974927912182,-0.222520933956,-0.436372964105,0.899765878548
2023-12-06,0.005927406833,0.365600509544,0.433883739118,-0.900968867902,-0.420831008596,0.907139053401
2023-12-07,-0.000295525360,-1.815973727349,-0.433883739118,-0.900968867902,-0.405164522421,0.914243791213
2023-12-08,-0.015689699244,1.889739877588,-0.974927912182,-0.222520933956,-0.389378141545,0.921077989579
2023-12-09,0.000000000000,0.000000000000,-0.781831482468,0.623489801859,-0.373476537413,0.927639626149
2023-12-10,0.000000000000,0.000000000000,0.000000000000,1.000000000000,-0.357464415565,0.933926759229
2023-12-11,-0.010210610339,0.370796979162,0.781831482468,0.623489801859,-0.341346514245,0.939937528356
2023-12-12,-0.000101092659,-1.915696370459,0.974927912182,-0.222520933956,-0.325127603000,0.945670154847
2023-12-13,0.002272670804,3.155669748964,0.433883739118,-0.900968867902,-0.308812481266,0.951122942324
2023-12-14,0.023876474971,-2.251957799297,-0.433883739118,-0.900968867902,-0.292405976951,0.956294277220
2023-12-15,-0.004492380744,0.100284362626,-0.974927912182,-0.222520933956,-0.275912945003,0.961182629254
2023-12-16,0.000000000000,0.000000000000,-0.781831482468,0.623489801859,-0.259338265975,0.965786551884
2023-12-17,0.000000000000,0.000000000000,0.000000000000,1.000000000000,-0.242686844583,0.970104682736
2023-12-18,0.002569588413,-0.953223986920,0.781831482468,0.623489801859,-0.225963608248,0.974135744005
2023-12-19,0.005953704386,1.597485578910,0.974927912182,-0.222520933956,-0.209173505646,0.977878542834
2023-12-20,-0.001915109913,-0.655778034052,0.433883739118,-0.900968867902,-0.192321505239,0.981331971670
2023-12-21,0.002258433606,-0.123106058145,-0.433883739118,-0.900968867902,-0.175412593804,0.984495008588
2023-12-22,0.008788749383,-0.120516024512,-0.974927912182,-0.222520933956,-0.158451774961,0.987366717594
2023-12-23,0.000000000000,0.000000000000,-0.781831482468,0.623489801859,-0.141444067688,0.989946248902
2023-12-24,0.000000000000,0.000000000000,0.000000000000,1.000000000000,-0.124394504840,0.992232839189
2023-12-25,0.000000000000,0.000000000000,0.781831482468,0.623489801859,-0.107308131656,0.994225811816
2023-12-26,0.000534519247,-1.138818709146,0.974927912182,-0.222520933956,-0.090190004270,0.995924577029
2023-12-27,0.011449100696,2.200637549932,0.433883739118,-0.900968867902,-0.073045188211,0.997328632136
2023-12-28,-0.003850045843,-0.549024712448,-0.433883739118,-0.900968867902,-0.055878756905,0.998437561657
2023-12-29,-0.005560539697,-1.954799096473,-0.974927912182,-0.222520933956,-0.038695790177,0.999251037439
2023-12-30,0.000000000000,0.000000000000,-0.781831482468,0.623489801859,-0.021501372741,0.999768818763
2023-12-31,0.000000000000,0.000000000000,0.000000000000,1.000000000000,-0.004300592703,0.999990752408
2024-01-01,0.000000000000,0.000000000000,0.781831482468,0.623489801859,0.017201575418,0.999852041956
2024-01-02,0.000969274136,0.255933374137,0.974927912182,-0.222520933956,0.034398060614,0.999408211606
2024-01-03,-0.014736982782,-0.119801199813,0.433883739118,-0.900968867902,0.051584366869,0.998668640288
2024-01-04,0.003974050444,0.481303184500,-0.433883739118,-0.900968867902,0.068755408481,0.997633546852
2024-01-05,0.000048951249,-1.923687012271,-0.974927912182,-0.222520933956,0.085906104261,0.996303237599
2024-01-06,0.000000000000,0.000000000000,-0.781831482468,0.623489801859,0.103031379043,0.994678106189
2024-01-07,0.000000000000,0.000000000000,0.000000000000,1.000000000000,0.120126165182,0.992758633525
2024-01-08,-0.007766098913,-0.167054084663,0.781831482468,0.623489801859,0.137185404057,0.990545387609
2024-01-09,-0.000098668232,0.934309237377,0.974927912182,-0.222520933956,0.154204047563,0.988039023377
2024-01-10,-0.002322114267,2.957511060734,0.433883739118,-0.900968867902,0.171177059610,0.985240282501
2024-01-11,-0.003666952743,-1.704748092238,-0.433883739118,-0.900968867902,0.188099417612,0.982149993175
2024-01-12,0.015956951403,1.383740081315,-0.974927912182,-0.222520933956,0.204966113969,0.978769069865
2024-01-13,0.000000000000,0.000000000000,-0.781831482468,0.623489801859,0.221772157556,0.975098513040
2024-01-14,0.000000000000,0.000000000000,0.000000000000,1.000000000000,0.238512575194,0.971139408877
2024-01-15,0.000000000000,0.000000000000,0.781831482468,0.623489801859,0.255182413123,0.966892928939
2024-01-16,-0.010165310320,-2.118559958275,0.974927912182,-0.222520933956,0.271776738471,0.962360329828
2024-01-17,-0.011617081726,2.789728232116,0.433883739118,-0.900968867902,0.288290640710,0.957542952812
2024-01-18,0.007957865628,0.656537434947,-0.433883739118,-0.900968867902,0.304719233109,0.952442223431
2024-01-19,0.003905977358,-3.364587636050,-0.974927912182,-0.222520933956,0.321057654185,0.947059651072
2024-01-20,0.000000000000,0.000000000000,-0.781831482468,0.623489801859,0.337301069136,0.941396828526
2024-01-21,0.000000000000,0.000000000000,0.000000000000,1.000000000000,0.353444671274,0.935455431513
2024-01-22,-0.003311646301,-1.366876275263,0.781831482468,0.623489801859,0.369483683447,0.929237218188
2024-01-23,0.001928974182,0.207639364778,0.974927912182,-0.222520933956,0.385413359454,0.922744028620
2024-01-24,-0.004854342214,2.764745544779,0.433883739118,-0.900968867902,0.401228985448,0.915977784248
2024-01-25,0.001488538512,0.770764174491,-0.433883739118,-0.900968867902,0.416925881329,0.908940487314
2024-01-26,-0.000049570163,-2.396075436081,-0.974927912182,-0.222520933956,0.432499402134,0.901634220265
2024-01-27,0.000000000000,0.000000000000,-0.781831482468,0.623489801859,0.447944939408,0.894061145145
2024-01-28,0.000000000000,0.000000000000,0.000000000000,1.000000000000,0.463257922567,0.886223502949
2024-01-29,0.004156315901,8.011083098704,0.781831482468,0.623489801859,0.478433820255,0.878123612959
2024-01-30,0.003105999442,-1.722927184986,0.974927912182,-0.222520933956,0.493468141677,0.869763872065
2024-01-31,0.008284516486,-2.595284438334,0.433883739118,-0.900968867902,0.508356437938,0.861146754048
2024-02-01,0.002243185105,-0.750539978557,-0.433883739118,-0.900968867902,0.523094303349,0.852274808852
2024-02-02,-0.008265936632,-0.064257266741,-0.974927912182,-0.222520933956,0.537677376741,0.843150661828
2024-02-03,0.000000000000,0.000000000000,-0.781831482468,0.623489801859,0.552101342746,0.833777012959
2024-02-04,0.000000000000,0.000000000000,0.000000000000,1.000000000000,0.566361933081,0.824156636057
2024-02-05,-0.005120905672,-0.766649642553,0.781831482468,0.623489801859,0.580454927809,0.814292377947
2024-02-06,0.004334792726,-0.501986675099,0.974927912182,-0.222520933956,0.594376156585,0.804187157621
2024-02-07,0.000343981712,-1.244794798846,0.433883739118,-0.900968867902,0.608121499894,0.793843965378
2024-02-08,-0.001475144129,1.558144618047,-0.433883739118,-0.900968867902,0.621686890267,0.783265861934
2024-02-09,-0.004389060106,-1.691676010671,-0.974927912182,-0.222520933956,0.635068313487,0.772455977519
2024-02-10,0.000000000000,0.000000000000,-0.781831482468,0.623489801859,0.648261809776,0.761417510953
2024-02-11,0.000000000000,0.000000000000,0.000000000000,1.000000000000,0.661263474966,0.750153728696
2024-02-12,-0.002523865082,1.618916656389,0.781831482468,0.623489801859,0.674069461655,0.738667963881
2024-02-13,-0.012615124247,-0.468746558056,0.974927912182,-0.222520933956,0.686675980345,0.726963615332
2024-02-14,-0.001305470932,2.265211918321,0.433883739118,-0.900968867902,0.699079300566,0.715044146554
2024-02-15,0.005911211825,-1.899034527286,-0.433883739118,-0.900968867902,0.711275751974,0.702913084708
2024-02-16,0.004684094906,-2.162974654293,-0.974927912182,-0.222520933956,0.723261725444,0.690574019572
2024-02-17,0.000000000000,0.000000000000,-0.781831482468,0.623489801859,0.735033674133,0.678030602474
2024-02-18,0.000000000000,0.000000000000,0.000000000000,1.000000000000,0.746588114532,0.665286545211
2024-02-19,0.000000000000,0.000000000000,0.781831482468,0.623489801859,0.757921627497,0.652345618957
2024-02-20,0.007922794600,3.694168472866,0.974927912182,-0.222520933956,0.769030859259,0.639211653138
2024-02-21,-0.002568005317,-4.418087312092,0.433883739118,-0.900968867902,0.779912522417,0.625888534308
2024-02-22,-0.001286540334,4.099539379099,-0.433883739118,-0.900968867902,0.790563396912,0.612380204990
2024-02-23,0.009314324420,-3.736633885410,-0.974927912182,-0.222520933956,0.800980330978,0.598690662518
2024-02-24,0.000000000000,0.000000000000,-0.781831482468,0.623489801859,0.811160242079,0.584823957846
2024-02-25,0.000000000000,0.000000000000,0.000000000000,1.000000000000,0.821100117813,0.570784194357
2024-02-26,-0.004966682112,1.834319083647,0.781831482468,0.623489801859,0.830797016812,0.556575526641
2024-02-27,0.002707693962,1.902314801763,0.974927912182,-0.222520933956,0.840248069608,0.542202159273
2024-02-28,-0.000491762980,-0.505657653608,0.433883739118,-0.900968867902,0.849450479481,0.527668345563
2024-02-29,0.006227470698,0.194560218165,-0.433883739118,-0.900968867902,0.858401523292,0.512978386299
2024-03-01,0.019939659140,0.538171077657,-0.974927912182,-0.222520933956,0.867098552281,0.498136628478
2024-03-02,0.000000000000,0.000000000000,-0.781831482468,0.623489801859,0.875538992859,0.483147464015
2024-03-03,0.000000000000,0.000000000000,0.000000000000,1.000000000000,0.883720347362,0.468015328444
2024-03-04,0.014650906546,-0.407118001046,0.781831482468,0.623489801859,0.891640194797,0.452744699607
2024-03-05,0.007433252616,0.468762164158,0.974927912182,-0.222520933956,0.899296191553,0.437340096330
2024-03-06,0.007843566351,-1.065021344232,0.433883739118,-0.900968867902,0.906686072098,0.421806077083
2024-03-07,0.003574476839,-1.065386641040,-0.433883739118,-0.900968867902,0.913807649647,0.406147238631
2024-03-08,0.009500646655,0.530243709623,-0.974927912182,-0.222520933956,0.920658816810,0.390368214676
2024-03-09,0.000000000000,0.000000000000,-0.781831482468,0.623489801859,0.927237546218,0.374473674487
2024-03-10,0.000000000000,0.000000000000,0.000000000000,1.000000000000,0.933541891118,0.358468321512
2024-03-11,0.001788495240,1.044616289933,0.781831482468,0.623489801859,0.939569985953,0.342356891995
2024-03-12,-0.010177664198,-0.293563111795,0.974927912182,-0.222520933956,0.945320046913,0.326144153564
2024-03-13,0.006919166253,-3.267212371429,0.433883739118,-0.900968867902,0.950790372463,0.309834903832
2024-03-14,-0.005716363816,3.201584327758,-0.433883739118,-0.900968867902,0.955979343844,0.293433968967
2024-03-15,-0.002638684543,-1.630986248640,-0.974927912182,-0.222520933956,0.960885425557,0.276946202269
2024-03-16,0.000000000000,0.000000000000,-0.781831482468,0.623489801859,0.965507165814,0.260376482734
2024-03-17,0.000000000000,0.000000000000,0.000000000000,1.000000000000,0.969843196967,0.243729713610
2024-03-18,0.001574758243,-1.524078063483,0.781831482468,0.623489801859,0.973892235915,0.227010820941
2024-03-19,-0.002038408092,-0.526093095897,0.974927912182,-0.222520933956,0.977653084482,0.210224752119
2024-03-20,0.000741668725,0.325422400435,0.433883739118,-0.900968867902,0.981124629772,0.193376474410
2024-03-21,0.011289662616,1.268511325464,-0.433883739118,-0.900968867902,0.984305844499,0.176470973492
2024-03-22,-0.011196893704,-1.163150809806,-0.974927912182,-0.222520933956,0.987195787291,0.159513251973
2024-03-23,0.000000000000,0.000000000000,-0.781831482468,0.623489801859,0.989793602967,0.142508327916
2024-03-24,0.000000000000,0.000000000000,0.000000000000,1.000000000000,0.992098522792,0.125461233353
2024-03-25,0.007708478525,1.386294361120,0.781831482468,0.623489801859,0.994109864702,0.108377012792
2024-03-26,0.000367804712,7.835846114972,0.974927912182,-0.222520933956,0.995827033510,0.091260721729
2024-03-27,0.006870990033,-1.869667325080,0.433883739118,-0.900968867902,0.997249521077,0.074117425151
2024-03-28,0.012159770828,-2.727010261756,-0.433883739118,-0.900968867902,0.998376906467,0.056952196034
2024-03-29,0.000000000000,0.000000000000,-0.974927912182,-0.222520933956,0.999208856068,0.039770113846
2024-03-30,0.000000000000,0.000000000000,-0.781831482468,0.623489801859,0.999745123693,0.022576263042
2024-03-31,0.000000000000,0.000000000000,0.000000000000,1.000000000000,0.999985550651,0.005375731558
2024-04-01,0.008576849576,-1.627233735503,0.781831482468,0.623489801859,0.999930065796,-0.011826390692
2024-04-02,0.010895049405,0.083680816042,0.974927912182,-0.222520933956,0.999578685548,-0.029025013322
2024-04-03,0.014664135564,-0.421650432529,0.433883739118,-0.900968867902,0.998931513885,-0.046215046984
2024-04-04,-0.002443644773,-0.126562723308,-0.433883739118,-0.900968867902,0.997988742316,-0.063391404870
2024-04-05,0.015993363912,0.314115329520,-0.974927912182,-0.222520933956,0.996750649821,-0.080549004219
2024-04-06,0.000000000000,0.000000000000,-0.781831482468,0.623489801859,0.995217602774,-0.097682767822
2024-04-07,0.000000000000,0.000000000000,0.000000000000,1.000000000000,0.993390054826,-0.114787625522
2024-04-08,0.002576546333,-0.530338437990,0.781831482468,0.623489801859,0.991268546779,-0.131858515717
2024-04-09,0.005047944049,0.043380295630,0.974927912182,-0.222520933956,0.988853706421,-0.148890386856
2024-04-10,-0.005948917441,0.578307920948,0.433883739118,-0.900968867902,0.986146248342,-0.165878198935
2024-04-11,0.010759197968,-0.285919957458,-0.433883739118,-0.900968867902,0.983146973722,-0.182816924985
2024-04-12,0.000594312199,0.722637609071,-0.974927912182,-0.222520933956,0.979856770096,-0.199701552566
2024-04-13,0.000000000000,0.000000000000,-0.781831482468,0.623489801859,0.976276611087,-0.216527085245
2024-04-14,0.000000000000,0.000000000000,0.000000000000,1.000000000000,0.972407556122,-0.233288544075
2024-04-15,0.004066120662,1.125040590936,0.781831482468,0.623489801859,0.968250750117,-0.249980969073
2024-04-16,0.010511806623,-3.758982819885,0.974927912182,-0.222520933956,0.963807423137,-0.266599420679
2024-04-17,-0.008021081390,-0.100083458557,0.433883739118,-0.900968867902,0.959078890034,-0.283138981228
2024-04-18,0.004459451082,1.222226244635,-0.433883739118,-0.900968867902,0.954066550058,-0.299594756397
2024-04-19,0.006735379566,0.221591960623,-0.974927912182,-0.222520933956,0.948771886440,-0.315961876658
2024-04-20,0.000000000000,0.000000000000,-0.781831482468,0.623489801859,0.943196465957,-0.332235498716
2024-04-21,0.000000000000,0.000000000000,0.000000000000,1.000000000000,0.937341938464,-0.348410806945
2024-04-22,-0.027989800481,-1.092420318420,0.781831482468,0.623489801859,0.931210036412,-0.364483014810
2024-04-23,-0.001931372559,1.158510430249,0.974927912182,-0.222520933956,0.924802574329,-0.380447366288
2024-04-24,-0.001375672460,-0.583146285346,0.433883739118,-0.900968867902,0.918121448284,-0.396299137269
2024-04-25,0.002277485793,2.368099700105,-0.433883739118,-0.900968867902,0.911168635333,-0.412033636959
2024-04-26,0.002143807319,-0.355978322524,-0.974927912182,-0.222520933956,0.903946192922,-0.427646209268
2024-04-27,0.000000000000,0.000000000000,-0.781831482468,0.623489801859,0.896456258291,-0.443132234183
2024-04-28,0.000000000000,0.000000000000,0.000000000000,1.000000000000,0.888701047829,-0.458487129140
2024-04-29,0.004529666147,-0.570116409446,0.781831482468,0.623489801859,0.880682856430,-0.473706350380
2024-04-30,-0.023292979549,-1.270154711207,0.974927912182,-0.222520933956,0.872404056805,-0.488785394289
2024-05-01,0.003702659409,-0.974998332701,0.433883739118,-0.900968867902,0.863867098784,-0.503719798736
2024-05-02,-0.000304386162,0.281851152141,-0.433883739118,-0.900968867902,0.855074508590,-0.518505144391
2024-05-03,-0.000086969325,1.229948290729,-0.974927912182,-0.222520933956,0.846028888092,-0.533137056032
2024-05-04,0.000000000000,0.000000000000,-0.781831482468,0.623489801859,0.836732914034,-0.547611203840
2024-05-05,0.000000000000,0.000000000000,0.000000000000,1.000000000000,0.827189337246,-0.561923304683
2024-05-06,0.009782399431,-2.970414465570,0.781831482468,0.623489801859,0.817400981825,-0.576069123380
2024-05-07,-0.002760589407,0.955511445027,0.974927912182,-0.222520933956,0.807370744302,-0.590044473955
2024-05-08,-0.000691260613,-1.648658625587,0.433883739118,-0.900968867902,0.797101592787,-0.603845220877
2024-05-09,0.007964395898,0.182321556794,-0.433883739118,-0.900968867902,0.786596566087,-0.617467280284
2024-05-10,0.014980894749,3.052427617231,-0.974927912182,-0.222520933956,0.775858772807,-0.630906621188
2024-05-11,0.000000000000,0.000000000000,-0.781831482468,0.623489801859,0.764891390434,-0.644159266672
2024-05-12,0.000000000000,0.000000000000,0.000000000000,1.000000000000,0.753697664393,-0.657221295066
2024-05-13,-0.013267171767,-2.136136885356,0.781831482468,0.623489801859,0.742280907087,-0.670088841106
2024-05-14,0.007378135480,-0.762140052047,0.974927912182,-0.222520933956,0.730644496918,-0.682758097076
2024-05-15,0.014888214911,1.455287232607,0.433883739118,-0.900968867902,0.718791877288,-0.695225313941
2024-05-16,-0.003648776779,-1.321755839982,-0.433883739118,-0.900968867902,0.706726555578,-0.707486802450
2024-05-17,0.013438686241,3.286534473342,-0.974927912182,-0.222520933956,0.694452102109,-0.719538934233
2024-05-18,0.000000000000,0.000000000000,-0.781831482468,0.623489801859,0.681972149090,-0.731378142868
2024-05-19,0.000000000000,0.000000000000,0.000000000000,1.000000000000,0.669290389541,-0.743000924944
2024-05-20,0.008955695039,-1.652403948318,0.781831482468,0.623489801859,0.656410576198,-0.754403841093
2024-05-21,-0.005025116242,-1.767661917649,0.974927912182,-0.222520933956,0.643336520404,-0.765583517008
2024-05-22,-0.013511191283,3.252586882211,0.433883739118,-0.900968867902,0.630072090984,-0.776536644443
2024-05-23,-0.022946670318,0.704136302136,-0.433883739118,-0.900968867902,0.616621213096,-0.787259982192
2024-05-24,-0.001071237381,-2.644536795380,-0.974927912182,-0.222520933956,0.602987867069,-0.797750357046
2024-05-25,0.000000000000,0.000000000000,-0.781831482468,0.623489801859,0.589176087232,-0.808004664735
2024-05-26,0.000000000000,0.000000000000,0.000000000000,1.000000000000,0.575189960712,-0.818019870844
2024-05-27,0.000000000000,0.000000000000,0.781831482468,0.623489801859,0.561033626228,-0.827793011713
2024-05-28,0.009684975081,0.037740327983,0.974927912182,-0.222520933956,0.546711272869,-0.837321195312
2024-05-29,-0.006346481676,8.393710610835,0.433883739118,-0.900968867902,0.532227138847,-0.846601602098
2024-05-30,0.001110289464,-1.297848075408,-0.433883739118,-0.900968867902,0.517585510253,-0.855631485849
2024-05-31,-0.008573073571,-3.543694126854,-0.974927912182,-0.222520933956,0.502790719779,-0.864408174478
2024-06-01,0.000000000000,0.000000000000,-0.781831482468,0.623489801859,0.487847145442,-0.872929070821
2024-06-02,0.000000000000,0.000000000000,0.000000000000,1.000000000000,0.472759209286,-0.881191653407
2024-06-03,0.010151150585,-0.186150534031,0.781831482468,0.623489801859,0.457531376074,-0.889193477207
2024-06-04,-0.009032443941,0.130489686925,0.974927912182,-0.222520933956,0.442168151967,-0.896932174351
2024-06-05,0.012223460621,-1.101984973147,0.433883739118,-0.900968867902,0.426674083190,-0.904405454834
2024-06-06,0.006858019712,-0.497402603434,-0.433883739118,-0.900968867902,0.411053754687,-0.911611107193
2024-06-07,-0.027849130616,0.405465108108,-0.974927912182,-0.222520933956,0.395311788765,-0.918546999159
2024-06-08,0.000000000000,0.000000000000,-0.781831482468,0.623489801859,0.379452843725,-0.925211078289
2024-06-09,0.000000000000,0.000000000000,0.000000000000,1.000000000000,0.363481612483,-0.931601372577
2024-06-10,0.001083916971,-1.349926716949,0.781831482468,0.623489801859,0.347402821184,-0.937715991030
2024-06-11,-0.000086648975,2.522294181860,0.974927912182,-0.222520933956,0.331221227802,-0.943553124235
2024-06-12,0.012275377571,-1.880440295687,0.433883739118,-0.900968867902,0.314941620729,-0.949111044890
2024-06-13,-0.015444010517,0.810094445169,-0.433883739118,-0.900968867902,0.298568817364,-0.954388108318
2024-06-14,0.013472849168,1.154965225219,-0.974927912182,-0.222520933956,0.282107662682,-0.959382752949
2024-06-15,0.000000000000,0.000000000000,-0.781831482468,0.623489801859,0.265563027804,-0.964093500789
2024-06-16,0.000000000000,0.000000000000,0.000000000000,1.000000000000,0.248939808554,-0.968518957851
2024-06-17,-0.008182999622,-2.145878597298,0.781831482468,0.623489801859,0.232242924009,-0.972657814572
2024-06-18,0.007753980763,-0.925340567394,0.974927912182,-0.222520933956,0.215477315047,-0.976508846197
2024-06-19,0.000000000000,0.000000000000,0.433883739118,-0.900968867902,0.198647942880,-0.980070913143
2024-06-20,0.009991179448,1.430746123691,-0.433883739118,-0.900968867902,0.181759787591,-0.983342961339
2024-06-21,-0.016016849995,-0.871130335755,-0.974927912182,-0.222520933956,0.164817846657,-0.986324022532
2024-06-22,0.000000000000,0.000000000000,-0.781831482468,0.623489801859,0.147827133471,-0.989013214578
2024-06-23,0.000000000000,0.000000000000,0.000000000000,1.000000000000,0.130792675857,-0.991409741702
2024-06-24,0.005854053367,0.261364764134,0.781831482468,0.623489801859,0.113719514586,-0.993512894734
2024-06-25,-0.005767631907,0.058268908124,0.974927912182,-0.222520933956,0.096612701881,-0.995322051316
2024-06-26,-0.007539420565,2.231230945321,0.433883739118,-0.900968867902,0.079477299924,-0.996836676089
2024-06-27,0.010943747043,0.440311839438,-0.433883739118,-0.900968867902,0.062318379354,-0.998056320853
2024-06-28,0.001375672460,-2.802382385719,-0.974927912182,-0.222520933956,0.045141017774,-0.998980624694
2024-06-29,0.000000000000,0.000000000000,-0.781831482468,0.623489801859,0.027950298240,-0.999609314096
2024-06-30,0.000000000000,0.000000000000,0.000000000000,1.000000000000,0.010751307764,-0.999942203020
2024-07-01,-0.000042898853,0.939671180518,0.781831482468,0.623489801859,-0.006450864198,-0.999979192959
2024-07-02,-0.001978281968,-2.038283469186,0.974927912182,-0.222520933956,-0.023651127245,-0.999720272966
2024-07-03,0.015717436587,0.660357357737,0.433883739118,-0.900968867902,-0.040844391543,-0.999165519661
2024-07-04,0.000000000000,0.000000000000,-0.433883739118,-0.900968867902,-0.058025569329,-0.998315097203
2024-07-05,0.012088663473,0.196114878926,-0.974927912182,-0.222520933956,-0.075189576415,-0.997169257247
2024-07-06,0.000000000000,0.000000000000,-0.781831482468,0.623489801859,-0.092331333695,-0.995728338865
2024-07-07,0.000000000000,0.000000000000,0.000000000000,1.000000000000,-0.109445768649,-0.993992768447
2024-07-08,-0.014039925028,-0.116072171253,0.781831482468,0.623489801859,-0.126527816839,-0.991963059577
2024-07-09,0.002078403579,-1.871802176902,0.974927912182,-0.222520933956,-0.143572423412,-0.989639812879
2024-07-10,0.005113741630,0.693147180560,0.433883739118,-0.900968867902,-0.160574544595,-0.987023715839
2024-07-11,0.017881513075,1.294727167594,-0.433883739118,-0.900968867902,-0.177529149187,-0.984115542601
2024-07-12,-0.000414164429,1.584471289704,-0.974927912182,-0.222520933956,-0.194431220048,-0.980916153741
2024-07-13,0.000000000000,0.000000000000,-0.781831482468,0.623489801859,-0.211275755582,-0.977426496010
2024-07-14,0.000000000000,0.000000000000,0.000000000000,1.000000000000,-0.228057771222,-0.973647602054
2024-07-15,0.003680006850,0.418488547994,0.781831482468,0.623489801859,-0.244772300897,-0.969580590108
2024-07-16,0.016171314918,-1.750124496576,0.974927912182,-0.222520933956,-0.261414398511,-0.965226663666
2024-07-17,-0.003091133020,-2.145399509472,0.433883739118,-0.900968867902,-0.277979139399,-0.960587111125
2024-07-18,-0.001222842830,-1.299282984130,-0.433883739118,-0.900968867902,-0.294461621787,-0.955663305403
2024-07-19,-0.023230491253,1.673976433572,-0.974927912182,-0.222520933956,-0.310856968244,-0.950456703535
2024-07-20,0.000000000000,0.000000000000,-0.781831482468,0.623489801859,-0.327160327122,-0.944968846236
2024-07-21,0.000000000000,0.000000000000,0.000000000000,1.000000000000,-0.343366873996,-0.939201357453
2024-07-22,-0.001462141253,0.171850256927,0.781831482468,0.623489801859,-0.359471813088,-0.933155943878
2024-07-23,0.005253774083,0.793230639117,0.974927912182,-0.222520933956,-0.375470378688,-0.926834394446
2024-07-24,0.003611515541,-1.791759469228,0.433883739118,-0.900968867902,-0.391357836561,-0.920238579805
2024-07-25,-0.025771655109,1.519825753744,-0.433883739118,-0.900968867902,-0.407129485354,-0.913370451764
2024-07-26,0.011877017080,1.098612288668,-0.974927912182,-0.222520933956,-0.422780657983,-0.906232042711
2024-07-27,0.000000000000,0.000000000000,-0.781831482468,0.623489801859,-0.438306723013,-0.898825465016
2024-07-28,0.000000000000,0.000000000000,0.000000000000,1.000000000000,-0.453703086031,-0.891152910406
2024-07-29,-0.001135077222,7.182937680022,0.781831482468,0.623489801859,-0.468965191008,-0.883216649313
2024-07-30,0.011584493096,-1.583551679688,0.974927912182,-0.222520933956,-0.484088521639,-0.875019030203
2024-07-31,0.008899986305,-2.982902992757,0.433883739118,-0.900968867902,-0.499068602689,-0.866562478885
2024-08-01,0.003496866671,-0.642691375277,-0.433883739118,-0.900968867902,-0.513901001309,-0.857849497787
2024-08-02,-0.003826634135,-0.226405014615,-0.974927912182,-0.222520933956,-0.528581328356,-0.848882665221
2024-08-03,0.000000000000,0.000000000000,-0.781831482468,0.623489801859,-0.543105239683,-0.839664634618
2024-08-04,0.000000000000,0.000000000000,0.000000000000,1.000000000000,-0.557468437433,-0.830198133741
2024-08-05,-0.009943322793,-0.497604277328,0.781831482468,0.623489801859,-0.571666671303,-0.820485963879
2024-08-06,-0.005260032745,-0.714264104001,0.974927912182,-0.222520933956,-0.585695739807,-0.810530999019
2024-08-07,0.000585782222,-0.224669104623,0.433883739118,-0.900968867902,-0.599551491520,-0.800336184998
2024-08-08,0.013173648862,0.433070374200,-0.433883739118,-0.900968867902,-0.613229826300,-0.789904538622
2024-08-09,0.004078923886,1.108464585111,-0.974927912182,-0.222520933956,-0.626726696508,-0.779239146786
2024-08-10,0.000000000000,0.000000000000,-0.781831482468,0.623489801859,-0.640038108204,-0.768343165549
2024-08-11,0.000000000000,0.000000000000,0.000000000000,1.000000000000,-0.653160122327,-0.757219819208
2024-08-12,0.012381322611,-0.076372978785,0.781831482468,0.623489801859,-0.666088855861,-0.745872399340
2024-08-13,0.001744760726,-0.103989713524,0.974927912182,-0.222520933956,-0.678820482986,-0.734304263830
2024-08-14,-0.011129137775,-0.619598492537,0.433883739118,-0.900968867902,-0.691351236209,-0.722518835873
2024-08-15,0.005600503269,0.039220713153,-0.433883739118,-0.900968867902,-0.703677407479,-0.710519602969
2024-08-16,0.018378043437,-0.367724780125,-0.974927912182,-0.222520933956,-0.715795349283,-0.698310115884
2024-08-17,0.000000000000,0.000000000000,-0.781831482468,0.623489801859,-0.727701475726,-0.685893987600
2024-08-18,0.000000000000,0.000000000000,0.000000000000,1.000000000000,-0.739392263596,-0.673274892250
2024-08-19,0.001279878216,-0.799630660962,0.781831482468,0.623489801859,-0.750864253399,-0.660456564028
2024-08-20,0.003790074480,0.747805593098,0.974927912182,-0.222520933956,-0.762114050389,-0.647442796083
2024-08-21,-0.001155506040,-0.661730984327,0.433883739118,-0.900968867902,-0.773138325571,-0.634237439398
2024-08-22,-0.011830186757,0.777147154973,-0.433883739118,-0.900968867902,-0.783933816683,-0.620844401651
2024-08-23,0.011830186757,-0.797981241876,-0.974927912182,-0.222520933956,-0.794497329167,-0.607267646057
2024-08-24,0.000000000000,0.000000000000,-0.781831482468,0.623489801859,-0.804825737108,-0.593511190196
2024-08-25,0.000000000000,0.000000000000,0.000000000000,1.000000000000,-0.814915984166,-0.579579104826
2024-08-26,0.003700706199,1.119446375571,0.781831482468,0.623489801859,-0.824765084473,-0.565475512674
2024-08-27,-0.000675428116,-1.058202750330,0.974927912182,-0.222520933956,-0.834370123523,-0.551204587220
2024-08-28,-0.005979686943,3.148750770979,0.433883739118,-0.900968867902,-0.843728259029,-0.536770551461
2024-08-29,0.009827580802,0.521894132694,-0.433883739118,-0.900968867902,-0.852836721769,-0.522177676660
2024-08-30,-0.012710561537,-2.943431168550,-0.974927912182,-0.222520933956,-0.861692816403,-0.507430281083
2024-08-31,0.000000000000,0.000000000000,-0.781831482468,0.623489801859,-0.870293922269,-0.492532728722
2024-09-01,0.000000000000,0.000000000000,0.000000000000,1.000000000000,-0.878637494161,-0.477489428003
2024-09-02,0.000000000000,0.000000000000,0.781831482468,0.623489801859,-0.886721063083,-0.462304830480
2024-09-03,-0.001565161354,-0.009615458699,0.974927912182,-0.222520933956,-0.894542236976,-0.446983429520
2024-09-04,0.001404691956,0.822139300751,0.433883739118,-0.900968867902,-0.902098701430,-0.431529758971
2024-09-05,0.007193125925,-2.147524908784,-0.433883739118,-0.900968867902,-0.909388220365,-0.415948391825
2024-09-06,-0.007152981684,0.567377793271,-0.974927912182,-0.222520933956,-0.916408636694,-0.400243938857
2024-09-07,0.000000000000,0.000000000000,-0.781831482468,0.623489801859,-0.923157872965,-0.384421047269
2024-09-08,0.000000000000,0.000000000000,0.000000000000,1.000000000000,-0.929633931968,-0.368484399308
2024-09-09,0.003323146312,0.000000000000,0.781831482468,0.623489801859,-0.935834897335,-0.352438710885
2024-09-10,0.004188195347,-2.782951509275,0.974927912182,-0.222520933956,-0.941758934099,-0.336288730177
2024-09-11,-0.000079592057,2.719100037289,0.433883739118,-0.900968867902,-0.947404289244,-0.320039236223
2024-09-12,0.015444721969,0.379489621705,-0.433883739118,-0.900968867902,-0.952769292217,-0.303695037511
2024-09-13,0.011729349341,-1.424613225422,-0.974927912182,-0.222520933956,-0.957852355428,-0.287260970551
2024-09-14,0.000000000000,0.000000000000,-0.781831482468,0.623489801859,-0.962651974716,-0.270741898448
2024-09-15,0.000000000000,0.000000000000,0.000000000000,1.000000000000,-0.967166729798,-0.254142709461
2024-09-16,-0.000348779085,-0.098440072813,0.781831482468,0.623489801859,-0.971395284684,-0.237468315558
2024-09-17,-0.006258831895,-0.231801614057,0.974927912182,-0.222520933956,-0.975336388077,-0.220723650961
2024-09-18,0.002492660431,0.122602322092,0.433883739118,-0.900968867902,-0.978988873741,-0.203913670683
2024-09-19,0.006707160272,1.347073647967,-0.433883739118,-0.900968867902,-0.982351660847,-0.187043349070
2024-09-20,0.012250735192,-1.714798428092,-0.974927912182,-0.222520933956,-0.985423754292,-0.170117678320
2024-09-21,0.000000000000,0.000000000000,-0.781831482468,0.623489801859,-0.988204244994,-0.153141667013
2024-09-22,0.000000000000,0.000000000000,0.000000000000,1.000000000000,-0.990692310162,-0.136120338623
2024-09-23,0.002516049581,-0.587786664902,0.781831482468,0.623489801859,-0.992887213536,-0.119058730034
2024-09-24,0.009360187861,1.280933845462,0.974927912182,-0.222520933956,-0.994788305609,-0.101961890052
2024-09-25,0.003012958044,1.586965056582,0.433883739118,-0.900968867902,-0.996395023819,-0.084834877906
2024-09-26,0.004015674633,4.583168551738,-0.433883739118,-0.900968867902,-0.997706892710,-0.067682761755
2024-09-27,-0.009634583484,-1.403931709304,-0.974927912182,-0.222520933956,-0.998723524080,-0.050510617185
2024-09-28,0.000000000000,0.000000000000,-0.781831482468,0.623489801859,-0.999444617092,-0.033323525712
2024-09-29,0.000000000000,0.000000000000,0.000000000000,1.000000000000,-0.999869958362,-0.016126573271
2024-09-30,-0.003105809233,-1.468309533830,0.781831482468,0.623489801859,-0.999999422025,0.001075151283
2024-10-01,0.011766153886,-1.844458701229,0.974927912182,-0.222520933956,-0.999832969770,0.018276557682
2024-10-02,-0.007602005079,-0.746493161265,0.433883739118,-0.900968867902,-0.999370650854,0.035472555753
2024-10-03,0.003770601214,1.581658348327,-0.433883739118,-0.900968867902,-0.998612602084,0.052658056925
2024-10-04,-0.004261843753,-1.127185661112,-0.974927912182,-0.222520933956,-0.997559047779,0.069827975730
2024-10-05,0.000000000000,0.000000000000,-0.781831482468,0.623489801859,-0.996210299702,0.086977231314
2024-10-06,0.000000000000,0.000000000000,0.000000000000,1.000000000000,-0.994566756971,0.104100748935
2024-10-07,-0.000378028955,0.907557051905,0.781831482468,0.623489801859,-0.992628905935,0.121193461471
2024-10-08,-0.011331369030,0.881299657665,0.974927912182,-0.222520933956,-0.990397320035,0.138250310911
2024-10-09,-0.003447618814,-1.503350916541,0.433883739118,-0.900968867902,-0.987872659635,0.155266249860
2024-10-10,0.005586857751,0.741003201738,-0.433883739118,-0.900968867902,-0.985055671822,0.172236243028
2024-10-11,0.014020160170,-3.206491765668,-0.974927912182,-0.222520933956,-0.981947190187,0.189155268720
2024-10-12,0.000000000000,0.000000000000,-0.781831482468,0.623489801859,-0.978548134580,0.206018320325
2024-10-13,0.000000000000,0.000000000000,0.000000000000,1.000000000000,-0.974859510837,0.222820407795
2024-10-14,-0.003694371660,1.148622709243,0.781831482468,0.623489801859,-0.970882410481,0.239556559121
2024-10-15,0.005123138472,-0.024692612590,0.974927912182,-0.222520933956,-0.966618010400,0.256221821807
2024-10-16,0.004723215246,-1.742969305059,0.433883739118,-0.900968867902,-0.962067572498,0.272811264334
2024-10-17,0.006337393065,1.488077055430,-0.433883739118,-0.900968867902,-0.957232443323,0.289319977619
2024-10-18,0.008400127614,-0.032789822823,-0.974927912182,-0.222520933956,-0.952114053668,0.305743076467
2024-10-19,0.000000000000,0.000000000000,-0.781831482468,0.623489801859,-0.946713918146,0.322075701021
2024-10-20,0.000000000000,0.000000000000,0.000000000000,1.000000000000,-0.941033634745,0.338313018192
2024-10-21,0.003457973722,0.569094531890,0.781831482468,0.623489801859,-0.935074884352,0.354450223099
2024-10-22,0.007718602631,0.573002868718,0.974927912182,-0.222520933956,-0.928839430256,0.370482540482
2024-10-23,-0.010918677201,-1.598855803104,0.433883739118,-0.900968867902,-0.922329117629,0.386405226121
2024-10-24,0.007523937916,0.387765531009,-0.433883739118,-0.900968867902,-0.915545872978,0.402213568237
2024-10-25,0.002191461564,0.068992871487,-0.974927912182,-0.222520933956,-0.908491703573,0.417902888887
2024-10-26,0.000000000000,0.000000000000,-0.781831482468,0.623489801859,-0.901168696856,0.433468545349
2024-10-27,0.000000000000,0.000000000000,0.000000000000,1.000000000000,-0.893579019824,0.448905931494
2024-10-28,0.000729421263,0.641853886172,0.781831482468,0.623489801859,-0.885724918384,0.464210479152
2024-10-29,0.009253781457,2.701007918477,0.974927912182,-0.222520933956,-0.877608716690,0.479377659461
2024-10-30,0.007234316137,-1.297321814645,0.433883739118,-0.900968867902,-0.869232816457,0.494402984208
2024-10-31,-0.018166509123,1.298498977818,-0.433883739118,-0.900968867902,-0.860599696250,0.509282007157
2024-11-01,0.000109568851,-2.044755983692,-0.974927912182,-0.222520933956,-0.851711910747,0.524010325368
2024-11-02,0.000000000000,0.000000000000,-0.781831482468,0.623489801859,-0.842572089987,0.538583580492
2024-11-03,0.000000000000,0.000000000000,0.000000000000,1.000000000000,-0.833182938589,0.552997460070
2024-11-04,-0.000913292083,-1.867267021736,0.781831482468,0.623489801859,-0.823547234956,0.567247698803
2024-11-05,0.001533836784,0.344840486292,0.974927912182,-0.222520933956,-0.813667830446,0.581330079815
2024-11-06,-0.026888192892,2.881069365234,0.433883739118,-0.900968867902,-0.803547648534,0.595240435904
2024-11-07,0.011479740191,0.458548077330,-0.433883739118,-0.900968867902,-0.793189683945,0.608974650772
2024-11-08,-0.004047575121,0.428342718187,-0.974927912182,-0.222520933956,-0.782597001768,0.622528660243
2024-11-09,0.000000000000,0.000000000000,-0.781831482468,0.623489801859,-0.771772736547,0.635898453468
2024-11-10,0.000000000000,0.000000000000,0.000000000000,1.000000000000,-0.760720091356,0.649080074110
2024-11-11,-0.028801526366,-3.901491553376,0.781831482468,0.623489801859,-0.749442336852,0.662069621515
2024-11-12,-0.004298422061,1.734601055388,0.974927912182,-0.222520933956,-0.737942810303,0.674863251868
2024-11-13,-0.007411997719,-0.790139446547,0.433883739118,-0.900968867902,-0.726224914604,0.687457179327
2024-11-14,-0.004894201906,-0.656779536389,-0.433883739118,-0.900968867902,-0.714292117269,0.699847677146
2024-11-15,-0.000973918559,-0.287682072452,-0.974927912182,-0.222520933956,-0.702147949405,0.712031078779
2024-11-16,0.000000000000,0.000000000000,-0.781831482468,0.623489801859,-0.689796004666,0.724003778959
2024-11-17,0.000000000000,0.000000000000,0.000000000000,1.000000000000,-0.677239938191,0.735762234774
2024-11-18,0.017348790537,1.875458488105,0.781831482468,0.623489801859,-0.664483465523,0.747302966705
2024-11-19,0.006300496007,-0.442644111350,0.974927912182,-0.222520933956,-0.651530361507,0.758622559666
2024-11-20,0.007999532098,-1.145132304303,0.433883739118,-0.900968867902,-0.638384459175,0.769717664007
2024-11-21,0.008984571185,0.194156014441,-0.433883739118,-0.900968867902,-0.625049648610,0.780584996507
2024-11-22,0.014046981134,0.211309093667,-0.974927912182,-0.222520933956,-0.611529875799,0.791221341348
2024-11-23,0.000000000000,0.000000000000,-0.781831482468,0.623489801859,-0.597829141459,0.801623551065
2024-11-24,0.000000000000,0.000000000000,0.000000000000,1.000000000000,-0.583951499858,0.811788547476
2024-11-25,-0.034959481903,0.816207273317,0.781831482468,0.623489801859,-0.569901057613,0.821713322596
2024-11-26,0.001336617768,7.534869488938,0.974927912182,-0.222520933956,-0.555681972476,0.831394939523
2024-11-27,0.007452166991,-1.059452991650,0.433883739118,-0.900968867902,-0.541298452104,0.840830533312
2024-11-28,0.000000000000,0.000000000000,-0.433883739118,-0.900968867902,-0.526754752811,0.850017311819
2024-11-29,0.006456666117,-2.770352925900,-0.974927912182,-0.222520933956,-0.512055178311,0.858952556527
2024-11-30,0.000000000000,0.000000000000,-0.781831482468,0.623489801859,-0.497204078447,0.867633623355
2024-12-01,0.000000000000,0.000000000000,0.000000000000,1.000000000000,-0.482205847896,0.876057943434
2024-12-02,-0.008352473231,-1.713590802654,0.781831482468,0.623489801859,-0.467064924877,0.884223023874
2024-12-03,0.003712425318,0.423500718008,0.974927912182,-0.222520933956,-0.451785789833,0.892126448495
2024-12-04,0.003434974655,-1.447389460480,0.433883739118,-0.900968867902,-0.436372964105,0.899765878548
2024-12-05,-0.010302322171,0.831168478457,-0.433883739118,-0.900968867902,-0.420831008596,0.907139053401
2024-12-06,0.004558239130,-0.003490404940,-0.974927912182,-0.222520933956,-0.405164522421,0.914243791213
2024-12-07,0.000000000000,0.000000000000,-0.781831482468,0.623489801859,-0.389378141545,0.921077989579
2024-12-08,0.000000000000,0.000000000000,0.000000000000,1.000000000000,-0.373476537413,0.927639626149
2024-12-09,0.009917986338,0.492476485098,0.781831482468,0.623489801859,-0.357464415565,0.933926759229
2024-12-10,0.012196028210,-0.759396566101,0.974927912182,-0.222520933956,-0.341346514245,0.939937528356
2024-12-11,0.013330075571,2.045776145395,0.433883739118,-0.900968867902,-0.325127603000,0.945670154847
2024-12-12,-0.017081207144,-0.359039011234,-0.433883739118,-0.900968867902,-0.308812481266,0.951122942324
2024-12-13,-0.011790161840,-0.742529235839,-0.974927912182,-0.222520933956,-0.292405976951,0.956294277220
2024-12-14,0.000000000000,0.000000000000,-0.781831482468,0.623489801859,-0.275912945003,0.961182629254
2024-12-15,0.000000000000,0.000000000000,0.000000000000,1.000000000000,-0.259338265975,0.965786551884
2024-12-16,-0.001733466064,-0.248780215065,0.781831482468,0.623489801859,-0.242686844583,0.970104682736
2024-12-17,-0.002643606003,-0.218031356142,0.974927912182,-0.222520933956,-0.225963608248,0.974135744005
2024-12-18,-0.002991879559,-0.219255933765,0.433883739118,-0.900968867902,-0.209173505646,0.977878542834
2024-12-19,-0.016945362818,-0.863895751796,-0.433883739118,-0.900968867902,-0.192321505239,0.981331971670
2024-12-20,0.013982491661,0.908730847066,-0.974927912182,-0.222520933956,-0.175412593804,0.984495008588
2024-12-21,0.000000000000,0.000000000000,-0.781831482468,0.623489801859,-0.158451774961,0.987366717594
2024-12-22,0.000000000000,0.000000000000,0.000000000000,1.000000000000,-0.141444067688,0.989946248902
2024-12-23,-0.006258330804,-0.271512219165,0.781831482468,0.623489801859,-0.124394504840,0.992232839189
2024-12-24,0.002943239745,-2.530163241376,0.974927912182,-0.222520933956,-0.107308131656,0.994225811816
2024-12-25,0.000000000000,0.000000000000,0.433883739118,-0.900968867902,-0.090190004270,0.995924577029
2024-12-26,0.007149969097,0.859132318034,-0.433883739118,-0.900968867902,-0.073045188211,0.997328632136
2024-12-27,-0.008219261514,2.023493467747,-0.974927912182,-0.222520933956,-0.055878756905,0.998437561657
2024-12-28,0.000000000000,0.000000000000,-0.781831482468,0.623489801859,-0.038695790177,0.999251037439
2024-12-29,0.000000000000,0.000000000000,0.000000000000,1.000000000000,-0.021501372741,0.999768818763
2024-12-30,-0.004250136933,0.212197390417,0.781831482468,0.623489801859,-0.004300592703,0.999990752408
2024-12-31,0.008824710412,-0.681890026035,0.974927912182,-0.222520933956,0.012901459949,0.999916772702
2025-01-01,0.000000000000,0.000000000000,0.433883739118,-0.900968867902,0.017201575418,0.999852041956
2025-01-02,0.011232867866,1.458846397064,-0.433883739118,-0.900968867902,0.034398060614,0.999408211606
2025-01-03,-0.005241401392,-1.071791850799,-0.974927912182,-0.222520933956,0.051584366869,0.998668640288
2025-01-04,0.000000000000,0.000000000000,-0.781831482468,0.623489801859,0.068755408481,0.997633546852
2025-01-05,0.000000000000,0.000000000000,0.000000000000,1.000000000000,0.085906104261,0.996303237599
2025-01-06,-0.002498429501,0.484467774086,0.781831482468,0.623489801859,0.103031379043,0.994678106189
2025-01-07,0.006912096918,-0.400275682866,0.974927912182,-0.222520933956,0.120126165182,0.992758633525
2025-01-08,0.002931690027,0.440056552878,0.433883739118,-0.900968867902,0.137185404057,0.990545387609
2025-01-09,0.007217296124,0.131028262406,-0.433883739118,-0.900968867902,0.154204047563,0.988039023377
2025-01-10,0.009161257237,-1.037368663427,-0.974927912182,-0.222520933956,0.171177059610,0.985240282501
2025-01-11,0.000000000000,0.000000000000,-0.781831482468,0.623489801859,0.188099417612,0.982149993175
2025-01-12,0.000000000000,0.000000000000,0.000000000000,1.000000000000,0.204966113969,0.978769069865
2025-01-13,-0.013006500709,0.639767291779,0.781831482468,0.623489801859,0.221772157556,0.975098513040
2025-01-14,0.001495047933,0.037159944914,0.974927912182,-0.222520933956,0.238512575194,0.971139408877
2025-01-15,0.012987195527,0.157917162623,0.433883739118,-0.900968867902,0.255182413123,0.966892928939
2025-01-16,0.012420208737,0.614982407711,-0.433883739118,-0.900968867902,0.271776738471,0.962360329828
2025-01-17,-0.000764876477,-0.348742329213,-0.974927912182,-0.222520933956,0.288290640710,0.957542952812
2025-01-18,0.000000000000,0.000000000000,-0.781831482468,0.623489801859,0.304719233109,0.952442223431
2025-01-19,0.000000000000,0.000000000000,0.000000000000,1.000000000000,0.321057654185,0.947059651072
2025-01-20,0.000000000000,0.000000000000,0.781831482468,0.623489801859,0.337301069136,0.941396828526
2025-01-21,0.003891391479,0.169899036795,0.974927912182,-0.222520933956,0.353444671274,0.935455431513
2025-01-22,0.004563111323,0.367724780125,0.433883739118,-0.900968867902,0.369483683447,0.929237218188
2025-01-23,-0.001627280754,0.056998144587,-0.433883739118,-0.900968867902,0.385413359454,0.922744028620
2025-01-24,0.005125977146,-0.323119457932,-0.974927912182,-0.222520933956,0.401228985448,0.915977784248
2025-01-25,0.000000000000,0.000000000000,-0.781831482468,0.623489801859,0.416925881329,0.908940487314
2025-01-26,0.000000000000,0.000000000000,0.000000000000,1.000000000000,0.432499402134,0.901634220265
2025-01-27,-0.014434155177,-0.481360218178,0.781831482468,0.623489801859,0.447944939408,0.894061145145
2025-01-28,0.010646340250,0.851494986456,0.974927912182,-0.222520933956,0.463257922567,0.886223502949
2025-01-29,0.000830957532,3.997461077253,0.433883739118,-0.900968867902,0.478433820255,0.878123612959
2025-01-30,0.019277756348,-1.141419258162,-0.433883739118,-0.900968867902,0.493468141677,0.869763872065
2025-01-31,-0.003726381741,-2.455789581172,-0.974927912182,-0.222520933956,0.508356437938,0.861146754048
2025-02-01,0.000000000000,0.000000000000,-0.781831482468,0.623489801859,0.523094303349,0.852274808852
2025-02-02,0.000000000000,0.000000000000,0.000000000000,1.000000000000,0.537677376741,0.843150661828
2025-02-03,0.007580052840,-0.262073946567,0.781831482468,0.623489801859,0.552101342746,0.833777012959
2025-02-04,0.006822415916,-0.191571755438,0.974927912182,-0.222520933956,0.566361933081,0.824156636057
2025-02-05,0.006393163441,0.725524109284,0.433883739118,-0.900968867902,0.580454927809,0.814292377947
2025-02-06,-0.005447355250,-0.371640993059,-0.433883739118,-0.900968867902,0.594376156585,0.804187157621
2025-02-07,0.003948792974,-0.536387505089,-0.974927912182,-0.222520933956,0.608121499894,0.793843965378
2025-02-08,0.000000000000,0.000000000000,-0.781831482468,0.623489801859,0.621686890267,0.783265861934
2025-02-09,0.000000000000,0.000000000000,0.000000000000,1.000000000000,0.635068313487,0.772455977519
2025-02-10,0.016258833047,0.205099114193,0.781831482468,0.623489801859,0.648261809776,0.761417510953
2025-02-11,-0.000617851606,0.132469613766,0.974927912182,-0.222520933956,0.661263474966,0.750153728696
2025-02-12,-0.001202439379,-0.019763489119,0.433883739118,-0.900968867902,0.674069461655,0.738667963881
2025-02-13,0.005792712774,0.623084446983,-0.433883739118,-0.900968867902,0.686675980345,0.726963615332
2025-02-14,-0.014562544873,-0.851732140289,-0.974927912182,-0.222520933956,0.699079300566,0.715044146554
2025-02-15,0.000000000000,0.000000000000,-0.781831482468,0.623489801859,0.711275751974,0.702913084708
2025-02-16,0.000000000000,0.000000000000,0.000000000000,1.000000000000,0.723261725444,0.690574019572
2025-02-17,0.000000000000,0.000000000000,0.781831482468,0.623489801859,0.735033674133,0.678030602474
2025-02-18,0.016508834967,0.699399545557,0.974927912182,-0.222520933956,0.746588114532,0.665286545211
2025-02-19,-0.004170300118,-0.421676584730,0.433883739118,-0.900968867902,0.757921627497,0.652345618957
2025-02-20,0.007031499087,-1.387435262556,-0.433883739118,-0.900968867902,0.769030859259,0.639211653138
2025-02-21,-0.000816626663,-0.140294808829,-0.974927912182,-0.222520933956,0.779912522417,0.625888534308
2025-02-22,0.000000000000,0.000000000000,-0.781831482468,0.623489801859,0.790563396912,0.612380204990
2025-02-23,0.000000000000,0.000000000000,0.000000000000,1.000000000000,0.800980330978,0.598690662518
2025-02-24,0.003500064634,-0.316703949395,0.781831482468,0.623489801859,0.811160242079,0.584823957846
2025-02-25,-0.014831760871,1.494954714780,0.974927912182,-0.222520933956,0.821100117813,0.570784194357
2025-02-26,0.004225883232,0.100442783031,0.433883739118,-0.900968867902,0.830797016812,0.556575526641
2025-02-27,-0.011586370186,0.449810872226,-0.433883739118,-0.900968867902,0.840248069608,0.542202159273
2025-02-28,-0.016224097946,-1.177179095969,-0.974927912182,-0.222520933956,0.849450479481,0.527668345563
2025-03-01,0.000000000000,0.000000000000,-0.781831482468,0.623489801859,0.858401523292,0.512978386299
2025-03-02,0.000000000000,0.000000000000,0.000000000000,1.000000000000,0.867098552281,0.498136628478
2025-03-03,0.018649013438,-0.848981079098,0.781831482468,0.623489801859,0.875538992859,0.483147464015
2025-03-04,0.006689961266,0.736983495373,0.974927912182,-0.222520933956,0.883720347362,0.468015328444
2025-03-05,0.001957098954,-0.473168904328,0.433883739118,-0.900968867902,0.891640194797,0.452744699607
2025-03-06,0.000445840572,0.456093930575,-0.433883739118,-0.900968867902,0.899296191553,0.437340096330
2025-03-07,-0.004088489843,-0.492998487511,-0.974927912182,-0.222520933956,0.906686072098,0.421806077083
2025-03-08,0.000000000000,0.000000000000,-0.781831482468,0.623489801859,0.913807649647,0.406147238631
2025-03-09,0.000000000000,0.000000000000,0.000000000000,1.000000000000,0.920658816810,0.390368214676
2025-03-10,-0.004727634903,-2.251291798606,0.781831482468,0.623489801859,0.927237546218,0.374473674487
2025-03-11,0.007546651958,1.262915339959,0.974927912182,-0.222520933956,0.933541891118,0.358468321512
2025-03-12,0.008954330271,0.077708984327,0.433883739118,-0.900968867902,0.939569985953,0.342356891995
2025-03-13,0.015261784580,2.403402594492,-0.433883739118,-0.900968867902,0.945320046913,0.326144153564
2025-03-14,0.003412042880,-0.273281264338,-0.974927912182,-0.222520933956,0.950790372463,0.309834903832
2025-03-15,0.000000000000,0.000000000000,-0.781831482468,0.623489801859,0.955979343844,0.293433968967
2025-03-16,0.000000000000,0.000000000000,0.000000000000,1.000000000000,0.960885425557,0.276946202269
2025-03-17,0.001835015946,-2.125459317048,0.781831482468,0.623489801859,0.965507165814,0.260376482734
2025-03-18,0.011632116405,0.690818890800,0.974927912182,-0.222520933956,0.969843196967,0.243729713610
2025-03-19,0.000263483674,-0.890972923890,0.433883739118,-0.900968867902,0.973892235915,0.227010820941
2025-03-20,0.001349626671,0.055262678675,-0.433883739118,-0.900968867902,0.977653084482,0.210224752119
2025-03-21,-0.007196904394,-0.201866152867,-0.974927912182,-0.222520933956,0.981124629772,0.193376474410
2025-03-22,0.000000000000,0.000000000000,-0.781831482468,0.623489801859,0.984305844499,0.176470973492
2025-03-23,0.000000000000,0.000000000000,0.000000000000,1.000000000000,0.987195787291,0.159513251973
2025-03-24,-0.001691129504,-0.096626835689,0.781831482468,0.623489801859,0.989793602967,0.142508327916
2025-03-25,0.003511749378,-0.609765571621,0.974927912182,-0.222520933956,0.992098522792,0.125461233353
2025-03-26,-0.000926462991,0.113328685307,0.433883739118,-0.900968867902,0.994109864702,0.108377012792
2025-03-27,0.012925489442,7.300119065329,-0.433883739118,-0.900968867902,0.995827033510,0.091260721729
2025-03-28,0.008557505502,-1.382538156565,-0.974927912182,-0.222520933956,0.997249521077,0.074117425151
2025-03-29,0.000000000000,0.000000000000,-0.781831482468,0.623489801859,0.998376906467,0.056952196034
2025-03-30,0.000000000000,0.000000000000,0.000000000000,1.000000000000,0.999208856068,0.039770113846
2025-03-31,0.011692288048,-2.205461697175,0.781831482468,0.623489801859,0.999745123693,0.022576263042
2025-04-01,-0.001249706658,-0.691694325445,0.974927912182,-0.222520933956,0.999985550651,0.005375731558
2025-04-02,0.006710576935,1.239400484719,0.433883739118,-0.900968867902,0.999930065796,-0.011826390692
2025-04-03,-0.013757020187,-0.075052656434,-0.433883739118,-0.900968867902,0.999578685548,-0.029025013322
2025-04-04,-0.027829591053,-0.529794811991,-0.974927912182,-0.222520933956,0.998931513885,-0.046215046984
2025-04-05,0.000000000000,0.000000000000,-0.781831482468,0.623489801859,0.997988742316,-0.063391404870
2025-04-06,0.000000000000,0.000000000000,0.000000000000,1.000000000000,0.996750649821,-0.080549004219
2025-04-07,-0.020358542145,0.309230856160,0.781831482468,0.623489801859,0.995217602774,-0.097682767822
2025-04-08,0.005777286423,-0.319754011145,0.974927912182,-0.222520933956,0.993390054826,-0.114787625522
2025-04-09,0.029247416271,-0.390027938322,0.433883739118,-0.900968867902,0.991268546779,-0.131858515717
2025-04-10,0.031781399464,0.462912831946,-0.433883739118,-0.900968867902,0.988853706421,-0.148890386856
2025-04-11,0.021012470970,-1.387741748838,-0.974927912182,-0.222520933956,0.986146248342,-0.165878198935
2025-04-12,0.000000000000,0.000000000000,-0.781831482468,0.623489801859,0.983146973722,-0.182816924985
2025-04-13,0.000000000000,0.000000000000,0.000000000000,1.000000000000,0.979856770096,-0.199701552566
2025-04-14,-0.005414639756,-1.184465587937,0.781831482468,0.623489801859,0.976276611087,-0.216527085245
2025-04-15,0.004327834993,0.392758456839,0.974927912182,-0.222520933956,0.972407556122,-0.233288544075
2025-04-16,0.032973254572,1.567656378419,0.433883739118,-0.900968867902,0.968250750117,-0.249980969073
2025-04-17,-0.005395442490,-0.820980552070,-0.433883739118,-0.900968867902,0.963807423137,-0.266599420679
2025-04-18,0.000000000000,0.000000000000,-0.974927912182,-0.222520933956,0.959078890034,-0.283138981228
2025-04-19,0.000000000000,0.000000000000,-0.781831482468,0.623489801859,0.954066550058,-0.299594756397
2025-04-20,0.000000000000,0.000000000000,0.000000000000,1.000000000000,0.948771886440,-0.315961876658
2025-04-21,0.029041937847,-2.345935533868,0.781831482468,0.623489801859,0.943196465957,-0.332235498716
2025-04-22,-0.001586573667,2.297508939962,0.974927912182,-0.222520933956,0.937341938464,-0.348410806945
2025-04-23,-0.037295960627,-0.861821823513,0.433883739118,-0.900968867902,0.931210036412,-0.364483014810
2025-04-24,0.016857972512,0.524585936606,-0.433883739118,-0.900968867902,0.924802574329,-0.380447366288
2025-04-25,-0.014997891910,-1.235970704716,-0.974927912182,-0.222520933956,0.918121448284,-0.396299137269
2025-04-26,0.000000000000,0.000000000000,-0.781831482468,0.623489801859,0.911168635333,-0.412033636959
2025-04-27,0.000000000000,0.000000000000,0.000000000000,1.000000000000,0.903946192922,-0.427646209268
2025-04-28,0.015147940676,2.077138277706,0.781831482468,0.623489801859,0.896456258291,-0.443132234183
2025-04-29,-0.004119486550,-0.017054676934,0.974927912182,-0.222520933956,0.888701047829,-0.458487129140
2025-04-30,-0.004166813217,-1.816295721878,0.433883739118,-0.900968867902,0.880682856430,-0.473706350380
2025-05-01,-0.029165536162,2.327277705584,-0.433883739118,-0.900968867902,0.872404056805,-0.488785394289
2025-05-02,0.006799232228,-0.456955913853,-0.974927912182,-0.222520933956,0.863867098784,-0.503719798736
2025-05-03,0.000000000000,0.000000000000,-0.781831482468,0.623489801859,0.855074508590,-0.518505144391
2025-05-04,0.000000000000,0.000000000000,0.000000000000,1.000000000000,0.846028888092,-0.533137056032
2025-05-05,0.024270706904,-1.706601660888,0.781831482468,0.623489801859,0.836732914034,-0.547611203840
2025-05-06,0.029781859324,2.264310870553,0.974927912182,-0.222520933956,0.827189337246,-0.561923304683
2025-05-07,-0.008832939558,-0.779927263458,0.433883739118,-0.900968867902,0.817400981825,-0.576069123380
2025-05-08,-0.025398132102,-1.682336909580,-0.433883739118,-0.900968867902,0.807370744302,-0.590044473955
2025-05-09,0.011700918988,0.076592445481,-0.974927912182,-0.222520933956,0.797101592787,-0.603845220877
2025-05-10,0.000000000000,0.000000000000,-0.781831482468,0.623489801859,0.786596566087,-0.617467280284
2025-05-11,0.000000000000,0.000000000000,0.000000000000,1.000000000000,0.775858772807,-0.630906621188
2025-05-12,-0.035211223370,1.407947628769,0.781831482468,0.623489801859,0.764891390434,-0.644159266672
2025-05-13,0.006284573623,1.005741821062,0.974927912182,-0.222520933956,0.753697664393,-0.657221295066
2025-05-14,-0.018344612393,0.372345333950,0.433883739118,-0.900968867902,0.742280907087,-0.670088841106
2025-05-15,0.012277391288,-1.684355008045,-0.433883739118,-0.900968867902,0.730644496918,-0.682758097076
2025-05-16,-0.012088782158,-1.183259762728,-0.974927912182,-0.222520933956,0.718791877288,-0.695225313941
2025-05-17,0.000000000000,0.000000000000,-0.781831482468,0.623489801859,0.706726555578,-0.707486802450
2025-05-18,0.000000000000,0.000000000000,0.000000000000,1.000000000000,0.694452102109,-0.719538934233
2025-05-19,0.014631561796,0.288931291852,0.781831482468,0.623489801859,0.681972149090,-0.731378142868
2025-05-20,0.015793404802,0.290487123379,0.974927912182,-0.222520933956,0.669290389541,-0.743000924944
2025-05-21,0.008801804903,1.009816789885,0.433883739118,-0.900968867902,0.656410576198,-0.754403841093
2025-05-22,-0.005150277910,0.211649171888,-0.433883739118,-0.900968867902,0.643336520404,-0.765583517008
2025-05-23,0.021425434504,-3.228000732645,-0.974927912182,-0.222520933956,0.630072090984,-0.776536644443
2025-05-24,0.000000000000,0.000000000000,-0.781831482468,0.623489801859,0.616621213096,-0.787259982192
2025-05-25,0.000000000000,0.000000000000,0.000000000000,1.000000000000,0.602987867069,-0.797750357046
2025-05-26,0.000000000000,0.000000000000,0.781831482468,0.623489801859,0.589176087232,-0.808004664735
2025-05-27,-0.019362124406,1.375823061253,0.974927912182,-0.222520933956,0.575189960712,-0.818019870844
2025-05-28,-0.001668512480,6.510876883522,0.433883739118,-0.900968867902,0.561033626228,-0.827793011713
2025-05-29,0.007109715551,-1.656751775847,-0.433883739118,-0.900968867902,0.546711272869,-0.837321195312
2025-05-30,-0.008537804001,-2.398593066567,-0.974927912182,-0.222520933956,0.532227138847,-0.846601602098
2025-05-31,0.000000000000,0.000000000000,-0.781831482468,0.623489801859,0.517585510253,-0.855631485849
2025-06-01,0.000000000000,0.000000000000,0.000000000000,1.000000000000,0.502790719779,-0.864408174478
2025-06-02,0.024537666359,-0.818069461226,0.781831482468,0.623489801859,0.487847145442,-0.872929070821
2025-06-03,-0.006070768060,1.881283891944,0.974927912182,-0.222520933956,0.472759209286,-0.881191653407
2025-06-04,0.006930750113,-3.428232464286,0.433883739118,-0.900968867902,0.457531376074,-0.889193477207
2025-06-05,-0.006781516425,1.258242434260,-0.433883739118,-0.900968867902,0.442168151967,-0.896932174351
2025-06-06,-0.008391573926,-2.189061266697,-0.974927912182,-0.222520933956,0.426674083190,-0.904405454834
2025-06-07,0.000000000000,0.000000000000,-0.781831482468,0.623489801859,0.411053754687,-0.911611107193
2025-06-08,0.000000000000,0.000000000000,0.000000000000,1.000000000000,0.395311788765,-0.918546999159
2025-06-09,0.002825074433,3.136554099441,0.781831482468,0.623489801859,0.379452843725,-0.925211078289
2025-06-10,-0.003366964044,-3.353618604679,0.974927912182,-0.222520933956,0.363481612483,-0.931601372577
2025-06-11,0.000120486130,3.463365671778,0.433883739118,-0.900968867902,0.347402821184,-0.937715991030
2025-06-12,0.017785630103,-0.146978235286,-0.433883739118,-0.900968867902,0.331221227802,-0.943553124235
2025-06-13,0.014768122634,-1.291434080096,-0.974927912182,-0.222520933956,0.314941620729,-0.949111044890
2025-06-14,0.000000000000,0.000000000000,-0.781831482468,0.623489801859,0.298568817364,-0.954388108318
2025-06-15,0.000000000000,0.000000000000,0.000000000000,1.000000000000,0.282107662682,-0.959382752949
2025-06-16,-0.010194021600,-0.038740828316,0.781831482468,0.623489801859,0.265563027804,-0.964093500789
2025-06-17,-0.002889521305,1.122577831402,0.974927912182,-0.222520933956,0.248939808554,-0.968518957851
2025-06-18,0.000944439921,-7.298445101508,0.433883739118,-0.900968867902,0.232242924009,-0.972657814572
2025-06-19,0.000000000000,0.000000000000,-0.433883739118,-0.900968867902,0.215477315047,-0.976508846197
2025-06-20,-0.006422120861,6.565264970035,-0.974927912182,-0.222520933956,0.198647942880,-0.980070913143
2025-06-21,0.000000000000,0.000000000000,-0.781831482468,0.623489801859,0.181759787591,-0.983342961339
2025-06-22,0.000000000000,0.000000000000,0.000000000000,1.000000000000,0.164817846657,-0.986324022532
2025-06-23,0.002846173894,-3.131277765550,0.781831482468,0.623489801859,0.147827133471,-0.989013214578
2025-06-24,-0.018013675887,2.855728366424,0.974927912182,-0.222520933956,0.130792675857,-0.991409741702
2025-06-25,0.002919768893,-0.365459773494,0.433883739118,-0.900968867902,0.113719514586,-0.993512894734
2025-06-26,0.001921720031,1.705719909613,-0.433883739118,-0.900968867902,0.096612701881,-0.995322051316
2025-06-27,-0.018101974273,-1.977486526759,-0.974927912182,-0.222520933956,0.079477299924,-0.996836676089
2025-06-28,0.000000000000,0.000000000000,-0.781831482468,0.623489801859,0.062318379354,-0.998056320853
2025-06-29,0.000000000000,0.000000000000,0.000000000000,1.000000000000,0.045141017774,-0.998980624694
2025-06-30,0.006303198845,1.472793911242,0.781831482468,0.623489801859,0.027950298240,-0.999609314096
2025-07-01,0.012758252337,-1.206389237238,0.974927912182,-0.222520933956,0.010751307764,-0.999942203020
2025-07-02,0.003380872642,-2.230014400159,0.433883739118,-0.900968867902,-0.006450864198,-0.999979192959
2025-07-03,-0.004910454236,-3.688879454114,-0.433883739118,-0.900968867902,-0.023651127245,-0.999720272966
2025-07-04,0.000270074680,0.000000000000,-0.974927912182,-0.222520933956,-0.040844391543,-0.999165519661
2025-07-05,0.000000000000,0.000000000000,-0.781831482468,0.623489801859,-0.058025569329,-0.998315097203
2025-07-06,0.000000000000,0.000000000000,0.000000000000,1.000000000000,-0.075189576415,-0.997169257247
2025-07-07,-0.000090041211,5.541263545158,0.781831482468,0.623489801859,-0.092331333695,-0.995728338865
2025-07-08,-0.007591297860,1.272181054352,0.974927912182,-0.222520933956,-0.109445768649,-0.993992768447
2025-07-09,0.001390051772,-2.068512471148,0.433883739118,-0.900968867902,-0.126527816839,-0.991963059577
2025-07-10,0.001749828381,0.602175402354,-0.433883739118,-0.900968867902,-0.143572423412,-0.989639812879
2025-07-11,0.011568474453,1.308332819650,-0.974927912182,-0.222520933956,-0.160574544595,-0.987023715839
2025-07-12,0.000000000000,0.000000000000,-0.781831482468,0.623489801859,-0.177529149187,-0.984115542601
2025-07-13,0.000000000000,0.000000000000,0.000000000000,1.000000000000,-0.194431220048,-0.980916153741
2025-07-14,-0.001341781789,-0.285539367539,0.781831482468,0.623489801859,-0.211275755582,-0.977426496010
2025-07-15,-0.006495750023,-1.018042849352,0.974927912182,-0.222520933956,-0.228057771222,-0.973647602054
2025-07-16,0.006794079381,-2.953962860678,0.433883739118,-0.900968867902,-0.244772300897,-0.969580590108
2025-07-17,-0.003705560276,4.106392900738,-0.433883739118,-0.900968867902,-0.261414398511,-0.965226663666
2025-07-18,0.003854691586,-0.102370976809,-0.974927912182,-0.222520933956,-0.277979139399,-0.960587111125
2025-07-19,0.000000000000,0.000000000000,-0.781831482468,0.623489801859,-0.294461621787,-0.955663305403
2025-07-20,0.000000000000,0.000000000000,0.000000000000,1.000000000000,-0.310856968244,-0.950456703535
2025-07-21,0.014478602877,-2.412933150163,0.781831482468,0.623489801859,-0.327160327122,-0.944968846236
2025-07-22,0.010904801641,-0.300104592450,0.974927912182,-0.222520933956,-0.343366873996,-0.939201357453
2025-07-23,-0.013200213092,0.470003629246,0.433883739118,-0.900968867902,-0.359471813088,-0.933155943878
2025-07-24,-0.006829222658,2.910991045099,-0.433883739118,-0.900968867902,-0.375470378688,-0.926834394446
2025-07-25,-0.011036651923,-2.850366423282,-0.974927912182,-0.222520933956,-0.391357836561,-0.920238579805
2025-07-26,0.000000000000,0.000000000000,-0.781831482468,0.623489801859,-0.407129485354,-0.913370451764
2025-07-27,0.000000000000,0.000000000000,0.000000000000,1.000000000000,-0.422780657983,-0.906232042711
2025-07-28,-0.007496505724,2.060888133784,0.781831482468,0.623489801859,-0.438306723013,-0.898825465016
2025-07-29,0.004312047296,5.356029621996,0.974927912182,-0.222520933956,-0.453703086031,-0.891152910406
2025-07-30,-0.008339380491,-1.771003289227,0.433883739118,-0.900968867902,-0.468965191008,-0.883216649313
2025-07-31,-0.000789223795,-1.647983633999,-0.433883739118,-0.900968867902,-0.484088521639,-0.875019030203
2025-08-01,0.016413806677,-0.079750352753,-0.974927912182,-0.222520933956,-0.499068602689,-0.866562478885
2025-08-02,0.000000000000,0.000000000000,-0.781831482468,0.623489801859,-0.513901001309,-0.857849497787
2025-08-03,0.000000000000,0.000000000000,0.000000000000,1.000000000000,-0.528581328356,-0.848882665221
2025-08-04,0.007943973510,-2.274057009380,0.781831482468,0.623489801859,-0.543105239683,-0.839664634618
2025-08-05,0.002220151058,0.956385189076,0.974927912182,-0.222520933956,-0.557468437433,-0.830198133741
2025-08-06,-0.000561943365,0.488526432865,0.433883739118,-0.900968867902,-0.571666671303,-0.820485963879
2025-08-07,0.005987967889,1.297576603071,-0.433883739118,-0.900968867902,-0.585695739807,-0.810530999019
2025-08-08,0.011346160260,0.337386731427,-0.974927912182,-0.222520933956,-0.599551491520,-0.800336184998
2025-08-09,0.000000000000,0.000000000000,-0.781831482468,0.623489801859,-0.613229826300,-0.789904538622
2025-08-10,0.000000000000,0.000000000000,0.000000000000,1.000000000000,-0.626726696508,-0.779239146786
2025-08-11,-0.025324517442,-1.637646099353,0.781831482468,0.623489801859,-0.640038108204,-0.768343165549
2025-08-12,-0.001253415656,0.079370890383,0.974927912182,-0.222520933956,-0.653160122327,-0.757219819208
2025-08-13,0.002922075262,-0.465547073219,0.433883739118,-0.900968867902,-0.666088855861,-0.745872399340
2025-08-14,-0.007021346864,-0.534489450850,-0.433883739118,-0.900968867902,-0.678820482986,-0.734304263830
2025-08-15,0.000239851552,0.693147180560,-0.974927912182,-0.222520933956,-0.691351236209,-0.722518835873
2025-08-16,0.000000000000,0.000000000000,-0.781831482468,0.623489801859,-0.703677407479,-0.710519602969
2025-08-17,0.000000000000,0.000000000000,0.000000000000,1.000000000000,-0.715795349283,-0.698310115884
2025-08-18,-0.001289814915,-0.605995285057,0.781831482468,0.623489801859,-0.727701475726,-0.685893987600
2025-08-19,-0.005507846532,0.939814040444,0.974927912182,-0.222520933956,-0.739392263596,-0.673274892250
2025-08-20,0.009013401029,-0.310484363326,0.433883739118,-0.900968867902,-0.750864253399,-0.660456564028
2025-08-21,-0.001946021059,-2.138831341360,-0.433883739118,-0.900968867902,-0.762114050389,-0.647442796083
2025-08-22,0.011175298784,2.160828154945,-0.974927912182,-0.222520933956,-0.773138325571,-0.634237439398
2025-08-23,0.000000000000,0.000000000000,-0.781831482468,0.623489801859,-0.783933816683,-0.620844401651
2025-08-24,0.000000000000,0.000000000000,0.000000000000,1.000000000000,-0.794497329167,-0.607267646057
2025-08-25,-0.000177781785,-0.171900620806,0.781831482468,0.623489801859,-0.804825737108,-0.593511190196
2025-08-26,0.004377165544,-0.142732858356,0.974927912182,-0.222520933956,-0.814915984166,-0.579579104826
2025-08-27,0.004710601521,1.269028575772,0.433883739118,-0.900968867902,-0.824765084473,-0.565475512674
2025-08-28,0.007957432016,-1.134945458996,-0.433883739118,-0.900968867902,-0.834370123523,-0.551204587220
2025-08-29,0.012135375150,-6.943122422819,-0.974927912182,-0.222520933956,-0.843728259029,-0.536770551461
2025-08-30,0.000000000000,0.000000000000,-0.781831482468,0.623489801859,-0.852836721769,-0.522177676660
2025-08-31,0.000000000000,0.000000000000,0.000000000000,1.000000000000,-0.861692816403,-0.507430281083
2025-09-01,0.000000000000,0.000000000000,0.781831482468,0.623489801859,-0.870293922269,-0.492532728722
2025-09-02,0.021558253357,6.490723534503,0.974927912182,-0.222520933956,-0.878637494161,-0.477489428003
2025-09-03,0.012264609179,-2.200264093354,0.433883739118,-0.900968867902,-0.886721063083,-0.462304830480
2025-09-04,-0.007654710472,1.181811232523,-0.433883739118,-0.900968867902,-0.894542236976,-0.446983429520
2025-09-05,0.013205346468,1.358603560975,-0.974927912182,-0.222520933956,-0.902098701430,-0.431529758971
2025-09-06,0.000000000000,0.000000000000,-0.781831482468,0.623489801859,-0.909388220365,-0.415948391825
2025-09-07,0.000000000000,0.000000000000,0.000000000000,1.000000000000,-0.916408636694,-0.400243938857
2025-09-08,0.006867801412,-2.245906755976,0.781831482468,0.623489801859,-0.923157872965,-0.384421047269
2025-09-09,0.001428283558,1.699166682400,0.974927912182,-0.222520933956,-0.929633931968,-0.368484399308
2025-09-10,0.000082352941,-1.364153235243,0.433883739118,-0.900968867902,-0.935834897335,-0.352438710885
2025-09-11,-0.001840587104,0.810118857145,-0.433883739118,-0.900968867902,-0.941758934099,-0.336288730177
2025-09-12,0.003431100174,1.440788695539,-0.974927912182,-0.222520933956,-0.947404289244,-0.320039236223
2025-09-13,0.000000000000,0.000000000000,-0.781831482468,0.623489801859,-0.952769292217,-0.303695037511
2025-09-14,0.000000000000,0.000000000000,0.000000000000,1.000000000000,-0.957852355428,-0.287260970551
2025-09-15,0.008947642620,-1.819030345036,0.781831482468,0.623489801859,-0.962651974716,-0.270741898448
2025-09-16,0.001817897776,0.572397663938,0.974927912182,-0.222520933956,-0.967166729798,-0.254142709461
2025-09-17,-0.001926507865,-0.709320039806,0.433883739118,-0.900968867902,-0.971395284684,-0.237468315558
2025-09-18,-0.010402140797,-0.820486602937,-0.433883739118,-0.900968867902,-0.975336388077,-0.220723650961
2025-09-19,0.007600662415,0.962137120000,-0.974927912182,-0.222520933956,-0.978988873741,-0.203913670683
2025-09-20,0.000000000000,0.000000000000,-0.781831482468,0.623489801859,-0.982351660847,-0.187043349070
2025-09-21,0.000000000000,0.000000000000,0.000000000000,1.000000000000,-0.985423754292,-0.170117678320
2025-09-22,0.018672448726,0.662006939824,0.781831482468,0.623489801859,-0.988204244994,-0.153141667013
2025-09-23,0.010610006390,0.423946951972,0.974927912182,-0.222520933956,-0.990692310162,-0.136120338623
2025-09-24,-0.012911648948,-0.064113982817,0.433883739118,-0.900968867902,-0.992887213536,-0.119058730034
2025-09-25,0.001285260503,1.171182981503,-0.433883739118,-0.900968867902,-0.994788305609,-0.101961890052
2025-09-26,0.010223498096,2.318717422288,-0.974927912182,-0.222520933956,-0.996395023819,-0.084834877906
2025-09-27,0.000000000000,0.000000000000,-0.781831482468,0.623489801859,-0.997706892710,-0.067682761755
2025-09-28,0.000000000000,0.000000000000,0.000000000000,1.000000000000,-0.998723524080,-0.050510617185
2025-09-29,0.012006108729,-0.778911683395,0.781831482468,0.623489801859,-0.999444617092,-0.033323525712
2025-09-30,0.005194719543,-1.704183980981,0.974927912182,-0.222520933956,-0.999869958362,-0.016126573271
2025-10-01,0.006927612517,0.098575764599,0.433883739118,-0.900968867902,-0.999999422025,0.001075151283
2025-10-02,-0.007214077634,0.653296701973,-0.433883739118,-0.900968867902,-0.999832969770,0.018276557682
2025-10-03,0.010647104700,-2.163293777770,-0.974927912182,-0.222520933956,-0.999370650854,0.035472555753
2025-10-04,0.000000000000,0.000000000000,-0.781831482468,0.623489801859,-0.998612602084,0.052658056925
2025-10-05,0.000000000000,0.000000000000,0.000000000000,1.000000000000,-0.997559047779,0.069827975730
2025-10-06,0.017294429425,1.171386523128,0.781831482468,0.623489801859,-0.996210299702,0.086977231314
2025-10-07,0.007091447444,0.828648240948,0.974927912182,-0.222520933956,-0.994566756971,0.104100748935
2025-10-08,0.016633994908,-0.286764220162,0.433883739118,-0.900968867902,-0.992628905935,0.121193461471
2025-10-09,-0.024282758868,0.362027565543,-0.433883739118,-0.900968867902,-0.990397320035,0.138250310911
2025-10-10,0.007472669571,-0.611901354455,-0.974927912182,-0.222520933956,-0.987872659635,0.155266249860
2025-10-11,0.000000000000,0.000000000000,-0.781831482468,0.623489801859,-0.985055671822,0.172236243028
2025-10-12,0.000000000000,0.000000000000,0.000000000000,1.000000000000,-0.981947190187,0.189155268720
2025-10-13,0.032831248634,0.000000000000,0.781831482468,0.623489801859,-0.978548134580,0.206018320325
2025-10-14,0.007299414411,0.356380436500,0.974927912182,-0.222520933956,-0.974859510837,0.222820407795
2025-10-15,0.009187545165,0.304447952804,0.433883739118,-0.900968867902,-0.970882410481,0.239556559121
2025-10-16,0.024430461884,0.358558813111,-0.433883739118,-0.900968867902,-0.966618010400,0.256221821807
2025-10-17,-0.021322939112,-0.147409041601,-0.974927912182,-0.222520933956,-0.962067572498,0.272811264334
2025-10-18,0.000000000000,0.000000000000,-0.781831482468,0.623489801859,-0.957232443323,0.289319977619
2025-10-19,0.000000000000,0.000000000000,0.000000000000,1.000000000000,-0.952114053668,0.305743076467
2025-10-20,0.034367644292,-0.841242195400,0.781831482468,0.623489801859,-0.946713918146,0.322075701021
2025-10-21,-0.059062035540,0.519582147563,0.974927912182,-0.222520933956,-0.941033634745,0.338313018192
2025-10-22,-0.010649268656,-0.866272026604,0.433883739118,-0.900968867902,-0.935074884352,0.354450223099
2025-10-23,0.019854040473,-1.249134663769,-0.433883739118,-0.900968867902,-0.928839430256,0.370482540482
2025-10-24,-0.001722509855,-1.051836223870,-0.974927912182,-0.222520933956,-0.922329117629,0.386405226121
2025-10-25,0.000000000000,0.000000000000,-0.781831482468,0.623489801859,-0.915545872978,0.402213568237
2025-10-26,0.000000000000,0.000000000000,0.000000000000,1.000000000000,-0.908491703573,0.417902888887
2025-10-27,-0.028695490767,0.577881135913,0.781831482468,0.623489801859,-0.901168696856,0.433468545349
2025-10-28,-0.008960778782,-0.004535155165,0.974927912182,-0.222520933956,-0.893579019824,0.448905931494
2025-10-29,0.004402578267,1.810521745684,0.433883739118,-0.900968867902,-0.885724918384,0.464210479152
2025-10-30,0.004408297097,-0.362533815558,-0.433883739118,-0.900968867902,-0.877608716690,0.479377659461
2025-10-31,-0.004784902386,-0.513678692748,-0.974927912182,-0.222520933956,-0.869232816457,0.494402984208
2025-11-01,0.000000000000,0.000000000000,-0.781831482468,0.623489801859,-0.860599696250,0.509282007157
2025-11-02,0.000000000000,0.000000000000,0.000000000000,1.000000000000,-0.851711910747,0.524010325368
2025-11-03,0.004534952377,-6.327936783729,0.781831482468,0.623489801859,-0.842572089987,0.538583580492
2025-11-04,-0.013236252040,6.489204931325,0.974927912182,-0.222520933956,-0.833182938589,0.552997460070
2025-11-05,0.008224087134,-0.161268147596,0.433883739118,-0.900968867902,-0.823547234956,0.567247698803
2025-11-06,-0.000100536792,0.150572858479,-0.433883739118,-0.900968867902,-0.813667830446,0.581330079815
2025-11-07,0.004887656636,-0.973178106276,-0.974927912182,-0.222520933956,-0.803547648534,0.595240435904
2025-11-08,0.000000000000,0.000000000000,-0.781831482468,0.623489801859,-0.793189683945,0.608974650772
2025-11-09,0.000000000000,0.000000000000,0.000000000000,1.000000000000,-0.782597001768,0.622528660243
2025-11-10,0.027716515886,-0.258307463772,0.781831482468,0.623489801859,-0.771772736547,0.635898453468
2025-11-11,-0.001216752453,1.098612288668,0.974927912182,-0.222520933956,-0.760720091356,0.649080074110
2025-11-12,0.023487483856,-0.361700080141,0.433883739118,-0.900968867902,-0.749442336852,0.662069621515
2025-11-13,-0.004170992761,-0.859972301284,-0.433883739118,-0.900968867902,-0.737942810303,0.674863251868
2025-11-14,-0.024002555332,1.058120927313,-0.974927912182,-0.222520933956,-0.726224914604,0.687457179327
2025-11-15,0.000000000000,0.000000000000,-0.781831482468,0.623489801859,-0.714292117269,0.699847677146
2025-11-16,0.000000000000,0.000000000000,0.000000000000,1.000000000000,-0.702147949405,0.712031078779
2025-11-17,-0.004732790865,1.165858916432,0.781831482468,0.623489801859,-0.689796004666,0.724003778959
2025-11-18,-0.001722102353,-0.121007804655,0.974927912182,-0.222520933956,-0.677239938191,0.735762234774
2025-11-19,0.004029960570,-1.038671895411,0.433883739118,-0.900968867902,-0.664483465523,0.747302966705
2025-11-20,-0.005212559146,-0.875058144041,-0.433883739118,-0.900968867902,-0.651530361507,0.758622559666
2025-11-21,0.004967292782,-0.165711502228,-0.974927912182,-0.222520933956,-0.638384459175,0.769717664007
2025-11-22,0.000000000000,0.000000000000,-0.781831482468,0.623489801859,-0.625049648610,0.780584996507
2025-11-23,0.000000000000,0.000000000000,0.000000000000,1.000000000000,-0.611529875799,0.791221341348
2025-11-24,0.003721560362,1.236012158071,0.781831482468,0.623489801859,-0.597829141459,0.801623551065
2025-11-25,0.011493193638,5.412377263702,0.974927912182,-0.222520933956,-0.583951499858,0.811788547476
2025-11-26,0.006261760929,-1.665699116536,0.433883739118,-0.900968867902,-0.569901057613,0.821713322596
2025-11-27,0.000000000000,0.000000000000,-0.433883739118,-0.900968867902,-0.555681972476,0.831394939523
2025-11-28,0.012667816416,-1.937061060538,-0.974927912182,-0.222520933956,-0.541298452104,0.840830533312
2025-11-29,0.000000000000,0.000000000000,-0.781831482468,0.623489801859,-0.526754752811,0.850017311819
2025-11-30,0.000000000000,0.000000000000,0.000000000000,1.000000000000,-0.512055178311,0.858952556527
2025-12-01,0.004965958221,-1.375293150058,0.781831482468,0.623489801859,-0.497204078447,0.867633623355
2025-12-02,-0.012509143199,-0.912468723400,0.974927912182,-0.222520933956,-0.482205847896,0.876057943434
2025-12-03,0.003028826217,1.643194131115,0.433883739118,-0.900968867902,-0.467064924877,0.884223023874
2025-12-04,0.002972265169,-1.123686955264,-0.433883739118,-0.900968867902,-0.451785789833,0.892126448495
2025-12-05,0.000261160089,-0.144473184945,-0.974927912182,-0.222520933956,-0.436372964105,0.899765878548
2025-12-06,0.000000000000,0.000000000000,-0.781831482468,0.623489801859,-0.420831008596,0.907139053401
2025-12-07,0.000000000000,0.000000000000,0.000000000000,1.000000000000,-0.405164522421,0.914243791213
2025-12-08,-0.006118924041,-0.515204736175,0.781831482468,0.623489801859,-0.389378141545,0.921077989579
2025-12-09,0.004646239334,0.728562737067,0.974927912182,-0.222520933956,-0.373476537413,0.927639626149
2025-12-10,-0.002451547169,0.047276159338,0.433883739118,-0.900968867902,-0.357464415565,0.933926759229
2025-12-11,0.021010239753,-0.270041567332,-0.433883739118,-0.900968867902,-0.341346514245,0.939937528356
2025-12-12,0.003401069596,1.063340918442,-0.974927912182,-0.222520933956,-0.325127603000,0.945670154847
2025-12-13,0.000000000000,0.000000000000,-0.781831482468,0.623489801859,-0.308812481266,0.951122942324
2025-12-14,0.000000000000,0.000000000000,0.000000000000,1.000000000000,-0.292405976951,0.956294277220
2025-12-15,0.001533693992,-0.583227881364,0.781831482468,0.623489801859,-0.275912945003,0.961182629254
2025-12-16,-0.000511007829,0.742772417847,0.974927912182,-0.222520933956,-0.259338265975,0.965786551884
2025-12-17,0.009939980130,0.188608559751,0.433883739118,-0.900968867902,-0.242686844583,0.970104682736
2025-12-18,-0.001841833144,-1.122867209041,-0.433883739118,-0.900968867902,-0.225963608248,0.974135744005
2025-12-19,0.005033950243,0.412053367233,-0.974927912182,-0.222520933956,-0.209173505646,0.977878542834
2025-12-20,0.000000000000,0.000000000000,-0.781831482468,0.623489801859,-0.192321505239,0.981331971670
2025-12-21,0.000000000000,0.000000000000,0.000000000000,1.000000000000,-0.175412593804,0.984495008588
2025-12-22,0.018896813792,-0.862421021961,0.781831482468,0.623489801859,-0.158451774961,0.987366717594
2025-12-23,0.008557909489,0.434664262800,0.974927912182,-0.222520933956,-0.141444067688,0.989946248902
2025-12-24,-0.000490819800,-0.327305744480,0.433883739118,-0.900968867902,-0.124394504840,0.992232839189
2025-12-25,0.000000000000,0.000000000000,-0.433883739118,-0.900968867902,-0.107308131656,0.994225811816
2025-12-26,0.010766277996,-0.640656997939,-0.974927912182,-0.222520933956,-0.090190004270,0.995924577029
2025-12-27,0.000000000000,0.000000000000,-0.781831482468,0.623489801859,-0.073045188211,0.997328632136
2025-12-28,0.000000000000,0.000000000000,0.000000000000,1.000000000000,-0.055878756905,0.998437561657
2025-12-29,-0.046087981739,2.047203965331,0.781831482468,0.623489801859,-0.038695790177,0.999251037439
2025-12-30,0.010350630405,-0.106719765561,0.974927912182,-0.222520933956,-0.021501372741,0.999768818763
2025-12-31,-0.010235032825,-0.849476510486,0.433883739118,-0.900968867902,-0.004300592703,0.999990752408
2026-01-01,0.000000000000,0.000000000000,-0.433883739118,-0.900968867902,0.017201575418,0.999852041956
2026-01-02,-0.002592639256,-0.286834255529,-0.974927912182,-0.222520933956,0.034398060614,0.999408211606
2026-01-03,0.000000000000,0.000000000000,-0.781831482468,0.623489801859,0.051584366869,0.998668640288
2026-01-04,0.000000000000,0.000000000000,0.000000000000,1.000000000000,0.068755408481,0.997633546852
2026-01-05,0.027997669976,0.047982735785,0.781831482468,0.623489801859,0.085906104261,0.996303237599
2026-01-06,0.010158128512,-0.296878783201,0.974927912182,-0.222520933956,0.103031379043,0.994678106189
2026-01-07,-0.007367304358,0.749157592703,0.433883739118,-0.900968867902,0.120126165182,0.992758633525
2026-01-08,0.000089985532,0.912790265003,-0.433883739118,-0.900968867902,0.137185404057,0.990545387609
2026-01-09,0.009082749102,-2.320903673518,-0.974927912182,-0.222520933956,0.154204047563,0.988039023377
2026-01-10,0.000000000000,0.000000000000,-0.781831482468,0.623489801859,0.171177059610,0.985240282501
2026-01-11,0.000000000000,0.000000000000,0.000000000000,1.000000000000,0.188099417612,0.982149993175
2026-01-12,0.025071135877,-0.416024868323,0.781831482468,0.623489801859,0.204966113969,0.978769069865
2026-01-13,-0.003284847545,0.424393117994,0.974927912182,-0.222520933956,0.221772157556,0.975098513040
2026-01-14,0.008051610830,1.700192275703,0.433883739118,-0.900968867902,0.238512575194,0.971139408877
2026-01-15,-0.002163894213,1.199166753194,-0.433883739118,-0.900968867902,0.255182413123,0.966892928939
2026-01-16,-0.006062117977,-2.513529895305,-0.974927912182,-0.222520933956,0.271776738471,0.962360329828
2026-01-17,0.000000000000,0.000000000000,-0.781831482468,0.623489801859,0.288290640710,0.957542952812
2026-01-18,0.000000000000,0.000000000000,0.000000000000,1.000000000000,0.304719233109,0.952442223431
2026-01-19,0.000000000000,0.000000000000,0.781831482468,0.623489801859,0.321057654185,0.947059651072
2026-01-20,0.036632293475,-0.695984061895,0.974927912182,-0.222520933956,0.337301069136,0.941396828526
2026-01-21,0.015055377009,2.272008727756,0.433883739118,-0.900968867902,0.353444671274,0.935455431513
2026-01-22,0.015810444337,-0.372618594336,-0.433883739118,-0.900968867902,0.369483683447,0.929237218188
2026-01-23,0.013637113842,-1.934075691408,-0.974927912182,-0.222520933956,0.385413359454,0.922744028620
2026-01-24,0.000000000000,0.000000000000,-0.781831482468,0.623489801859,0.401228985448,0.915977784248
2026-01-25,0.000000000000,0.000000000000,0.000000000000,1.000000000000,0.416925881329,0.908940487314
2026-01-26,0.020585656374,0.062698594216,0.781831482468,0.623489801859,0.432499402134,0.901634220265
2026-01-27,0.000039313955,-1.643148969776,0.974927912182,-0.222520933956,0.447944939408,0.894061145145
2026-01-28,0.042717123079,8.071397039680,0.433883739118,-0.900968867902,0.463257922567,0.886223502949
2026-01-29,0.003163807665,-1.553092922110,-0.433883739118,-0.900968867902,0.478433820255,0.878123612959
2026-01-30,-0.120656917712,-1.040645822366,-0.974927912182,-0.222520933956,0.493468141677,0.869763872065
2026-01-31,0.000000000000,0.000000000000,-0.781831482468,0.623489801859,0.508356437938,0.861146754048
2026-02-01,0.000000000000,0.000000000000,0.000000000000,1.000000000000,0.523094303349,0.852274808852
2026-02-02,-0.019579885886,-0.847377465546,0.781831482468,0.623489801859,0.537677376741,0.843150661828
2026-02-03,0.059054377762,-1.083952919528,0.974927912182,-0.222520933956,0.552101342746,0.833777012959
2026-02-04,0.003399746124,1.163716959233,0.433883739118,-0.900968867902,0.566361933081,0.824156636057
2026-02-05,-0.012063365980,-1.588309469605,-0.433883739118,-0.900968867902,0.580454927809,0.814292377947
2026-02-06,0.018303568706,0.557814959068,-0.974927912182,-0.222520933956,0.594376156585,0.804187157621
2026-02-07,0.000000000000,0.000000000000,-0.781831482468,0.623489801859,0.608121499894,0.793843965378
2026-02-08,0.000000000000,0.000000000000,0.000000000000,1.000000000000,0.621686890267,0.783265861934
2026-02-09,0.019936415005,-2.093234863812,0.781831482468,0.623489801859,0.635068313487,0.772455977519
2026-02-10,-0.009368841148,0.500243514435,0.974927912182,-0.222520933956,0.648261809776,0.761417510953
2026-02-11,0.013458784180,2.252410992904,0.433883739118,-0.900968867902,0.661263474966,0.750153728696
2026-02-12,-0.029596048870,-1.710169172904,-0.433883739118,-0.900968867902,0.674069461655,0.738667963881
2026-02-13,0.019767940678,-0.733110437372,-0.974927912182,-0.222520933956,0.686675980345,0.726963615332
2026-02-14,0.000000000000,0.000000000000,-0.781831482468,0.623489801859,0.699079300566,0.715044146554
2026-02-15,0.000000000000,0.000000000000,0.000000000000,1.000000000000,0.711275751974,0.702913084708
2026-02-16,0.000000000000,0.000000000000,0.781831482468,0.623489801859,0.723261725444,0.690574019572
2026-02-17,-0.028088975079,0.842380825281,0.974927912182,-0.222520933956,0.735033674133,0.678030602474
2026-02-18,0.020994975203,0.007366515817,0.433883739118,-0.900968867902,0.746588114532,0.665286545211
2026-02-19,-0.002128021714,-2.663199634937,-0.433883739118,-0.900968867902,0.757921627497,0.652345618957
2026-02-20,0.016621856058,1.267688618712,-0.974927912182,-0.222520933956,0.769030859259,0.639211653138
2026-02-21,0.000000000000,0.000000000000,-0.781831482468,0.623489801859,0.779912522417,0.625888534308
2026-02-22,0.000000000000,0.000000000000,0.000000000000,1.000000000000,0.790563396912,0.612380204990
2026-02-23,0.028334005841,1.754019141245,0.781831482468,0.623489801859,0.800980330978,0.598690662518
2026-02-24,-0.009439844361,-2.170657549951,0.974927912182,-0.222520933956,0.811160242079,0.584823957846
2026-02-25,0.009766362603,2.991791936342,0.433883739118,-0.900968867902,0.821100117813,0.570784194357
2026-02-26,-0.005759467062,-0.153305013815,-0.433883739118,-0.900968867902,0.830797016812,0.556575526641
2026-02-27,0.010377723578,-1.455005502784,-0.974927912182,-0.222520933956,0.840248069608,0.542202159273
2026-02-28,0.000000000000,0.000000000000,-0.781831482468,0.623489801859,0.849450479481,0.527668345563
2026-03-01,0.000000000000,0.000000000000,0.000000000000,1.000000000000,0.858401523292,0.512978386299
2026-03-02,0.012142763938,-1.581658348327,0.781831482468,0.623489801859,0.867098552281,0.498136628478
2026-03-03,-0.035959190393,3.192222387006,0.974927912182,-0.222520933956,0.875538992859,0.483147464015
2026-03-04,0.002503089587,-0.960589029984,0.433883739118,-0.900968867902,0.883720347362,0.468015328444
2026-03-05,-0.010780211536,0.917466510963,-0.433883739118,-0.900968867902,0.891640194797,0.452744699607
2026-03-06,0.015825837819,-2.435613003188,-0.974927912182,-0.222520933956,0.899296191553,0.437340096330
2026-03-07,0.000000000000,0.000000000000,-0.781831482468,0.623489801859,0.906686072098,0.421806077083
2026-03-08,0.000000000000,0.000000000000,0.000000000000,1.000000000000,0.913807649647,0.406147238631
2026-03-09,-0.010666682587,1.457521870408,0.781831482468,0.623489801859,0.920658816810,0.390368214676
2026-03-10,0.026781469772,1.905134656430,0.974927912182,-0.222520933956,0.927237546218,0.374473674487
2026-03-11,-0.011984310631,-1.914553878347,0.433883739118,-0.900968867902,0.933541891118,0.358468321512
2026-03-12,-0.010035890038,-0.433455739941,-0.433883739118,-0.900968867902,0.939569985953,0.342356891995
2026-03-13,-0.012450581437,0.155192889406,-0.974927912182,-0.222520933956,0.945320046913,0.326144153564
2026-03-14,0.000000000000,0.000000000000,-0.781831482468,0.623489801859,0.950790372463,0.309834903832
2026-03-15,0.000000000000,0.000000000000,0.000000000000,1.000000000000,0.955979343844,0.293433968967
2026-03-16,-0.011645978438,-1.298588780701,0.781831482468,0.623489801859,0.960885425557,0.276946202269
2026-03-17,0.001400700579,0.605441600141,0.974927912182,-0.222520933956,0.965507165814,0.260376482734
2026-03-18,-0.022466059028,1.806921716968,0.433883739118,-0.900968867902,0.969843196967,0.243729713610
2026-03-19,-0.060963325125,-0.845020473842,-0.433883739118,-0.900968867902,0.973892235915,0.227010820941
2026-03-20,-0.006607801223,-0.978708361443,-0.974927912182,-0.222520933956,0.977653084482,0.210224752119
2026-03-21,0.000000000000,0.000000000000,-0.781831482468,0.623489801859,0.981124629772,0.193376474410
2026-03-22,0.000000000000,0.000000000000,0.000000000000,1.000000000000,0.984305844499,0.176470973492
2026-03-23,-0.037064759654,0.836953989638,0.781831482468,0.623489801859,0.987195787291,0.159513251973
2026-03-24,-0.001090554444,-0.363249589581,0.974927912182,-0.222520933956,0.989793602967,0.142508327916
2026-03-25,0.033637840063,0.026043138536,0.433883739118,-0.900968867902,0.992098522792,0.125461233353
2026-03-26,-0.039062434031,1.012768726829,-0.433883739118,-0.900968867902,0.994109864702,0.108377012792
2026-03-27,0.026277237882,4.240177431451,-0.974927912182,-0.222520933956,0.995827033510,0.091260721729
2026-03-28,0.000000000000,0.000000000000,-0.781831482468,0.623489801859,0.997249521077,0.074117425151
2026-03-29,0.000000000000,0.000000000000,0.000000000000,1.000000000000,0.998376906467,0.056952196034
2026-03-30,0.007540510335,-1.927651252268,0.781831482468,0.623489801859,0.999208856068,0.039770113846
2026-03-31,0.026512431127,-0.930676789705,0.974927912182,-0.222520933956,0.999745123693,0.022576263042
2026-04-01,0.028758841079,-0.956966195513,0.433883739118,-0.900968867902,0.999985550651,0.005375731558
2026-04-02,-0.027920071191,-7.401231264413,-0.433883739118,-0.900968867902,0.999930065796,-0.011826390692
2026-04-03,0.000000000000,0.000000000000,-0.974927912182,-0.222520933956,0.999578685548,-0.029025013322
2026-04-04,0.000000000000,0.000000000000,-0.781831482468,0.623489801859,0.998931513885,-0.046215046984
2026-04-05,0.000000000000,0.000000000000,0.000000000000,1.000000000000,0.997988742316,-0.063391404870
2026-04-06,0.001138726808,5.003946305945,0.781831482468,0.623489801859,0.996750649821,-0.080549004219
2026-04-07,0.000064482756,0.789067302439,0.974927912182,-0.222520933956,0.995217602774,-0.097682767822
2026-04-08,0.019646391558,0.213339551218,0.433883739118,-0.900968867902,0.993390054826,-0.114787625522
2026-04-09,0.008950287577,1.146698475336,-0.433883739118,-0.900968867902,0.991268546779,-0.131858515717
2026-04-10,-0.006342909169,-0.452320525390,-0.974927912182,-0.222520933956,0.988853706421,-0.148890386856
2026-04-11,0.000000000000,0.000000000000,-0.781831482468,0.623489801859,0.986146248342,-0.165878198935
2026-04-12,0.000000000000,0.000000000000,0.000000000000,1.000000000000,0.983146973722,-0.182816924985
2026-04-13,-0.004103411669,-3.204223548081,0.781831482468,0.623489801859,0.979856770096,-0.199701552566
2026-04-14,0.017267418704,2.169919126646,0.974927912182,-0.222520933956,0.976276611087,-0.216527085245
2026-04-15,-0.005194816877,-0.456940535271,0.433883739118,-0.900968867902,0.972407556122,-0.233288544075
2026-04-16,-0.003046322344,1.482597589665,-0.433883739118,-0.900968867902,0.968250750117,-0.249980969073
2026-04-17,0.014974913313,0.859103124790,-0.974927912182,-0.222520933956,0.963807423137,-0.266599420679
2026-04-18,0.000000000000,0.000000000000,-0.781831482468,0.623489801859,0.959078890034,-0.283138981228
2026-04-19,0.000000000000,0.000000000000,0.000000000000,1.000000000000,0.954066550058,-0.299594756397
2026-04-20,-0.010554515099,-0.965015212441,0.781831482468,0.623489801859,0.948771886440,-0.315961876658
2026-04-21,-0.022767989343,0.502237123821,0.974927912182,-0.222520933956,0.943196465957,-0.332235498716
2026-04-22,0.007231599660,-0.447226608935,0.433883739118,-0.900968867902,0.937341938464,-0.348410806945
2026-04-23,-0.005806556549,-0.961009560724,-0.433883739118,-0.900968867902,0.931210036412,-0.364483014810
2026-04-24,0.003648880135,-1.851531212528,-0.974927912182,-0.222520933956,0.924802574329,-0.380447366288
2026-04-25,0.000000000000,0.000000000000,-0.781831482468,0.623489801859,0.918121448284,-0.396299137269
2026-04-26,0.000000000000,0.000000000000,0.000000000000,1.000000000000,0.911168635333,-0.412033636959
2026-04-27,-0.009981227997,2.461074174420,0.781831482468,0.623489801859,0.903946192922,-0.427646209268
2026-04-28,-0.018107931619,1.596741700069,0.974927912182,-0.222520933956,0.896456258291,-0.443132234183
2026-04-29,-0.010134994039,-1.655975823399,0.433883739118,-0.900968867902,0.888701047829,-0.458487129140
2026-04-30,0.015175128716,-1.873772620889,-0.433883739118,-0.900968867902,0.880682856430,-0.473706350380
2026-05-01,0.003288345752,0.379489621705,-0.974927912182,-0.222520933956,0.872404056805,-0.488785394289
2026-05-02,0.000000000000,0.000000000000,-0.781831482468,0.623489801859,0.863867098784,-0.503719798736
2026-05-03,0.000000000000,0.000000000000,0.000000000000,1.000000000000,0.855074508590,-0.518505144391
2026-05-04,-0.024133880244,-1.691676010671,0.781831482468,0.623489801859,0.846028888092,-0.533137056032
2026-05-05,0.007999735338,3.012261575505,0.974927912182,-0.222520933956,0.836732914034,-0.547611203840
2026-05-06,0.027302885995,-0.695491847519,0.433883739118,-0.900968867902,0.827189337246,-0.561923304683
2026-05-07,0.003815923473,0.179971379449,-0.433883739118,-0.900968867902,0.817400981825,-0.576069123380
2026-05-08,0.004373608020,-0.745472999562,-0.974927912182,-0.222520933956,0.807370744302,-0.590044473955
2026-05-09,0.000000000000,0.000000000000,-0.781831482468,0.623489801859,0.797101592787,-0.603845220877
2026-05-10,0.000000000000,0.000000000000,0.000000000000,1.000000000000,0.786596566087,-0.617467280284
2026-05-11,-0.000360141758,-1.184872632953,0.781831482468,0.623489801859,0.775858772807,-0.630906621188
2026-05-12,-0.008748200567,0.932376869626,0.974927912182,-0.222520933956,0.764891390434,-0.644159266672
2026-05-13,0.004287890057,0.890427221284,0.433883739118,-0.900968867902,0.753697664393,-0.657221295066
2026-05-14,-0.004181003348,-3.641962534326,-0.433883739118,-0.900968867902,0.742280907087,-0.670088841106
2026-05-15,-0.026490961871,4.618415412738,-0.974927912182,-0.222520933956,0.730644496918,-0.682758097076
2026-05-16,0.000000000000,0.000000000000,-0.781831482468,0.623489801859,0.718791877288,-0.695225313941
2026-05-17,0.000000000000,0.000000000000,0.000000000000,1.000000000000,0.706726555578,-0.707486802450
2026-05-18,-0.000724570974,-2.746613235837,0.781831482468,0.623489801859,0.694452102109,-0.719538934233
2026-05-19,-0.010200158272,3.111804444807,0.974927912182,-0.222520933956,0.681972149090,-0.731378142868
2026-05-20,0.005532456592,0.114225217418,0.433883739118,-0.900968867902,0.669290389541,-0.743000924944
2026-05-21,0.001874084257,-0.832807295126,-0.433883739118,-0.900968867902,0.656410576198,-0.754403841093
2026-05-22,-0.004149706885,-2.343211946524,-0.974927912182,-0.222520933956,0.643336520404,-0.765583517008
2026-05-23,0.000000000000,0.000000000000,-0.781831482468,0.623489801859,0.630072090984,-0.776536644443
2026-05-24,0.000000000000,0.000000000000,0.000000000000,1.000000000000,0.616621213096,-0.787259982192
2026-05-25,0.000000000000,0.000000000000,0.781831482468,0.623489801859,0.602987867069,-0.797750357046
2026-05-26,-0.004566948297,3.426880976397,0.974927912182,-0.222520933956,0.589176087232,-0.808004664735
2026-05-27,-0.011824119457,4.162528866019,0.433883739118,-0.900968867902,0.575189960712,-0.818019870844
2026-05-28,0.011579645153,-1.596239434044,-0.433883739118,-0.900968867902,0.561033626228,-0.827793011713
2026-05-29,0.013510480927,-2.165590019940,-0.974927912182,-0.222520933956,0.546711272869,-0.837321195312
2026-05-30,0.000000000000,0.000000000000,-0.781831482468,0.623489801859,0.532227138847,-0.846601602098
2026-05-31,0.000000000000,0.000000000000,0.000000000000,1.000000000000,0.517585510253,-0.855631485849
2026-06-01,-0.018881179529,-0.812523842052,0.781831482468,0.623489801859,0.502790719779,-0.864408174478
2026-06-02,0.003101170873,-0.603945222190,0.974927912182,-0.222520933956,0.487847145442,-0.872929070821
2026-06-03,-0.011741357101,1.852598595861,0.433883739118,-0.900968867902,0.472759209286,-0.881191653407
2026-06-04,0.008774162181,-1.801414716649,-0.433883739118,-0.900968867902,0.457531376074,-0.889193477207
2026-06-05,-0.031479118545,2.133809625882,-0.974927912182,-0.222520933956,0.442168151967,-0.896932174351
2026-06-06,0.000000000000,0.000000000000,-0.781831482468,0.623489801859,0.426674083190,-0.904405454834
2026-06-07,0.000000000000,0.000000000000,0.000000000000,1.000000000000,0.411053754687,-0.911611107193
2026-06-08,-0.000276765899,-2.429143909587,0.781831482468,0.623489801859,0.395311788765,-0.918546999159
2026-06-09,-0.017660018337,1.284187392371,0.974927912182,-0.222520933956,0.379452843725,-0.925211078289
2026-06-10,-0.036284136366,-0.899419166034,0.433883739118,-0.900968867902,0.363481612483,-0.931601372577
2026-06-11,-0.004366694979,1.304626442505,-0.433883739118,-0.900968867902,0.347402821184,-0.937715991030
2026-06-12,0.030031262518,-0.506879491854,-0.974927912182,-0.222520933956,0.331221227802,-0.943553124235
2026-06-13,0.000000000000,0.000000000000,-0.781831482468,0.623489801859,0.314941620729,-0.949111044890
2026-06-14,0.000000000000,0.000000000000,0.000000000000,1.000000000000,0.298568817364,-0.954388108318
2026-06-15,0.026455950090,0.355732719363,0.781831482468,0.623489801859,0.282107662682,-0.959382752949
2026-06-16,0.000669808517,-2.349876680531,0.974927912182,-0.222520933956,0.265563027804,-0.964093500789
2026-06-17,0.006444359486,2.512815437905,0.433883739118,-0.900968867902,0.248939808554,-0.968518957851
2026-06-18,-0.031413466063,-0.976421719177,-0.433883739118,-0.900968867902,0.232242924009,-0.972657814572
2026-06-19,0.000000000000,0.000000000000,-0.974927912182,-0.222520933956,0.215477315047,-0.976508846197
2026-06-20,0.000000000000,0.000000000000,-0.781831482468,0.623489801859,0.198647942880,-0.980070913143
2026-06-21,0.000000000000,0.000000000000,0.000000000000,1.000000000000,0.181759787591,-0.983342961339
2026-06-22,-0.010040578120,0.483110857727,0.781831482468,0.623489801859,0.164817846657,-0.986324022532
2026-06-23,-0.012512495406,-1.555019289948,0.974927912182,-0.222520933956,0.147827133471,-0.989013214578
2026-06-24,-0.034386741677,0.335907424406,0.433883739118,-0.900968867902,0.130792675857,-0.991409741702
2026-06-25,0.010024009460,2.040926793964,-0.433883739118,-0.900968867902,0.113719514586,-0.993512894734
2026-06-26,0.011887860480,-0.643396359577,-0.974927912182,-0.222520933956,0.096612701881,-0.995322051316
2026-06-27,0.000000000000,0.000000000000,-0.781831482468,0.623489801859,0.079477299924,-0.996836676089
2026-06-28,0.000000000000,0.000000000000,0.000000000000,1.000000000000,0.062318379354,-0.998056320853
2026-06-29,-0.013924407757,-0.599870555091,0.781831482468,0.623489801859,0.045141017774,-0.998980624694
2026-06-30,0.000000000000,0.000000000000,0.974927912182,-0.222520933956,0.027950298240,-0.999609314096
