timestamp,price_log_return,volume_log_change,day_wk_sin,day_wk_cos,day_yr_sin,day_yr_cos
2022-07-02,0.000000000000,0.000000000000,-0.781831482468,0.623489801859,-0.006450864198,-0.999979192959
2022-07-03,0.000000000000,0.000000000000,0.000000000000,1.000000000000,-0.023651127245,-0.999720272966
2022-07-04,0.000000000000,0.000000000000,0.781831482468,0.623489801859,-0.040844391543,-0.999165519661
2022-07-05,-0.082696357450,0.930916157380,0.974927912182,-0.222520933956,-0.058025569329,-0.998315097203
2022-07-06,-0.020446934798,-0.408363878450,0.433883739118,-0.900968867902,-0.075189576415,-0.997169257247
2022-07-07,0.038574949299,-0.232678472816,-0.433883739118,-0.900968867902,-0.092331333695,-0.995728338865
2022-07-08,0.022394238043,-0.102600901418,-0.974927912182,-0.222520933956,-0.109445768649,-0.993992768447
2022-07-09,0.000000000000,0.000000000000,-0.781831482468,0.623489801859,-0.126527816839,-0.991963059577
2022-07-10,0.000000000000,0.000000000000,0.000000000000,1.000000000000,-0.143572423412,-0.989639812879
2022-07-11,0.000747261691,-0.152712353855,0.781831482468,0.623489801859,-0.160574544595,-0.987023715839
2022-07-12,-0.073705848077,0.254875292668,0.974927912182,-0.222520933956,-0.177529149187,-0.984115542601
2022-07-13,0.000803796206,-0.020758928107,0.433883739118,-0.900968867902,-0.194431220048,-0.980916153741
2022-07-14,-0.004731485396,0.207538729096,-0.433883739118,-0.900968867902,-0.211275755582,-0.977426496010
2022-07-15,0.020574032064,-0.362621608273,-0.974927912182,-0.222520933956,-0.228057771222,-0.973647602054
2022-07-16,0.000000000000,0.000000000000,-0.781831482468,0.623489801859,-0.244772300897,-0.969580590108
2022-07-17,0.000000000000,0.000000000000,0.000000000000,1.000000000000,-0.261414398511,-0.965226663666
2022-07-18,0.049279535793,0.054427251341,0.781831482468,0.623489801859,-0.277979139399,-0.960587111125
2022-07-19,0.010111516315,0.079959001149,0.974927912182,-0.222520933956,-0.294461621787,-0.955663305403
2022-07-20,-0.004013635965,0.091104778971,0.433883739118,-0.900968867902,-0.310856968244,-0.950456703535
2022-07-21,-0.029037029852,0.103236544244,-0.433883739118,-0.900968867902,-0.327160327122,-0.944968846236
2022-07-22,-0.006375020817,-0.413713628342,-0.974927912182,-0.222520933956,-0.343366873996,-0.939201357453
2022-07-23,0.000000000000,0.000000000000,-0.781831482468,0.623489801859,-0.359471813088,-0.933155943878
2022-07-24,0.000000000000,0.000000000000,0.000000000000,1.000000000000,-0.375470378688,-0.926834394446
2022-07-25,0.018719093184,-0.159109791652,0.781831482468,0.623489801859,-0.391357836561,-0.920238579805
2022-07-26,-0.007158226596,0.299758853677,0.974927912182,-0.222520933956,-0.407129485354,-0.913370451764
2022-07-27,0.021041447091,-0.607643633447,0.433883739118,-0.900968867902,-0.422780657983,-0.906232042711
2022-07-28,0.004865247601,-0.478547964847,-0.433883739118,-0.900968867902,-0.438306723013,-0.898825465016
2022-07-29,0.026434905414,1.276116444629,-0.974927912182,-0.222520933956,-0.453703086031,-0.891152910406
2022-07-30,0.000000000000,0.000000000000,-0.781831482468,0.623489801859,-0.468965191008,-0.883216649313
2022-07-31,0.000000000000,0.000000000000,0.000000000000,1.000000000000,-0.484088521639,-0.875019030203
2022-08-01,-0.095101161376,0.047628048989,0.781831482468,0.623489801859,-0.499068602689,-0.866562478885
2022-08-02,0.005085538577,-0.391308454882,0.974927912182,-0.222520933956,-0.513901001309,-0.857849497787
2022-08-03,-0.038115318619,0.248917529002,0.433883739118,-0.900968867902,-0.528581328356,-0.848882665221
2022-08-04,-0.027869755711,-0.057877321132,-0.433883739118,-0.900968867902,-0.543105239683,-0.839664634618
2022-08-05,0.008463819236,-0.237077510649,-0.974927912182,-0.222520933956,-0.557468437433,-0.830198133741
2022-08-06,0.000000000000,0.000000000000,-0.781831482468,0.623489801859,-0.571666671303,-0.820485963879
2022-08-07,0.000000000000,0.000000000000,0.000000000000,1.000000000000,-0.585695739807,-0.810530999019
2022-08-08,0.018061809165,0.042054268680,0.781831482468,0.623489801859,-0.599551491520,-0.800336184998
2022-08-09,-0.003524091219,0.172985108080,0.974927912182,-0.222520933956,-0.613229826300,-0.789904538622
2022-08-10,0.011254096091,0.362046305294,0.433883739118,-0.900968867902,-0.626726696508,-0.779239146786
2022-08-11,0.022335922956,-0.342533726106,-0.433883739118,-0.900968867902,-0.640038108204,-0.768343165549
2022-08-12,-0.014665213002,-0.042047358105,-0.974927912182,-0.222520933956,-0.653160122327,-0.757219819208
2022-08-13,0.000000000000,0.000000000000,-0.781831482468,0.623489801859,-0.666088855861,-0.745872399340
2022-08-14,0.000000000000,0.000000000000,0.000000000000,1.000000000000,-0.678820482986,-0.734304263830
2022-08-15,-0.031567982763,0.030337285244,0.781831482468,0.623489801859,-0.691351236209,-0.722518835873
2022-08-16,-0.029451576086,0.084876990419,0.974927912182,-0.222520933956,-0.703677407479,-0.710519602969
2022-08-17,0.014087067764,-0.070641362857,0.433883739118,-0.900968867902,-0.715795349283,-0.698310115884
2022-08-18,0.030910733094,0.014927060345,-0.433883739118,-0.900968867902,-0.727701475726,-0.685893987600
2022-08-19,0.001345040650,0.040656939639,-0.974927912182,-0.222520933956,-0.739392263596,-0.673274892250
2022-08-20,0.000000000000,0.000000000000,-0.781831482468,0.623489801859,-0.750864253399,-0.660456564028
2022-08-21,0.000000000000,0.000000000000,0.000000000000,1.000000000000,-0.762114050389,-0.647442796083
2022-08-22,-0.002484451155,0.194232808069,0.781831482468,0.623489801859,-0.773138325571,-0.634237439398
2022-08-23,0.038032013939,-0.175855021558,0.974927912182,-0.222520933956,-0.783933816683,-0.620844401651
2022-08-24,0.009928596134,0.079250213538,0.433883739118,-0.900968867902,-0.794497329167,-0.607267646057
2022-08-25,-0.018748105031,-0.167930486126,-0.433883739118,-0.900968867902,-0.804825737108,-0.593511190196
2022-08-26,0.016473208071,-0.374179871438,-0.974927912182,-0.222520933956,-0.814915984166,-0.579579104826
2022-08-27,0.000000000000,0.000000000000,-0.781831482468,0.623489801859,-0.824765084473,-0.565475512674
2022-08-28,0.000000000000,0.000000000000,0.000000000000,1.000000000000,-0.834370123523,-0.551204587220
2022-08-29,0.039795610145,-0.856302376435,0.781831482468,0.623489801859,-0.843728259029,-0.536770551461
2022-08-30,-0.056570844699,0.162593319192,0.974927912182,-0.222520933956,-0.852836721769,-0.522177676660
2022-08-31,-0.028806892439,1.243223240019,0.433883739118,-0.900968867902,-0.861692816403,-0.507430281083
2022-09-01,-0.043745362798,-0.075839795853,-0.433883739118,-0.900968867902,-0.870293922269,-0.492532728722
2022-09-02,0.007120496613,-0.000043724449,-0.974927912182,-0.222520933956,-0.878637494161,-0.477489428003
2022-09-03,0.000000000000,0.000000000000,-0.781831482468,0.623489801859,-0.886721063083,-0.462304830480
2022-09-04,0.000000000000,0.000000000000,0.000000000000,1.000000000000,-0.894542236976,-0.446983429520
2022-09-05,0.000000000000,0.000000000000,0.781831482468,0.623489801859,-0.902098701430,-0.431529758971
2022-09-06,-0.002044604571,0.418583753308,0.974927912182,-0.222520933956,-0.909388220365,-0.415948391825
2022-09-07,-0.053433068658,-0.182252510326,0.433883739118,-0.900968867902,-0.916408636694,-0.400243938857
2022-09-08,0.012983546947,-0.295178368088,-0.433883739118,-0.900968867902,-0.923157872965,-0.384421047269
2022-09-09,0.040557180536,0.040267186838,-0.974927912182,-0.222520933956,-0.929633931968,-0.368484399308
2022-09-10,0.000000000000,0.000000000000,-0.781831482468,0.623489801859,-0.935834897335,-0.352438710885
2022-09-11,0.000000000000,0.000000000000,0.000000000000,1.000000000000,-0.941758934099,-0.336288730177
2022-09-12,0.012417240309,0.013714601795,0.781831482468,0.623489801859,-0.947404289244,-0.320039236223
2022-09-13,-0.008869020461,0.198743527402,0.974927912182,-0.222520933956,-0.952769292217,-0.303695037511
2022-09-14,0.009932268566,0.106436909088,0.433883739118,-0.900968867902,-0.957852355428,-0.287260970551
2022-09-15,-0.035258353452,-0.046293364725,-0.433883739118,-0.900968867902,-0.962651974716,-0.270741898448
2022-09-16,0.005598589197,-0.355987156022,-0.974927912182,-0.222520933956,-0.967166729798,-0.254142709461
2022-09-17,0.000000000000,0.000000000000,-0.781831482468,0.623489801859,-0.971395284684,-0.237468315558
2022-09-18,0.000000000000,0.000000000000,0.000000000000,1.000000000000,-0.975336388077,-0.220723650961
2022-09-19,0.007090310929,-0.158372040326,0.781831482468,0.623489801859,-0.978988873741,-0.203913670683
2022-09-20,-0.015113607501,0.336869253329,0.974927912182,-0.222520933956,-0.982351660847,-0.187043349070
2022-09-21,-0.008755953923,0.112254756347,0.433883739118,-0.900968867902,-0.985423754292,-0.170117678320
2022-09-22,0.006988738304,-0.210623600756,-0.433883739118,-0.900968867902,-0.988204244994,-0.153141667013
2022-09-23,-0.048817773243,-0.166079489043,-0.974927912182,-0.222520933956,-0.990692310162,-0.136120338623
2022-09-24,0.000000000000,0.000000000000,-0.781831482468,0.623489801859,-0.992887213536,-0.119058730034
2022-09-25,0.000000000000,0.000000000000,0.000000000000,1.000000000000,-0.994788305609,-0.101961890052
2022-09-26,-0.024559180152,-0.300355257043,0.781831482468,0.623489801859,-0.996395023819,-0.084834877906
2022-09-27,0.025951073643,-0.338069521577,0.974927912182,-0.222520933956,-0.997706892710,-0.067682761755
2022-09-28,0.034743549379,-0.007118895057,0.433883739118,-0.900968867902,-0.998723524080,-0.050510617185
2022-09-29,-0.009335896417,-0.287212604618,-0.433883739118,-0.900968867902,-0.999444617092,-0.033323525712
2022-09-30,-0.006007371860,1.488172220195,-0.974927912182,-0.222520933956,-0.999869958362,-0.016126573271
2022-10-01,0.000000000000,0.000000000000,-0.781831482468,0.623489801859,-0.999999422025,0.001075151283
2022-10-02,0.000000000000,0.000000000000,0.000000000000,1.000000000000,-0.999832969770,0.018276557682
2022-10-03,0.010179949098,0.146870437731,0.781831482468,0.623489801859,-0.999370650854,0.035472555753
2022-10-04,0.032550226494,0.018647593076,0.974927912182,-0.222520933956,-0.998612602084,0.052658056925
2022-10-05,0.016957793042,0.015076174314,0.433883739118,-0.900968867902,-0.997559047779,0.069827975730
2022-10-06,0.011182771814,-0.412122035900,-0.433883739118,-0.900968867902,-0.996210299702,0.086977231314
2022-10-07,0.036397904339,0.341654877441,-0.974927912182,-0.222520933956,-0.994566756971,0.104100748935
2022-10-08,0.000000000000,0.000000000000,-0.781831482468,0.623489801859,-0.992628905935,0.121193461471
2022-10-09,0.000000000000,0.000000000000,0.000000000000,1.000000000000,-0.990397320035,0.138250310911
2022-10-10,-0.017825372519,-0.400649211784,0.781831482468,0.623489801859,-0.987872659635,0.155266249860
2022-10-11,-0.019950278358,0.241023238622,0.974927912182,-0.222520933956,-0.985055671822,0.172236243028
2022-10-12,-0.019707224364,-0.052580106087,0.433883739118,-0.900968867902,-0.981947190187,0.189155268720
2022-10-13,0.022672372977,0.096004971334,-0.433883739118,-0.900968867902,-0.978548134580,0.206018320325
2022-10-14,-0.031581598798,-0.112129173492,-0.974927912182,-0.222520933956,-0.974859510837,0.222820407795
2022-10-15,0.000000000000,0.000000000000,-0.781831482468,0.623489801859,-0.970882410481,0.239556559121
2022-10-16,0.000000000000,0.000000000000,0.000000000000,1.000000000000,-0.966618010400,0.256221821807
2022-10-17,-0.000109080566,-0.210109088315,0.781831482468,0.623489801859,-0.962067572498,0.272811264334
2022-10-18,-0.017506683875,0.543143345323,0.974927912182,-0.222520933956,-0.957232443323,0.289319977619
2022-10-19,0.026092302967,0.057496233118,0.433883739118,-0.900968867902,-0.952114053668,0.305743076467
2022-10-20,-0.000324762258,-0.062221364628,-0.433883739118,-0.900968867902,-0.946713918146,0.322075701021
2022-10-21,0.012050961024,-0.416718651022,-0.974927912182,-0.222520933956,-0.941033634745,0.338313018192
2022-10-22,0.000000000000,0.000000000000,-0.781831482468,0.623489801859,-0.935074884352,0.354450223099
2022-10-23,0.000000000000,0.000000000000,0.000000000000,1.000000000000,-0.928839430256,0.370482540482
2022-10-24,-0.002570122008,0.044166852138,0.781831482468,0.623489801859,-0.922329117629,0.386405226121
2022-10-25,0.002783966982,-0.218967066814,0.974927912182,-0.222520933956,-0.915545872978,0.402213568237
2022-10-26,0.022938544036,-0.366208584108,0.433883739118,-0.900968867902,-0.908491703573,0.417902888887
2022-10-27,0.013184687574,-0.063354075579,-0.433883739118,-0.900968867902,-0.901168696856,0.433468545349
2022-10-28,-0.012349064397,-0.190173532077,-0.974927912182,-0.222520933956,-0.893579019824,0.448905931494
2022-10-29,0.000000000000,0.000000000000,-0.781831482468,0.623489801859,-0.885724918384,0.464210479152
2022-10-30,0.000000000000,0.000000000000,0.000000000000,1.000000000000,-0.877608716690,0.479377659461
2022-10-31,-0.009863614277,0.643526496918,0.781831482468,0.623489801859,-0.869232816457,0.494402984208
2022-11-01,-0.001899940428,-0.078370008326,0.974927912182,-0.222520933956,-0.860599696250,0.509282007157
2022-11-02,0.015827615094,0.295215899355,0.433883739118,-0.900968867902,-0.851711910747,0.524010325368
2022-11-03,-0.015616368071,-0.298170249789,-0.433883739118,-0.900968867902,-0.842572089987,0.538583580492
2022-11-04,0.040369811782,0.383864970894,-0.974927912182,-0.222520933956,-0.833182938589,0.552997460070
2022-11-05,0.000000000000,0.000000000000,-0.781831482468,0.623489801859,-0.823547234956,0.567247698803
2022-11-06,0.000000000000,0.000000000000,0.000000000000,1.000000000000,-0.813667830446,0.581330079815
2022-11-07,-0.006616152517,-0.325666067852,0.781831482468,0.623489801859,-0.803547648534,0.595240435904
2022-11-08,-0.026491590347,0.247333513630,0.974927912182,-0.222520933956,-0.793189683945,0.608974650772
2022-11-09,-0.028830240517,-0.078124266725,0.433883739118,-0.900968867902,-0.782597001768,0.622528660243
2022-11-10,0.010948978472,0.163788232085,-0.433883739118,-0.900968867902,-0.771772736547,0.635898453468
2022-11-11,0.024466049448,-0.287057671037,-0.974927912182,-0.222520933956,-0.760720091356,0.649080074110
2022-11-12,0.000000000000,0.000000000000,-0.781831482468,0.623489801859,-0.749442336852,0.662069621515
2022-11-13,0.000000000000,0.000000000000,0.000000000000,1.000000000000,-0.737942810303,0.674863251868
2022-11-14,-0.030140266120,-0.028763519747,0.781831482468,0.623489801859,-0.726224914604,0.687457179327
2022-11-15,0.007700585868,0.297164411660,0.974927912182,-0.222520933956,-0.714292117269,0.699847677146
2022-11-16,-0.010711327704,-0.322884337470,0.433883739118,-0.900968867902,-0.702147949405,0.712031078779
2022-11-17,-0.033730769407,0.259710359762,-0.433883739118,-0.900968867902,-0.689796004666,0.724003778959
2022-11-18,-0.024352906025,0.176543108727,-0.974927912182,-0.222520933956,-0.677239938191,0.735762234774
2022-11-19,0.000000000000,0.000000000000,-0.781831482468,0.623489801859,-0.664483465523,0.747302966705
2022-11-20,0.000000000000,0.000000000000,0.000000000000,1.000000000000,-0.651530361507,0.758622559666
2022-11-21,-0.001942147165,0.140483911939,0.781831482468,0.623489801859,-0.638384459175,0.769717664007
2022-11-22,0.010352218892,-0.515799986330,0.974927912182,-0.222520933956,-0.625049648610,0.780584996507
2022-11-23,-0.033956152625,0.129528943684,0.433883739118,-0.900968867902,-0.611529875799,0.791221341348
2022-11-24,0.000000000000,0.000000000000,-0.433883739118,-0.900968867902,-0.597829141459,0.801623551065
2022-11-25,-0.021060958284,-0.811761678807,-0.974927912182,-0.222520933956,-0.583951499858,0.811788547476
2022-11-26,0.000000000000,0.000000000000,-0.781831482468,0.623489801859,-0.569901057613,0.821713322596
2022-11-27,0.000000000000,0.000000000000,0.000000000000,1.000000000000,-0.555681972476,0.831394939523
2022-11-28,-0.005275096908,0.045687861139,0.781831482468,0.623489801859,-0.541298452104,0.840830533312
2022-11-29,-0.001925204071,-0.032384628384,0.974927912182,-0.222520933956,-0.526754752811,0.850017311819
2022-11-30,0.028495357164,0.665897538113,0.433883739118,-0.900968867902,-0.512055178311,0.858952556527
2022-12-01,0.016830493836,-0.025068036265,-0.433883739118,-0.900968867902,-0.497204078447,0.867633623355
2022-12-02,-0.015193073709,0.018806645922,-0.974927912182,-0.222520933956,-0.482205847896,0.876057943434
2022-12-03,0.000000000000,0.000000000000,-0.781831482468,0.623489801859,-0.467064924877,0.884223023874
2022-12-04,0.000000000000,0.000000000000,0.000000000000,1.000000000000,-0.451785789833,0.892126448495
2022-12-05,-0.034357012359,0.060796861090,0.781831482468,0.623489801859,-0.436372964105,0.899765878548
2022-12-06,-0.041109310762,0.063477155372,0.974927912182,-0.222520933956,-0.420831008596,0.907139053401
2022-12-07,-0.027857671001,0.008917803172,0.433883739118,-0.900968867902,-0.405164522421,0.914243791213
2022-12-08,-0.013305657363,0.207630077959,-0.433883739118,-0.900968867902,-0.389378141545,0.921077989579
2022-12-09,-0.000656854562,-0.302643125092,-0.974927912182,-0.222520933956,-0.373476537413,0.927639626149
2022-12-10,0.000000000000,0.000000000000,-0.781831482468,0.623489801859,-0.357464415565,0.933926759229
2022-12-11,0.000000000000,0.000000000000,0.000000000000,1.000000000000,-0.341346514245,0.939937528356
2022-12-12,0.024532341135,-0.061449614807,0.781831482468,0.623489801859,-0.325127603000,0.945670154847
2022-12-13,0.033910130917,0.266555646772,0.974927912182,-0.222520933956,-0.308812481266,0.951122942324
2022-12-14,0.024728848260,-0.094940900510,0.433883739118,-0.900968867902,-0.292405976951,0.956294277220
2022-12-15,-0.018181184107,-0.031971794956,-0.433883739118,-0.900968867902,-0.275912945003,0.961182629254
2022-12-16,-0.027084315998,-0.079828659839,-0.974927912182,-0.222520933956,-0.259338265975,0.965786551884
2022-12-17,0.000000000000,0.000000000000,-0.781831482468,0.623489801859,-0.242686844583,0.970104682736
2022-12-18,0.000000000000,0.000000000000,0.000000000000,1.000000000000,-0.225963608248,0.974135744005
2022-12-19,0.009569477676,-0.216770693324,0.781831482468,0.623489801859,-0.209173505646,0.977878542834
2022-12-20,0.002378057456,-0.001525786076,0.974927912182,-0.222520933956,-0.192321505239,0.981331971670
2022-12-21,0.027253664782,-0.130982454935,0.433883739118,-0.900968867902,-0.175412593804,0.984495008588
2022-12-22,-0.014953012878,-0.034652110877,-0.433883739118,-0.900968867902,-0.158451774961,0.987366717594
2022-12-23,0.035661690211,-0.657973012766,-0.974927912182,-0.222520933956,-0.141444067688,0.989946248902
2022-12-24,0.000000000000,0.000000000000,-0.781831482468,0.623489801859,-0.124394504840,0.992232839189
2022-12-25,0.000000000000,0.000000000000,0.000000000000,1.000000000000,-0.107308131656,0.994225811816
2022-12-26,0.000000000000,0.000000000000,0.781831482468,0.623489801859,-0.090190004270,0.995924577029
2022-12-27,0.004873753031,-0.137682222938,0.974927912182,-0.222520933956,-0.073045188211,0.997328632136
2022-12-28,-0.012769427875,-0.333017542779,0.433883739118,-0.900968867902,-0.055878756905,0.998437561657
2022-12-29,-0.012083278653,1.341673765187,-0.433883739118,-0.900968867902,-0.038695790177,0.999251037439
2022-12-30,0.043415290506,-0.061255888985,-0.974927912182,-0.222520933956,-0.021501372741,0.999768818763
2022-12-31,0.000000000000,0.000000000000,-0.781831482468,0.623489801859,-0.004300592703,0.999990752408
2023-01-01,0.000000000000,0.000000000000,0.000000000000,1.000000000000,0.017201575418,0.999852041956
2023-01-02,0.000000000000,0.000000000000,0.781831482468,0.623489801859,0.034398060614,0.999408211606
2023-01-03,-0.045362281404,0.352330259335,0.974927912182,-0.222520933956,0.051584366869,0.998668640288
2023-01-04,-0.053282607042,-0.106611095727,0.433883739118,-0.900968867902,0.068755408481,0.997633546852
2023-01-05,0.010860722741,0.124305580256,-0.433883739118,-0.900968867902,0.085906104261,0.996303237599
2023-01-06,-0.001526170269,-0.165719792514,-0.974927912182,-0.222520933956,0.103031379043,0.994678106189
2023-01-07,0.000000000000,0.000000000000,-0.781831482468,0.623489801859,0.120126165182,0.992758633525
2023-01-08,0.000000000000,0.000000000000,0.000000000000,1.000000000000,0.137185404057,0.990545387609
2023-01-09,0.013652112210,0.232390467912,0.781831482468,0.623489801859,0.154204047563,0.988039023377
2023-01-10,0.005633779511,-0.330726088144,0.974927912182,-0.222520933956,0.171177059610,0.985240282501
2023-01-11,0.031580922091,0.331059521511,0.433883739118,-0.900968867902,0.188099417612,0.982149993175
2023-01-12,0.016317106298,-0.021396776327,-0.433883739118,-0.900968867902,0.204966113969,0.978769069865
2023-01-13,0.014766082690,-0.497215676017,-0.974927912182,-0.222520933956,0.221772157556,0.975098513040
2023-01-14,0.000000000000,0.000000000000,-0.781831482468,0.623489801859,0.238512575194,0.971139408877
2023-01-15,0.000000000000,0.000000000000,0.000000000000,1.000000000000,0.255182413123,0.966892928939
2023-01-16,0.000000000000,0.000000000000,0.781831482468,0.623489801859,0.271776738471,0.962360329828
2023-01-17,0.007476663346,0.719207377258,0.974927912182,-0.222520933956,0.288290640710,0.957542952812
2023-01-18,-0.011000635260,-0.325949222732,0.433883739118,-0.900968867902,0.304719233109,0.952442223431
2023-01-19,0.013790101162,0.085463937913,-0.433883739118,-0.900968867902,0.321057654185,0.947059651072
2023-01-20,0.016917298373,-0.167615662649,-0.974927912182,-0.222520933956,0.337301069136,0.941396828526
2023-01-21,0.000000000000,0.000000000000,-0.781831482468,0.623489801859,0.353444671274,0.935455431513
2023-01-22,0.000000000000,0.000000000000,0.000000000000,1.000000000000,0.369483683447,0.929237218188
2023-01-23,0.006370231859,-0.139792712079,0.781831482468,0.623489801859,0.385413359454,0.922744028620
2023-01-24,-0.023635854671,0.226130357890,0.974927912182,-0.222520933956,0.401228985448,0.915977784248
2023-01-25,-0.000116046524,-0.284463434149,0.433883739118,-0.900968867902,0.416925881329,0.908940487314
2023-01-26,0.015554186999,-0.343035691634,-0.433883739118,-0.900968867902,0.432499402134,0.901634220265
2023-01-27,-0.009303432817,-0.348512288186,-0.974927912182,-0.222520933956,0.447944939408,0.894061145145
2023-01-28,0.000000000000,0.000000000000,-0.781831482468,0.623489801859,0.463257922567,0.886223502949
2023-01-29,0.000000000000,0.000000000000,0.000000000000,1.000000000000,0.478433820255,0.878123612959
2023-01-30,-0.020518347280,-0.532327486815,0.781831482468,0.623489801859,0.493468141677,0.869763872065
2023-01-31,-0.004840952409,1.646137134280,0.974927912182,-0.222520933956,0.508356437938,0.861146754048
2023-02-01,-0.019722166561,-0.082422664645,0.433883739118,-0.900968867902,0.523094303349,0.852274808852
2023-02-02,-0.008120742661,-0.132037102668,-0.433883739118,-0.900968867902,0.537677376741,0.843150661828
2023-02-03,-0.027513865836,0.005348906505,-0.974927912182,-0.222520933956,0.552101342746,0.833777012959
2023-02-04,0.000000000000,0.000000000000,-0.781831482468,0.623489801859,0.566361933081,0.824156636057
2023-02-05,0.000000000000,0.000000000000,0.000000000000,1.000000000000,0.580454927809,0.814292377947
2023-02-06,0.013049280061,0.237141468329,0.781831482468,0.623489801859,0.594376156585,0.804187157621
2023-02-07,0.032793861332,-0.249789826146,0.974927912182,-0.222520933956,0.608121499894,0.793843965378
2023-02-08,0.016589951607,0.200384156644,0.433883739118,-0.900968867902,0.621686890267,0.783265861934
2023-02-09,-0.006957942460,0.022096137068,-0.433883739118,-0.900968867902,0.635068313487,0.772455977519
2023-02-10,0.022120386943,0.011790899418,-0.974927912182,-0.222520933956,0.648261809776,0.761417510953
2023-02-11,0.000000000000,0.000000000000,-0.781831482468,0.623489801859,0.661263474966,0.750153728696
2023-02-12,0.000000000000,0.000000000000,0.000000000000,1.000000000000,0.674069461655,0.738667963881
2023-02-13,0.002543368084,-0.463542019640,0.781831482468,0.623489801859,0.686675980345,0.726963615332
2023-02-14,-0.011963657006,0.008151174242,0.974927912182,-0.222520933956,0.699079300566,0.715044146554
2023-02-15,-0.002339783224,0.077392095183,0.433883739118,-0.900968867902,0.711275751974,0.702913084708
2023-02-16,-0.002814895930,-0.051984941655,-0.433883739118,-0.900968867902,0.723261725444,0.690574019572
2023-02-17,-0.025456345435,0.302700633567,-0.974927912182,-0.222520933956,0.735033674133,0.678030602474
2023-02-18,0.000000000000,0.000000000000,-0.781831482468,0.623489801859,0.746588114532,0.665286545211
2023-02-19,0.000000000000,0.000000000000,0.000000000000,1.000000000000,0.757921627497,0.652345618957
2023-02-20,0.000000000000,0.000000000000,0.781831482468,0.623489801859,0.769030859259,0.639211653138
2023-02-21,0.000602265009,0.160842399870,0.974927912182,-0.222520933956,0.779912522417,0.625888534308
2023-02-22,-0.029944242224,-0.452651836672,0.433883739118,-0.900968867902,0.790563396912,0.612380204990
2023-02-23,0.019778307447,-0.338690352133,-0.433883739118,-0.900968867902,0.800980330978,0.598690662518
2023-02-24,0.011489568999,-0.079708854370,-0.974927912182,-0.222520933956,0.811160242079,0.584823957846
2023-02-25,0.000000000000,0.000000000000,-0.781831482468,0.623489801859,0.821100117813,0.570784194357
2023-02-26,0.000000000000,0.000000000000,0.000000000000,1.000000000000,0.830797016812,0.556575526641
2023-02-27,-0.008574495035,-0.853652488861,0.781831482468,0.623489801859,0.840248069608,0.542202159273
2023-02-28,0.017314397590,1.475123159152,0.974927912182,-0.222520933956,0.849450479481,0.527668345563
2023-03-01,0.004994043395,0.071377198683,0.433883739118,-0.900968867902,0.858401523292,0.512978386299
2023-03-02,0.005205293283,-0.395301397451,-0.433883739118,-0.900968867902,0.867098552281,0.498136628478
2023-03-03,0.012662870803,0.427373956280,-0.974927912182,-0.222520933956,0.875538992859,0.483147464015
2023-03-04,0.000000000000,0.000000000000,-0.781831482468,0.623489801859,0.883720347362,0.468015328444
2023-03-05,0.000000000000,0.000000000000,0.000000000000,1.000000000000,0.891640194797,0.452744699607
2023-03-06,0.004069518665,-0.115376077847,0.781831482468,0.623489801859,0.899296191553,0.437340096330
2023-03-07,-0.034109630790,0.059408560078,0.974927912182,-0.222520933956,0.906686072098,0.421806077083
2023-03-08,-0.007592651552,-0.097796693292,0.433883739118,-0.900968867902,0.913807649647,0.406147238631
2023-03-09,-0.013029192830,0.055765150383,-0.433883739118,-0.900968867902,0.920658816810,0.390368214676
2023-03-10,0.014479811018,0.067048458659,-0.974927912182,-0.222520933956,0.927237546218,0.374473674487
2023-03-11,0.000000000000,0.000000000000,-0.781831482468,0.623489801859,0.933541891118,0.358468321512
2023-03-12,0.000000000000,0.000000000000,0.000000000000,1.000000000000,0.939569985953,0.342356891995
2023-03-13,-0.024580903682,0.356046803215,0.781831482468,0.623489801859,0.945320046913,0.326144153564
2023-03-14,-0.041973040433,-0.140211043101,0.974927912182,-0.222520933956,0.950790372463,0.309834903832
2023-03-15,-0.049765389550,0.339059326687,0.433883739118,-0.900968867902,0.955979343844,0.293433968967
2023-03-16,0.013612913376,-0.444590544786,-0.433883739118,-0.900968867902,0.960885425557,0.276946202269
2023-03-17,-0.023431636779,0.150759287257,-0.974927912182,-0.222520933956,0.965507165814,0.260376482734
2023-03-18,0.000000000000,0.000000000000,-0.781831482468,0.623489801859,0.969843196967,0.243729713610
2023-03-19,0.000000000000,0.000000000000,0.000000000000,1.000000000000,0.973892235915,0.227010820941
2023-03-20,0.011174818971,-0.448286364828,0.781831482468,0.623489801859,0.977653084482,0.210224752119
2023-03-21,0.020522466260,-0.166402780291,0.974927912182,-0.222520933956,0.981124629772,0.193376474410
2023-03-22,0.018025653874,0.059368137519,0.433883739118,-0.900968867902,0.984305844499,0.176470973492
2023-03-23,-0.010222877340,-0.064652236175,-0.433883739118,-0.900968867902,0.987195787291,0.159513251973
2023-03-24,-0.012193733445,0.013607098433,-0.974927912182,-0.222520933956,0.989793602967,0.142508327916
2023-03-25,0.000000000000,0.000000000000,-0.781831482468,0.623489801859,0.992098522792,0.125461233353
2023-03-26,0.000000000000,0.000000000000,0.000000000000,1.000000000000,0.994109864702,0.108377012792
2023-03-27,0.040891398341,-0.311293019171,0.781831482468,0.623489801859,0.995827033510,0.091260721729
2023-03-28,0.006761507738,0.248154285129,0.974927912182,-0.222520933956,0.997249521077,0.074117425151
2023-03-29,-0.004715521971,-0.477805451600,0.433883739118,-0.900968867902,0.998376906467,0.056952196034
2023-03-30,0.012567577567,-0.480724659623,-0.433883739118,-0.900968867902,0.999208856068,0.039770113846
2023-03-31,0.006287747339,1.730373815856,-0.974927912182,-0.222520933956,0.999745123693,0.022576263042
2023-04-01,0.000000000000,0.000000000000,-0.781831482468,0.623489801859,0.999985550651,0.005375731558
2023-04-02,0.000000000000,0.000000000000,0.000000000000,1.000000000000,0.999930065796,-0.011826390692
2023-04-03,0.062679939545,-0.023401798874,0.781831482468,0.623489801859,0.999578685548,-0.029025013322
2023-04-04,0.000117762243,-0.130540991550,0.974927912182,-0.222520933956,0.998931513885,-0.046215046984
2023-04-05,0.000588423748,-0.151058380109,0.433883739118,-0.900968867902,0.997988742316,-0.063391404870
2023-04-06,0.001528480485,-10.252840757844,-0.433883739118,-0.900968867902,0.996750649821,-0.080549004219
2023-04-07,0.000000000000,0.000000000000,-0.974927912182,-0.222520933956,0.995217602774,-0.097682767822
2023-04-08,0.000000000000,0.000000000000,-0.781831482468,0.623489801859,0.993390054826,-0.114787625522
2023-04-09,0.000000000000,0.000000000000,0.000000000000,1.000000000000,0.991268546779,-0.131858515717
2023-04-10,-0.011104690893,9.564020836935,0.781831482468,0.623489801859,0.988853706421,-0.148890386856
2023-04-11,0.016844738916,0.682701747174,0.974927912182,-0.222520933956,0.986146248342,-0.165878198935
2023-04-12,0.019891961509,0.253896720554,0.433883739118,-0.900968867902,0.983146973722,-0.182816924985
2023-04-13,-0.014300849261,-0.320864582490,-0.433883739118,-0.900968867902,0.979856770096,-0.199701552566
2023-04-14,0.002552219813,0.073015518783,-0.974927912182,-0.222520933956,0.976276611087,-0.216527085245
2023-04-15,0.000000000000,0.000000000000,-0.781831482468,0.623489801859,0.972407556122,-0.233288544075
2023-04-16,0.000000000000,0.000000000000,0.000000000000,1.000000000000,0.968250750117,-0.249980969073
2023-04-17,-0.018121679342,0.065208230896,0.781831482468,0.623489801859,0.963807423137,-0.266599420679
2023-04-18,0.000117908416,-0.105463292844,0.974927912182,-0.222520933956,0.959078890034,-0.283138981228
2023-04-19,-0.019656287185,0.120577095823,0.433883739118,-0.900968867902,0.954066550058,-0.299594756397
2023-04-20,-0.024602437528,-0.162827133960,-0.433883739118,-0.900968867902,0.948771886440,-0.315961876658
2023-04-21,0.006881388431,-0.382974382737,-0.974927912182,-0.222520933956,0.943196465957,-0.332235498716
2023-04-22,0.000000000000,0.000000000000,-0.781831482468,0.623489801859,0.937341938464,-0.348410806945
2023-04-23,0.000000000000,0.000000000000,0.000000000000,1.000000000000,0.931210036412,-0.364483014810
2023-04-24,0.013018003042,-0.065025366948,0.781831482468,0.623489801859,0.924802574329,-0.380447366288
2023-04-25,-0.023976765887,0.026613043123,0.974927912182,-0.222520933956,0.918121448284,-0.396299137269
2023-04-26,-0.038878987505,-0.104355930127,0.433883739118,-0.900968867902,0.911168635333,-0.412033636959
2023-04-27,0.008714655724,-0.547686833002,-0.433883739118,-0.900968867902,0.903946192922,-0.427646209268
2023-04-28,0.014818815179,1.098910963302,-0.974927912182,-0.222520933956,0.896456258291,-0.443132234183
2023-04-29,0.000000000000,0.000000000000,-0.781831482468,0.623489801859,0.888701047829,-0.458487129140
2023-04-30,0.000000000000,0.000000000000,0.000000000000,1.000000000000,0.880682856430,-0.473706350380
2023-05-01,-0.002895857978,-0.758111340068,0.781831482468,0.623489801859,0.872404056805,-0.488785394289
2023-05-02,-0.051618493575,1.045298684167,0.974927912182,-0.222520933956,0.863867098784,-0.503719798736
2023-05-03,-0.040506693561,-0.023293770693,0.433883739118,-0.900968867902,0.855074508590,-0.518505144391
2023-05-04,0.002347555684,-0.146264012183,-0.433883739118,-0.900968867902,0.846028888092,-0.533137056032
2023-05-05,0.037893613473,-0.391852280682,-0.974927912182,-0.222520933956,0.836732914034,-0.547611203840
2023-05-06,0.000000000000,0.000000000000,-0.781831482468,0.623489801859,0.827189337246,-0.561923304683
2023-05-07,0.000000000000,0.000000000000,0.000000000000,1.000000000000,0.817400981825,-0.576069123380
2023-05-08,0.022455135957,-0.168161821064,0.781831482468,0.623489801859,0.807370744302,-0.590044473955
2023-05-09,0.005568163204,0.366727661848,0.974927912182,-0.222520933956,0.797101592787,-0.603845220877
2023-05-10,-0.013389848908,0.198483148214,0.433883739118,-0.900968867902,0.786596566087,-0.617467280284
2023-05-11,-0.018892169508,0.059190389283,-0.433883739118,-0.900968867902,0.775858772807,-0.630906621188
2023-05-12,-0.010861725018,-0.190827618849,-0.974927912182,-0.222520933956,0.764891390434,-0.644159266672
2023-05-13,0.000000000000,0.000000000000,-0.781831482468,0.623489801859,0.753697664393,-0.657221295066
2023-05-14,0.000000000000,0.000000000000,0.000000000000,1.000000000000,0.742280907087,-0.670088841106
2023-05-15,0.014190401133,-0.088169208754,0.781831482468,0.623489801859,0.730644496918,-0.682758097076
2023-05-16,-0.004262690348,-0.052434769136,0.974927912182,-0.222520933956,0.718791877288,-0.695225313941
2023-05-17,0.026998352615,0.304594295556,0.433883739118,-0.900968867902,0.706726555578,-0.707486802450
2023-05-18,-0.014396250155,-0.439817552454,-0.433883739118,-0.900968867902,0.694452102109,-0.719538934233
2023-05-19,-0.003697822158,0.105216606132,-0.974927912182,-0.222520933956,0.681972149090,-0.731378142868
2023-05-20,0.000000000000,0.000000000000,-0.781831482468,0.623489801859,0.669290389541,-0.743000924944
2023-05-21,0.000000000000,0.000000000000,0.000000000000,1.000000000000,0.656410576198,-0.754403841093
2023-05-22,0.005410002422,0.018278484594,0.781831482468,0.623489801859,0.643336520404,-0.765583517008
2023-05-23,0.011123565672,0.296664936734,0.974927912182,-0.222520933956,0.630072090984,-0.776536644443
2023-05-24,0.019588310624,0.098425811213,0.433883739118,-0.900968867902,0.616621213096,-0.787259982192
2023-05-25,-0.027165018424,0.069134663502,-0.433883739118,-0.900968867902,0.602987867069,-0.797750357046
2023-05-26,0.009007238184,-0.848750867816,-0.974927912182,-0.222520933956,0.589176087232,-0.808004664735
2023-05-27,0.000000000000,0.000000000000,-0.781831482468,0.623489801859,0.575189960712,-0.818019870844
2023-05-28,0.000000000000,0.000000000000,0.000000000000,1.000000000000,0.561033626228,-0.827793011713
2023-05-29,0.000000000000,0.000000000000,0.781831482468,0.623489801859,0.546711272869,-0.837321195312
2023-05-30,-0.045326332303,-0.114687593130,0.974927912182,-0.222520933956,0.532227138847,-0.846601602098
2023-05-31,-0.012038411129,0.916565240830,0.433883739118,-0.900968867902,0.517585510253,-0.855631485849
2023-06-01,0.022050642857,-0.099337114430,-0.433883739118,-0.900968867902,0.502790719779,-0.864408174478
2023-06-02,0.024600649190,-0.183656248433,-0.974927912182,-0.222520933956,0.487847145442,-0.872929070821
2023-06-03,0.000000000000,0.000000000000,-0.781831482468,0.623489801859,0.472759209286,-0.881191653407
2023-06-04,0.000000000000,0.000000000000,0.000000000000,1.000000000000,0.457531376074,-0.889193477207
2023-06-05,0.007589696796,0.284350352287,0.781831482468,0.623489801859,0.442168151967,-0.896932174351
2023-06-06,-0.005490185934,-0.213424353116,0.974927912182,-0.222520933956,0.426674083190,-0.904405454834
2023-06-07,0.008613940523,0.235905544110,0.433883739118,-0.900968867902,0.411053754687,-0.911611107193
2023-06-08,-0.012948946735,0.244937228664,-0.433883739118,-0.900968867902,0.395311788765,-0.918546999159
2023-06-09,-0.015522675446,-0.569719658233,-0.974927912182,-0.222520933956,0.379452843725,-0.925211078289
2023-06-10,0.000000000000,0.000000000000,-0.781831482468,0.623489801859,0.363481612483,-0.931601372577
2023-06-11,0.000000000000,0.000000000000,0.000000000000,1.000000000000,0.347402821184,-0.937715991030
2023-06-12,-0.040242825427,0.259052689437,0.781831482468,0.623489801859,0.331221227802,-0.943553124235
2023-06-13,0.033534992469,-0.165010227219,0.974927912182,-0.222520933956,0.314941620729,-0.949111044890
2023-06-14,-0.014780986211,-0.071462912080,0.433883739118,-0.900968867902,0.298568817364,-0.954388108318
2023-06-15,0.033186377232,-0.211268684457,-0.433883739118,-0.900968867902,0.282107662682,-0.959382752949
2023-06-16,0.012345867987,-0.016158511440,-0.974927912182,-0.222520933956,0.265563027804,-0.964093500789
2023-06-17,0.000000000000,0.000000000000,-0.781831482468,0.623489801859,0.248939808554,-0.968518957851
2023-06-18,0.000000000000,0.000000000000,0.000000000000,1.000000000000,0.232242924009,-0.972657814572
2023-06-19,0.000000000000,0.000000000000,0.781831482468,0.623489801859,0.215477315047,-0.976508846197
2023-06-20,-0.009310919990,0.500287347013,0.974927912182,-0.222520933956,0.198647942880,-0.980070913143
2023-06-21,0.015945981411,-0.426470305858,0.433883739118,-0.900968867902,0.181759787591,-0.983342961339
2023-06-22,-0.039407496427,0.320987122104,-0.433883739118,-0.900968867902,0.164817846657,-0.986324022532
2023-06-23,-0.003919201175,-0.673139481925,-0.974927912182,-0.222520933956,0.147827133471,-0.989013214578
2023-06-24,0.000000000000,0.000000000000,-0.781831482468,0.623489801859,0.130792675857,-0.991409741702
2023-06-25,0.000000000000,0.000000000000,0.000000000000,1.000000000000,0.113719514586,-0.993512894734
2023-06-26,0.004458587860,0.282590339069,0.781831482468,0.623489801859,0.096612701881,-0.995322051316
2023-06-27,-0.026223820893,-0.317231969305,0.974927912182,-0.222520933956,0.079477299924,-0.996836676089
2023-06-28,0.024199644683,-0.204675296251,0.433883739118,-0.900968867902,0.062318379354,-0.998056320853
2023-06-29,0.004178715642,-0.668685986350,-0.433883739118,-0.900968867902,0.045141017774,-0.998980624694
2023-06-30,0.007504795288,1.517154686087,-0.974927912182,-0.222520933956,0.027950298240,-0.999609314096
2023-07-01,0.000000000000,0.000000000000,-0.781831482468,0.623489801859,0.010751307764,-0.999942203020
2023-07-02,0.000000000000,0.000000000000,0.000000000000,1.000000000000,-0.006450864198,-0.999979192959
2023-07-03,-0.003343366470,-0.188383394869,0.781831482468,0.623489801859,-0.023651127245,-0.999720272966
2023-07-04,0.000000000000,0.000000000000,0.974927912182,-0.222520933956,-0.040844391543,-0.999165519661
2023-07-05,0.026439080799,0.389789077470,0.433883739118,-0.900968867902,-0.058025569329,-0.998315097203
2023-07-06,-0.001697524523,-0.179618328417,-0.433883739118,-0.900968867902,-0.075189576415,-0.997169257247
2023-07-07,0.025164300994,-0.107960576317,-0.974927912182,-0.222520933956,-0.092331333695,-0.995728338865
2023-07-08,0.000000000000,0.000000000000,-0.781831482468,0.623489801859,-0.109445768649,-0.993992768447
2023-07-09,0.000000000000,0.000000000000,0.000000000000,1.000000000000,-0.126527816839,-0.991963059577
2023-07-10,-0.009989821308,-0.234584751749,0.781831482468,0.623489801859,-0.143572423412,-0.989639812879
2023-07-11,0.021771807083,0.075526524960,0.974927912182,-0.222520933956,-0.160574544595,-0.987023715839
2023-07-12,0.008902310375,0.109494983738,0.433883739118,-0.900968867902,-0.177529149187,-0.984115542601
2023-07-13,0.015483061396,0.126713223723,-0.433883739118,-0.900968867902,-0.194431220048,-0.980916153741
2023-07-14,-0.018483411925,-0.212306496008,-0.974927912182,-0.222520933956,-0.211275755582,-0.977426496010
2023-07-15,0.000000000000,0.000000000000,-0.781831482468,0.623489801859,-0.228057771222,-0.973647602054
2023-07-16,0.000000000000,0.000000000000,0.000000000000,1.000000000000,-0.244772300897,-0.969580590108
2023-07-17,-0.017301722529,0.224662558502,0.781831482468,0.623489801859,-0.261414398511,-0.965226663666
2023-07-18,0.014292246989,0.038754891950,0.974927912182,-0.222520933956,-0.277979139399,-0.960587111125
2023-07-19,-0.002137132913,0.096434474428,0.433883739118,-0.900968867902,-0.294461621787,-0.955663305403
2023-07-20,0.002262732668,-0.294165353424,-0.433883739118,-0.900968867902,-0.310856968244,-0.950456703535
2023-07-21,0.017796503703,-0.053861712748,-0.974927912182,-0.222520933956,-0.327160327122,-0.944968846236
2023-07-22,0.000000000000,0.000000000000,-0.781831482468,0.623489801859,-0.343366873996,-0.939201357453
2023-07-23,0.000000000000,0.000000000000,0.000000000000,1.000000000000,-0.359471813088,-0.933155943878
2023-07-24,0.020390159979,0.173662263974,0.781831482468,0.623489801859,-0.375470378688,-0.926834394446
2023-07-25,0.010818732048,-0.238529023212,0.974927912182,-0.222520933956,-0.391357836561,-0.920238579805
2023-07-26,-0.008645601778,-0.133919596411,0.433883739118,-0.900968867902,-0.407129485354,-0.913370451764
2023-07-27,0.015793576981,-0.044894263367,-0.433883739118,-0.900968867902,-0.422780657983,-0.906232042711
2023-07-28,0.008863734909,-0.507114375879,-0.974927912182,-0.222520933956,-0.438306723013,-0.898825465016
2023-07-29,0.000000000000,0.000000000000,-0.781831482468,0.623489801859,-0.453703086031,-0.891152910406
2023-07-30,0.000000000000,0.000000000000,0.000000000000,1.000000000000,-0.468965191008,-0.883216649313
2023-07-31,0.006684278304,0.745817426173,0.781831482468,0.623489801859,-0.484088521639,-0.875019030203
2023-08-01,-0.007625940539,0.147738853784,0.974927912182,-0.222520933956,-0.499068602689,-0.866562478885
2023-08-02,-0.020344603993,0.170943606936,0.433883739118,-0.900968867902,-0.513901001309,-0.857849497787
2023-08-03,0.023049642084,-0.061155820030,-0.433883739118,-0.900968867902,-0.528581328356,-0.848882665221
2023-08-04,0.012837129159,-0.315289855059,-0.974927912182,-0.222520933956,-0.543105239683,-0.839664634618
2023-08-05,0.000000000000,0.000000000000,-0.781831482468,0.623489801859,-0.557468437433,-0.830198133741
2023-08-06,0.000000000000,0.000000000000,0.000000000000,1.000000000000,-0.571666671303,-0.820485963879
2023-08-07,-0.010490847542,-0.121858020920,0.781831482468,0.623489801859,-0.585695739807,-0.810530999019
2023-08-08,0.009678833154,0.297409009754,0.974927912182,-0.222520933956,-0.599551491520,-0.800336184998
2023-08-09,0.015888025587,0.100096095270,0.433883739118,-0.900968867902,-0.613229826300,-0.789904538622
2023-08-10,-0.013222400119,-0.014963045036,-0.433883739118,-0.900968867902,-0.626726696508,-0.779239146786
2023-08-11,0.004734100810,0.145037087354,-0.974927912182,-0.222520933956,-0.640038108204,-0.768343165549
2023-08-12,0.000000000000,0.000000000000,-0.781831482468,0.623489801859,-0.653160122327,-0.757219819208
2023-08-13,0.000000000000,0.000000000000,0.000000000000,1.000000000000,-0.666088855861,-0.745872399340
2023-08-14,-0.006935624678,-0.293107595723,0.781831482468,0.623489801859,-0.678820482986,-0.734304263830
2023-08-15,-0.015429876042,0.189802888446,0.974927912182,-0.222520933956,-0.691351236209,-0.722518835873
2023-08-16,-0.017108680022,0.064024965127,0.433883739118,-0.900968867902,-0.703677407479,-0.710519602969
2023-08-17,0.007996769947,0.062292531517,-0.433883739118,-0.900968867902,-0.715795349283,-0.698310115884
2023-08-18,0.008051195300,-0.264812960236,-0.974927912182,-0.222520933956,-0.727701475726,-0.685893987600
2023-08-19,0.000000000000,0.000000000000,-0.781831482468,0.623489801859,-0.739392263596,-0.673274892250
2023-08-20,0.000000000000,0.000000000000,0.000000000000,1.000000000000,-0.750864253399,-0.660456564028
2023-08-21,-0.004017540120,0.069838855223,0.781831482468,0.623489801859,-0.762114050389,-0.647442796083
2023-08-22,-0.005104175253,-0.031869850786,0.974927912182,-0.222520933956,-0.773138325571,-0.634237439398
2023-08-23,-0.009806341503,0.259445783532,0.433883739118,-0.900968867902,-0.783933816683,-0.620844401651
2023-08-24,0.001801063417,-0.226182005040,-0.433883739118,-0.900968867902,-0.794497329167,-0.607267646057
2023-08-25,0.013346274367,-0.301226730491,-0.974927912182,-0.222520933956,-0.804825737108,-0.593511190196
2023-08-26,0.000000000000,0.000000000000,-0.781831482468,0.623489801859,-0.814915984166,-0.579579104826
2023-08-27,0.000000000000,0.000000000000,0.000000000000,1.000000000000,-0.824765084473,-0.565475512674
2023-08-28,-0.000710541030,-0.349337024709,0.781831482468,0.623489801859,-0.834370123523,-0.551204587220
2023-08-29,0.012595066386,-0.001918597272,0.974927912182,-0.222520933956,-0.843728259029,-0.536770551461
2023-08-30,0.004318684855,-0.171597373952,0.433883739118,-0.900968867902,-0.852836721769,-0.522177676660
2023-08-31,0.011579564228,1.005281528971,-0.433883739118,-0.900968867902,-0.861692816403,-0.507430281083
2023-09-01,0.019269764559,-0.010032277000,-0.974927912182,-0.222520933956,-0.870293922269,-0.492532728722
2023-09-02,0.000000000000,0.000000000000,-0.781831482468,0.623489801859,-0.878637494161,-0.477489428003
2023-09-03,0.000000000000,0.000000000000,0.000000000000,1.000000000000,-0.886721063083,-0.462304830480
2023-09-04,0.000000000000,0.000000000000,0.781831482468,0.623489801859,-0.894542236976,-0.446983429520
2023-09-05,0.016686627514,0.344587130899,0.974927912182,-0.222520933956,-0.902098701430,-0.431529758971
2023-09-06,0.006200170000,-0.613258678686,0.433883739118,-0.900968867902,-0.909388220365,-0.415948391825
2023-09-07,-0.007533830425,-0.129999536303,-0.433883739118,-0.900968867902,-0.916408636694,-0.400243938857
2023-09-08,0.008085588251,0.196782357604,-0.974927912182,-0.222520933956,-0.923157872965,-0.384421047269
2023-09-09,0.000000000000,0.000000000000,-0.781831482468,0.623489801859,-0.929633931968,-0.368484399308
2023-09-10,0.000000000000,0.000000000000,0.000000000000,1.000000000000,-0.935834897335,-0.352438710885
2023-09-11,-0.000110344048,0.096511489678,0.781831482468,0.623489801859,-0.941758934099,-0.336288730177
2023-09-12,0.015544901883,0.038349540483,0.974927912182,-0.222520933956,-0.947404289244,-0.320039236223
2023-09-13,-0.001957163942,0.023317159764,0.433883739118,-0.900968867902,-0.952769292217,-0.303695037511
2023-09-14,0.019614808747,0.143184687021,-0.433883739118,-0.900968867902,-0.957852355428,-0.287260970551
2023-09-15,0.002451670580,-0.042782361651,-0.974927912182,-0.222520933956,-0.962651974716,-0.270741898448
2023-09-16,0.000000000000,0.000000000000,-0.781831482468,0.623489801859,-0.967166729798,-0.254142709461
2023-09-17,0.000000000000,0.000000000000,0.000000000000,1.000000000000,-0.971395284684,-0.237468315558
2023-09-18,0.005308995251,-0.036019064052,0.781831482468,0.623489801859,-0.975336388077,-0.220723650961
2023-09-19,-0.000953583469,0.251425798528,0.974927912182,-0.222520933956,-0.978988873741,-0.203913670683
2023-09-20,-0.008623011643,-0.002272441326,0.433883739118,-0.900968867902,-0.982351660847,-0.187043349070
2023-09-21,-0.002462086833,-0.116979057068,-0.433883739118,-0.900968867902,-0.985423754292,-0.170117678320
2023-09-22,-0.000321663815,-0.205781203822,-0.974927912182,-0.222520933956,-0.988204244994,-0.153141667013
2023-09-23,0.000000000000,0.000000000000,-0.781831482468,0.623489801859,-0.990692310162,-0.136120338623
2023-09-24,0.000000000000,0.000000000000,0.000000000000,1.000000000000,-0.992887213536,-0.119058730034
2023-09-25,0.000214454039,-0.525756284618,0.781831482468,0.623489801859,-0.994788305609,-0.101961890052
2023-09-26,0.007156219260,-0.006301014465,0.974927912182,-0.222520933956,-0.996395023819,-0.084834877906
2023-09-27,0.027191890436,0.245728292377,0.433883739118,-0.900968867902,-0.997706892710,-0.067682761755
2023-09-28,-0.012192156409,-0.945597094081,-0.433883739118,-0.900968867902,-0.998723524080,-0.050510617185
2023-09-29,-0.000734172740,1.645797009693,-0.974927912182,-0.222520933956,-0.999444617092,-0.033323525712
2023-09-30,0.000000000000,0.000000000000,-0.781831482468,0.623489801859,-0.999869958362,-0.016126573271
2023-10-01,0.000000000000,0.000000000000,0.000000000000,1.000000000000,-0.999999422025,0.001075151283
2023-10-02,-0.049467116800,-0.222608733061,0.781831482468,0.623489801859,-0.999832969770,0.018276557682
2023-10-03,0.002312384311,0.272290601198,0.974927912182,-0.222520933956,-0.999370650854,0.035472555753
2023-10-04,-0.057844457477,-0.018312172551,0.433883739118,-0.900968867902,-0.998612602084,0.052658056925
2023-10-05,-0.020485739851,-0.091260326240,-0.433883739118,-0.900968867902,-0.997559047779,0.069827975730
2023-10-06,0.006048072176,-0.084576386364,-0.974927912182,-0.222520933956,-0.996210299702,0.086977231314
2023-10-07,0.000000000000,0.000000000000,-0.781831482468,0.623489801859,-0.994566756971,0.104100748935
2023-10-08,0.000000000000,0.000000000000,0.000000000000,1.000000000000,-0.992628905935,0.121193461471
2023-10-09,0.041342072461,-0.106236213746,0.781831482468,0.623489801859,-0.990397320035,0.138250310911
2023-10-10,-0.005688297378,-0.222220722002,0.974927912182,-0.222520933956,-0.987872659635,0.155266249860
2023-10-11,-0.021099552769,0.243714882821,0.433883739118,-0.900968867902,-0.985055671822,0.172236243028
2023-10-12,0.002095220246,0.066000067654,-0.433883739118,-0.900968867902,-0.981947190187,0.189155268720
2023-10-13,0.055302681162,0.093469603695,-0.974927912182,-0.222520933956,-0.978548134580,0.206018320325
2023-10-14,0.000000000000,0.000000000000,-0.781831482468,0.623489801859,-0.974859510837,0.222820407795
2023-10-15,0.000000000000,0.000000000000,0.000000000000,1.000000000000,-0.970882410481,0.239556559121
2023-10-16,-0.013736760344,-0.433707968951,0.781831482468,0.623489801859,-0.966618010400,0.256221821807
2023-10-17,0.002784741379,-0.062920135932,0.974927912182,-0.222520933956,-0.962067572498,0.272811264334
2023-10-18,0.017641013831,0.270448863604,0.433883739118,-0.900968867902,-0.957232443323,0.289319977619
2023-10-19,0.009571502990,-0.016378426344,-0.433883739118,-0.900968867902,-0.952114053668,0.305743076467
2023-10-20,-0.002384238587,-0.148015282122,-0.974927912182,-0.222520933956,-0.946713918146,0.322075701021
2023-10-21,0.000000000000,0.000000000000,-0.781831482468,0.623489801859,-0.941033634745,0.338313018192
2023-10-22,0.000000000000,0.000000000000,0.000000000000,1.000000000000,-0.935074884352,0.354450223099
2023-10-23,-0.025607221059,0.183998894041,0.781831482468,0.623489801859,-0.928839430256,0.370482540482
2023-10-24,-0.019787066272,0.160094742943,0.974927912182,-0.222520933956,-0.922329117629,0.386405226121
2023-10-25,0.023121092743,0.112856445387,0.433883739118,-0.900968867902,-0.915545872978,0.402213568237
2023-10-26,-0.024711995233,-0.740143429887,-0.433883739118,-0.900968867902,-0.908491703573,0.417902888887
2023-10-27,0.028587822048,-0.064376743346,-0.974927912182,-0.222520933956,-0.901168696856,0.433468545349
2023-10-28,0.000000000000,0.000000000000,-0.781831482468,0.623489801859,-0.893579019824,0.448905931494
2023-10-29,0.000000000000,0.000000000000,0.000000000000,1.000000000000,-0.885724918384,0.464210479152
2023-10-30,-0.034061702342,-0.321080708015,0.781831482468,0.623489801859,-0.877608716690,0.479377659461
2023-10-31,-0.000457432079,0.839145944780,0.974927912182,-0.222520933956,-0.869232816457,0.494402984208
2023-11-01,-0.032320953260,0.015630967671,0.433883739118,-0.900968867902,-0.860599696250,0.509282007157
2023-11-02,0.025893693890,-0.139652940699,-0.433883739118,-0.900968867902,-0.851711910747,0.524010325368
2023-11-03,-0.022826181558,0.137912825081,-0.974927912182,-0.222520933956,-0.842572089987,0.538583580492
2023-11-04,0.000000000000,0.000000000000,-0.781831482468,0.623489801859,-0.833182938589,0.552997460070
2023-11-05,0.000000000000,0.000000000000,0.000000000000,1.000000000000,-0.823547234956,0.567247698803
2023-11-06,0.003410374518,-0.310225299689,0.781831482468,0.623489801859,-0.813667830446,0.581330079815
2023-11-07,-0.042814857118,0.359708979385,0.974927912182,-0.222520933956,-0.803547648534,0.595240435904
2023-11-08,-0.025691759670,-0.050451720595,0.433883739118,-0.900968867902,-0.793189683945,0.608974650772
2023-11-09,0.005891602272,-0.103247401900,-0.433883739118,-0.900968867902,-0.782597001768,0.622528660243
2023-11-10,0.017592105665,-0.456188536141,-0.974927912182,-0.222520933956,-0.771772736547,0.635898453468
2023-11-11,0.000000000000,0.000000000000,-0.781831482468,0.623489801859,-0.760720091356,0.649080074110
2023-11-12,0.000000000000,0.000000000000,0.000000000000,1.000000000000,-0.749442336852,0.662069621515
2023-11-13,0.013296888296,0.080303379389,0.781831482468,0.623489801859,-0.737942810303,0.674863251868
2023-11-14,-0.000606041876,0.140377570214,0.974927912182,-0.222520933956,-0.726224914604,0.687457179327
2023-11-15,-0.015765690477,0.225300112204,0.433883739118,-0.900968867902,-0.714292117269,0.699847677146
2023-11-16,-0.047423793671,0.155584333766,-0.433883739118,-0.900968867902,-0.702147949405,0.712031078779
2023-11-17,0.040377597369,-0.073041214008,-0.974927912182,-0.222520933956,-0.689796004666,0.724003778959
2023-11-18,0.000000000000,0.000000000000,-0.781831482468,0.623489801859,-0.677239938191,0.735762234774
2023-11-19,0.000000000000,0.000000000000,0.000000000000,1.000000000000,-0.664483465523,0.747302966705
2023-11-20,0.020991368951,-0.373308899653,0.781831482468,0.623489801859,-0.651530361507,0.758622559666
2023-11-21,0.001577924174,-0.060759362674,0.974927912182,-0.222520933956,-0.638384459175,0.769717664007
2023-11-22,-0.005960699792,0.582683110788,0.433883739118,-0.900968867902,-0.625049648610,0.780584996507
2023-11-23,-0.007224623737,0.000000000000,-0.433883739118,-0.900968867902,-0.611529875799,0.791221341348
2023-11-24,-0.009756185976,-0.741993924112,-0.974927912182,-0.222520933956,-0.597829141459,0.801623551065
2023-11-25,0.000000000000,0.000000000000,-0.781831482468,0.623489801859,-0.583951499858,0.811788547476
2023-11-26,0.000000000000,0.000000000000,0.000000000000,1.000000000000,-0.569901057613,0.821713322596
2023-11-27,-0.007473857096,-0.244261813529,0.781831482468,0.623489801859,-0.555681972476,0.831394939523
2023-11-28,0.021032532202,-0.004362489568,0.974927912182,-0.222520933956,-0.541298452104,0.840830533312
2023-11-29,0.017235505907,-0.629254734539,0.433883739118,-0.900968867902,-0.526754752811,0.850017311819
2023-11-30,-0.003254346783,1.997788301321,-0.433883739118,-0.900968867902,-0.512055178311,0.858952556527
2023-12-01,-0.048862661242,-0.696811951392,-0.974927912182,-0.222520933956,-0.497204078447,0.867633623355
2023-12-02,0.000000000000,0.000000000000,-0.781831482468,0.623489801859,-0.482205847896,0.876057943434
2023-12-03,0.000000000000,0.000000000000,0.000000000000,1.000000000000,-0.467064924877,0.884223023874
2023-12-04,-0.010834322990,0.097639256509,0.781831482468,0.623489801859,-0.451785789833,0.892126448495
2023-12-05,-0.010693934984,-0.051999433219,0.974927912182,-0.222520933956,-0.436372964105,0.899765878548
2023-12-06,-0.038288424703,0.094716325881,0.433883739118,-0.900968867902,-0.420831008596,0.907139053401
2023-12-07,-0.003370410871,-0.245558763562,-0.433883739118,-0.900968867902,-0.405164522421,0.914243791213
2023-12-08,0.023885227734,-0.212988901515,-0.974927912182,-0.222520933956,-0.389378141545,0.921077989579
2023-12-09,0.000000000000,0.000000000000,-0.781831482468,0.623489801859,-0.373476537413,0.927639626149
2023-12-10,0.000000000000,0.000000000000,0.000000000000,1.000000000000,-0.357464415565,0.933926759229
2023-12-11,0.002502173525,-0.051738967570,0.781831482468,0.623489801859,-0.341346514245,0.939937528356
2023-12-12,-0.037386292546,0.370505575252,0.974927912182,-0.222520933956,-0.325127603000,0.945670154847
2023-12-13,0.013830786877,-0.064860982854,0.433883739118,-0.900968867902,-0.308812481266,0.951122942324
2023-12-14,0.031155146980,0.024065761510,-0.433883739118,-0.900968867902,-0.292405976951,0.956294277220
2023-12-15,-0.000783462526,-0.378444185777,-0.974927912182,-0.222520933956,-0.275912945003,0.961182629254
2023-12-16,0.000000000000,0.000000000000,-0.781831482468,0.623489801859,-0.259338265975,0.965786551884
2023-12-17,0.000000000000,0.000000000000,0.000000000000,1.000000000000,-0.242686844583,0.970104682736
2023-12-18,0.018123394384,0.442306552774,0.781831482468,0.623489801859,-0.225963608248,0.974135744005
2023-12-19,0.016287500993,-0.161902870951,0.974927912182,-0.222520933956,-0.209173505646,0.977878542834
2023-12-20,0.005914490159,0.044755807383,0.433883739118,-0.900968867902,-0.192321505239,0.981331971670
2023-12-21,-0.003897139457,-0.190844060038,-0.433883739118,-0.900968867902,-0.175412593804,0.984495008588
2023-12-22,-0.004038875826,-0.589361787300,-0.974927912182,-0.222520933956,-0.158451774961,0.987366717594
2023-12-23,0.000000000000,0.000000000000,-0.781831482468,0.623489801859,-0.141444067688,0.989946248902
2023-12-24,0.000000000000,0.000000000000,0.000000000000,1.000000000000,-0.124394504840,0.992232839189
2023-12-25,0.000000000000,0.000000000000,0.781831482468,0.623489801859,-0.107308131656,0.994225811816
2023-12-26,0.024979443012,-0.185358185387,0.974927912182,-0.222520933956,-0.090190004270,0.995924577029
2023-12-27,-0.017670919722,-0.212877342978,0.433883739118,-0.900968867902,-0.073045188211,0.997328632136
2023-12-28,-0.015945695099,1.076353429870,-0.433883739118,-0.900968867902,-0.055878756905,0.998437561657
2023-12-29,-0.017371581041,-0.189043133177,-0.974927912182,-0.222520933956,-0.038695790177,0.999251037439
2023-12-30,0.000000000000,0.000000000000,-0.781831482468,0.623489801859,-0.021501372741,0.999768818763
2023-12-31,0.000000000000,0.000000000000,0.000000000000,1.000000000000,-0.004300592703,0.999990752408
2024-01-01,0.000000000000,0.000000000000,0.781831482468,0.623489801859,0.017201575418,0.999852041956
2024-01-02,-0.015039864000,0.351611440107,0.974927912182,-0.222520933956,0.034398060614,0.999408211606
2024-01-03,0.030623914047,0.118000633071,0.433883739118,-0.900968867902,0.051584366869,0.998668640288
2024-01-04,-0.008470323713,0.030065943333,-0.433883739118,-0.900968867902,0.068755408481,0.997633546852
2024-01-05,0.014966775187,-0.067367633667,-0.974927912182,-0.222520933956,0.085906104261,0.996303237599
2024-01-06,0.000000000000,0.000000000000,-0.781831482468,0.623489801859,0.103031379043,0.994678106189
2024-01-07,0.000000000000,0.000000000000,0.000000000000,1.000000000000,0.120126165182,0.992758633525
2024-01-08,-0.034094202384,0.048644200637,0.781831482468,0.623489801859,0.137185404057,0.990545387609
2024-01-09,0.019127427197,-0.153305923029,0.974927912182,-0.222520933956,0.154204047563,0.988039023377
2024-01-10,-0.010233825818,0.208776099786,0.433883739118,-0.900968867902,0.171177059610,0.985240282501
2024-01-11,0.007911338635,0.033449846773,-0.433883739118,-0.900968867902,0.188099417612,0.982149993175
2024-01-12,0.011303874089,-0.111137980878,-0.974927912182,-0.222520933956,0.204966113969,0.978769069865
2024-01-13,0.000000000000,0.000000000000,-0.781831482468,0.623489801859,0.221772157556,0.975098513040
2024-01-14,0.000000000000,0.000000000000,0.000000000000,1.000000000000,0.238512575194,0.971139408877
2024-01-15,0.000000000000,0.000000000000,0.781831482468,0.623489801859,0.255182413123,0.966892928939
2024-01-16,0.000000000000,0.384412367460,0.974927912182,-0.222520933956,0.271776738471,0.962360329828
2024-01-17,-0.005250747377,-0.264122221494,0.433883739118,-0.900968867902,0.288290640710,0.957542952812
2024-01-18,0.015543710246,-0.241539512341,-0.433883739118,-0.900968867902,0.304719233109,0.952442223431
2024-01-19,-0.006850222514,-0.172052026066,-0.974927912182,-0.222520933956,0.321057654185,0.947059651072
2024-01-20,0.000000000000,0.000000000000,-0.781831482468,0.623489801859,0.337301069136,0.941396828526
2024-01-21,0.000000000000,0.000000000000,0.000000000000,1.000000000000,0.353444671274,0.935455431513
2024-01-22,0.018913690100,0.159020083416,0.781831482468,0.623489801859,0.369483683447,0.929237218188
2024-01-23,-0.006390529923,0.000359311563,0.974927912182,-0.222520933956,0.385413359454,0.922744028620
2024-01-24,0.006140728007,-0.215930798450,0.433883739118,-0.900968867902,0.401228985448,0.915977784248
2024-01-25,0.029422930873,-0.046027599261,-0.433883739118,-0.900968867902,0.416925881329,0.908940487314
2024-01-26,0.013495839540,-0.113166241100,-0.974927912182,-0.222520933956,0.432499402134,0.901634220265
2024-01-27,0.000000000000,0.000000000000,-0.781831482468,0.623489801859,0.447944939408,0.894061145145
2024-01-28,0.000000000000,0.000000000000,0.000000000000,1.000000000000,0.463257922567,0.886223502949
2024-01-29,-0.013859836134,-0.401525989706,0.781831482468,0.623489801859,0.478433820255,0.878123612959
2024-01-30,0.005687692571,-0.563862078817,0.974927912182,-0.222520933956,0.493468141677,0.869763872065
2024-01-31,-0.014096765812,1.525339864168,0.433883739118,-0.900968867902,0.508356437938,0.861146754048
2024-02-01,-0.037533265546,0.379029007004,-0.433883739118,-0.900968867902,0.523094303349,0.852274808852
2024-02-02,-0.017561114347,-0.411842719980,-0.974927912182,-0.222520933956,0.537677376741,0.843150661828
2024-02-03,0.000000000000,0.000000000000,-0.781831482468,0.623489801859,0.552101342746,0.833777012959
2024-02-04,0.000000000000,0.000000000000,0.000000000000,1.000000000000,0.566361933081,0.824156636057
2024-02-05,0.008498583652,-0.264279322968,0.781831482468,0.623489801859,0.580454927809,0.814292377947
2024-02-06,0.007663832329,0.001004318654,0.974927912182,-0.222520933956,0.594376156585,0.804187157621
2024-02-07,0.007858123638,0.056133998521,0.433883739118,-0.900968867902,0.608121499894,0.793843965378
2024-02-08,0.030094265899,0.212158330670,-0.433883739118,-0.900968867902,0.621686890267,0.783265861934
2024-02-09,0.006836862048,-0.209656054569,-0.974927912182,-0.222520933956,0.635068313487,0.772455977519
2024-02-10,0.000000000000,0.000000000000,-0.781831482468,0.623489801859,0.648261809776,0.761417510953
2024-02-11,0.000000000000,0.000000000000,0.000000000000,1.000000000000,0.661263474966,0.750153728696
2024-02-12,-0.002314422601,-0.141869504601,0.781831482468,0.623489801859,0.674069461655,0.738667963881
2024-02-13,0.009346389076,0.245991038793,0.974927912182,-0.222520933956,0.686675980345,0.726963615332
2024-02-14,-0.014236393069,-0.034752599027,0.433883739118,-0.900968867902,0.699079300566,0.715044146554
2024-02-15,0.015323200745,0.098337394964,-0.433883739118,-0.900968867902,0.711275751974,0.702913084708
2024-02-16,0.007334856472,0.088648365830,-0.974927912182,-0.222520933956,0.723261725444,0.690574019572
2024-02-17,0.000000000000,0.000000000000,-0.781831482468,0.623489801859,0.735033674133,0.678030602474
2024-02-18,0.000000000000,0.000000000000,0.000000000000,1.000000000000,0.746588114532,0.665286545211
2024-02-19,0.000000000000,0.000000000000,0.781831482468,0.623489801859,0.757921627497,0.652345618957
2024-02-20,-0.013630328621,0.013273758378,0.974927912182,-0.222520933956,0.769030859259,0.639211653138
2024-02-21,0.008345001706,-0.406144883375,0.433883739118,-0.900968867902,0.779912522417,0.625888534308
2024-02-22,0.007678494851,0.190936338665,-0.433883739118,-0.900968867902,0.790563396912,0.612380204990
2024-02-23,-0.024806104795,-0.361409446289,-0.974927912182,-0.222520933956,0.800980330978,0.598690662518
2024-02-24,0.000000000000,0.000000000000,-0.781831482468,0.623489801859,0.811160242079,0.584823957846
2024-02-25,0.000000000000,0.000000000000,0.000000000000,1.000000000000,0.821100117813,0.570784194357
2024-02-26,0.011087485185,-0.213373134190,0.781831482468,0.623489801859,0.830797016812,0.556575526641
2024-02-27,0.013479596860,-0.366140251580,0.974927912182,-0.222520933956,0.840248069608,0.542202159273
2024-02-28,0.000358558289,-0.592779352066,0.433883739118,-0.900968867902,0.849450479481,0.527668345563
2024-02-29,-0.000717245189,1.513489230959,-0.433883739118,-0.900968867902,0.858401523292,0.512978386299
2024-03-01,-0.000837467207,0.122391189195,-0.974927912182,-0.222520933956,0.867098552281,0.498136628478
2024-03-02,0.000000000000,0.000000000000,-0.781831482468,0.623489801859,0.875538992859,0.483147464015
2024-03-03,0.000000000000,0.000000000000,0.000000000000,1.000000000000,0.883720347362,0.468015328444
2024-03-04,-0.009017193319,-0.157052639469,0.781831482468,0.623489801859,0.891640194797,0.452744699607
2024-03-05,-0.009221153884,0.349569409273,0.974927912182,-0.222520933956,0.899296191553,0.437340096330
2024-03-06,0.011151608522,-0.062512603290,0.433883739118,-0.900968867902,0.906686072098,0.421806077083
2024-03-07,0.000000000000,-0.080668365345,-0.433883739118,-0.900968867902,0.913807649647,0.406147238631
2024-03-08,-0.010664149155,-0.198502053707,-0.974927912182,-0.222520933956,0.920658816810,0.390368214676
2024-03-09,0.000000000000,0.000000000000,-0.781831482468,0.623489801859,0.927237546218,0.374473674487
2024-03-10,0.000000000000,0.000000000000,0.000000000000,1.000000000000,0.933541891118,0.358468321512
2024-03-11,0.001582534297,0.072969019867,0.781831482468,0.623489801859,0.939569985953,0.342356891995
2024-03-12,-0.003533799088,0.045490326167,0.974927912182,-0.222520933956,0.945320046913,0.326144153564
2024-03-13,0.025430724474,0.128057705320,0.433883739118,-0.900968867902,0.950790372463,0.309834903832
2024-03-14,0.016406380564,0.006061955748,-0.433883739118,-0.900968867902,0.955979343844,0.293433968967
2024-03-15,-0.000937009130,-0.371452616921,-0.974927912182,-0.222520933956,0.960885425557,0.276946202269
2024-03-16,0.000000000000,0.000000000000,-0.781831482468,0.623489801859,0.965507165814,0.260376482734
2024-03-17,0.000000000000,0.000000000000,0.000000000000,1.000000000000,0.969843196967,0.243729713610
2024-03-18,0.017999708979,0.354878546418,0.781831482468,0.623489801859,0.973892235915,0.227010820941
2024-03-19,0.005623448264,-0.114412150219,0.974927912182,-0.222520933956,0.977653084482,0.210224752119
2024-03-20,-0.016500695768,0.161295056328,0.433883739118,-0.900968867902,0.981124629772,0.193376474410
2024-03-21,-0.001979831465,-0.393079305858,-0.433883739118,-0.900968867902,0.984305844499,0.176470973492
2024-03-22,-0.004088534122,-0.477738036878,-0.974927912182,-0.222520933956,0.987195787291,0.159513251973
2024-03-23,0.000000000000,0.000000000000,-0.781831482468,0.623489801859,0.989793602967,0.142508327916
2024-03-24,0.000000000000,0.000000000000,0.000000000000,1.000000000000,0.992098522792,0.125461233353
2024-03-25,0.015333088091,0.359708432849,0.781831482468,0.623489801859,0.994109864702,0.108377012792
2024-03-26,-0.005780362915,-0.508404543474,0.974927912182,-0.222520933956,0.995827033510,0.091260721729
2024-03-27,-0.001856837780,-0.410344702239,0.433883739118,-0.900968867902,0.997249521077,0.074117425151
2024-03-28,0.016017016051,1.292048703268,-0.433883739118,-0.900968867902,0.998376906467,0.056952196034
2024-03-29,0.000000000000,0.000000000000,-0.974927912182,-0.222520933956,0.999208856068,0.039770113846
2024-03-30,0.000000000000,0.000000000000,-0.781831482468,0.623489801859,0.999745123693,0.022576263042
2024-03-31,0.000000000000,0.000000000000,0.000000000000,1.000000000000,0.999985550651,0.005375731558
2024-04-01,-0.000686165693,-0.038474567662,0.781831482468,0.623489801859,0.999930065796,-0.011826390692
2024-04-02,0.017013000014,0.319837954571,0.974927912182,-0.222520933956,0.999578685548,-0.029025013322
2024-04-03,0.004824156024,-0.148266906791,0.433883739118,-0.900968867902,0.998931513885,-0.046215046984
2024-04-04,0.014444729506,0.098206152915,-0.433883739118,-0.900968867902,0.997988742316,-0.063391404870
2024-04-05,0.005719921479,-0.036060999874,-0.974927912182,-0.222520933956,0.996750649821,-0.080549004219
2024-04-06,0.000000000000,0.000000000000,-0.781831482468,0.623489801859,0.995217602774,-0.097682767822
2024-04-07,0.000000000000,0.000000000000,0.000000000000,1.000000000000,0.993390054826,-0.114787625522
2024-04-08,-0.008702901919,0.045764829165,0.781831482468,0.623489801859,0.991268546779,-0.131858515717
2024-04-09,-0.010678623265,-0.141037568506,0.974927912182,-0.222520933956,0.988853706421,-0.148890386856
2024-04-10,0.011784518580,0.408324267192,0.433883739118,-0.900968867902,0.986146248342,-0.165878198935
2024-04-11,-0.008212292166,-0.077194950025,-0.433883739118,-0.900968867902,0.983146973722,-0.182816924985
2024-04-12,0.007880601358,-0.083151100980,-0.974927912182,-0.222520933956,0.979856770096,-0.199701552566
2024-04-13,0.000000000000,0.000000000000,-0.781831482468,0.623489801859,0.976276611087,-0.216527085245
2024-04-14,0.000000000000,0.000000000000,0.000000000000,1.000000000000,0.972407556122,-0.233288544075
2024-04-15,-0.003877030423,-0.204939465332,0.781831482468,0.623489801859,0.968250750117,-0.249980969073
2024-04-16,-0.000888317105,-0.032649883147,0.974927912182,-0.222520933956,0.963807423137,-0.266599420679
2024-04-17,-0.030795911338,0.290632677431,0.433883739118,-0.900968867902,0.959078890034,-0.283138981228
2024-04-18,-0.002064224398,-0.173150520634,-0.433883739118,-0.900968867902,0.954066550058,-0.299594756397
2024-04-19,0.002064224398,0.157130515538,-0.974927912182,-0.222520933956,0.948771886440,-0.315961876658
2024-04-20,0.000000000000,0.000000000000,-0.781831482468,0.623489801859,0.943196465957,-0.332235498716
2024-04-21,0.000000000000,0.000000000000,0.000000000000,1.000000000000,0.937341938464,-0.348410806945
2024-04-22,-0.003327800581,-0.333150620111,0.781831482468,0.623489801859,0.931210036412,-0.364483014810
2024-04-23,0.016190049035,0.088168257860,0.974927912182,-0.222520933956,0.924802574329,-0.380447366288
2024-04-24,-0.004534144445,-0.282926379695,0.433883739118,-0.900968867902,0.918121448284,-0.396299137269
2024-04-25,0.011184723726,-0.080977648088,-0.433883739118,-0.900968867902,0.911168635333,-0.412033636959
2024-04-26,0.005489878310,-0.463008751625,-0.974927912182,-0.222520933956,0.903946192922,-0.427646209268
2024-04-27,0.000000000000,0.000000000000,-0.781831482468,0.623489801859,0.896456258291,-0.443132234183
2024-04-28,0.000000000000,0.000000000000,0.000000000000,1.000000000000,0.888701047829,-0.458487129140
2024-04-29,-0.012366638376,-0.024993122976,0.781831482468,0.623489801859,0.880682856430,-0.473706350380
2024-04-30,-0.006127341410,0.969996642910,0.974927912182,-0.222520933956,0.872404056805,-0.488785394289
2024-05-01,-0.051616805543,0.190359421186,0.433883739118,-0.900968867902,0.863867098784,-0.503719798736
2024-05-02,0.002752628471,-0.186974644421,-0.433883739118,-0.900968867902,0.855074508590,-0.518505144391
2024-05-03,-0.008521915538,-0.237310307869,-0.974927912182,-0.222520933956,0.846028888092,-0.533137056032
2024-05-04,0.000000000000,0.000000000000,-0.781831482468,0.623489801859,0.836732914034,-0.547611203840
2024-05-05,0.000000000000,0.000000000000,0.000000000000,1.000000000000,0.827189337246,-0.561923304683
2024-05-06,0.004450097482,-0.304192334219,0.781831482468,0.623489801859,0.817400981825,-0.576069123380
2024-05-07,-0.002042143341,0.362828809513,0.974927912182,-0.222520933956,0.807370744302,-0.590044473955
2024-05-08,0.005037771901,0.058271731392,0.433883739118,-0.900968867902,0.797101592787,-0.603845220877
2024-05-09,0.003582894362,-0.339163602134,-0.433883739118,-0.900968867902,0.786596566087,-0.617467280284
2024-05-10,-0.013079881080,-0.006720375228,-0.974927912182,-0.222520933956,0.775858772807,-0.630906621188
2024-05-11,0.000000000000,0.000000000000,-0.781831482468,0.623489801859,0.764891390434,-0.644159266672
2024-05-12,0.000000000000,0.000000000000,0.000000000000,1.000000000000,0.753697664393,-0.657221295066
2024-05-13,0.006861293118,0.154247573805,0.781831482468,0.623489801859,0.742280907087,-0.670088841106
2024-05-14,-0.011825929659,0.126005624161,0.974927912182,-0.222520933956,0.730644496918,-0.682758097076
2024-05-15,0.004481358590,0.229933830687,0.433883739118,-0.900968867902,0.718791877288,-0.695225313941
2024-05-16,0.006264285677,-0.414597591671,-0.433883739118,-0.900968867902,0.706726555578,-0.707486802450
2024-05-17,0.008490415295,-0.159258528100,-0.974927912182,-0.222520933956,0.694452102109,-0.719538934233
2024-05-18,0.000000000000,0.000000000000,-0.781831482468,0.623489801859,0.681972149090,-0.731378142868
2024-05-19,0.000000000000,0.000000000000,0.000000000000,1.000000000000,0.669290389541,-0.743000924944
2024-05-20,-0.003220281494,-0.052195624498,0.781831482468,0.623489801859,0.656410576198,-0.754403841093
2024-05-21,-0.009964688363,0.286527784368,0.974927912182,-0.222520933956,0.643336520404,-0.765583517008
2024-05-22,-0.011894735882,0.075023027031,0.433883739118,-0.900968867902,0.630072090984,-0.776536644443
2024-05-23,-0.006615250248,-0.169909439538,-0.433883739118,-0.900968867902,0.616621213096,-0.787259982192
2024-05-24,0.009297866355,-0.407242096581,-0.974927912182,-0.222520933956,0.602987867069,-0.797750357046
2024-05-25,0.000000000000,0.000000000000,-0.781831482468,0.623489801859,0.589176087232,-0.808004664735
2024-05-26,0.000000000000,0.000000000000,0.000000000000,1.000000000000,0.575189960712,-0.818019870844
2024-05-27,0.000000000000,0.000000000000,0.781831482468,0.623489801859,0.561033626228,-0.827793011713
2024-05-28,0.025250811631,0.266136597799,0.974927912182,-0.222520933956,0.546711272869,-0.837321195312
2024-05-29,-0.007388935389,-0.384225371607,0.433883739118,-0.900968867902,0.532227138847,-0.846601602098
2024-05-30,-0.021033023318,-0.550354949292,-0.433883739118,-0.900968867902,0.517585510253,-0.855631485849
2024-05-31,-0.002936114892,1.287521409406,-0.974927912182,-0.222520933956,0.502790719779,-0.864408174478
2024-06-01,0.000000000000,0.000000000000,-0.781831482468,0.623489801859,0.487847145442,-0.872929070821
2024-06-02,0.000000000000,0.000000000000,0.000000000000,1.000000000000,0.472759209286,-0.881191653407
2024-06-03,-0.040760762763,0.246878781931,0.781831482468,0.623489801859,0.457531376074,-0.889193477207
2024-06-04,-0.010777676587,-0.037202737544,0.974927912182,-0.222520933956,0.442168151967,-0.896932174351
2024-06-05,0.011415592669,-0.106682535573,0.433883739118,-0.900968867902,0.426674083190,-0.904405454834
2024-06-06,0.018448830370,-0.023298471466,-0.433883739118,-0.900968867902,0.411053754687,-0.911611107193
2024-06-07,-0.003134995249,-0.316397097061,-0.974927912182,-0.222520933956,0.395311788765,-0.918546999159
2024-06-08,0.000000000000,0.000000000000,-0.781831482468,0.623489801859,0.379452843725,-0.925211078289
2024-06-09,0.000000000000,0.000000000000,0.000000000000,1.000000000000,0.363481612483,-0.931601372577
2024-06-10,0.024931455748,0.322650474831,0.781831482468,0.623489801859,0.347402821184,-0.937715991030
2024-06-11,0.003546331123,-0.034504002418,0.974927912182,-0.222520933956,0.331221227802,-0.943553124235
2024-06-12,0.008266523114,0.148306294455,0.433883739118,-0.900968867902,0.314941620729,-0.949111044890
2024-06-13,0.001814352203,-0.040282963782,-0.433883739118,-0.900968867902,0.298568817364,-0.954388108318
2024-06-14,-0.001572199045,0.003947088739,-0.974927912182,-0.222520933956,0.282107662682,-0.959382752949
2024-06-15,0.000000000000,0.000000000000,-0.781831482468,0.623489801859,0.265563027804,-0.964093500789
2024-06-16,0.000000000000,0.000000000000,0.000000000000,1.000000000000,0.248939808554,-0.968518957851
2024-06-17,0.019536754020,-0.176548737810,0.781831482468,0.623489801859,0.232242924009,-0.972657814572
2024-06-18,0.012737544775,0.326030346698,0.974927912182,-0.222520933956,0.215477315047,-0.976508846197
2024-06-19,0.000000000000,0.000000000000,0.433883739118,-0.900968867902,0.198647942880,-0.980070913143
2024-06-20,0.004443380222,0.139749571867,-0.433883739118,-0.900968867902,0.181759787591,-0.983342961339
2024-06-21,-0.005498712060,-0.740537594022,-0.974927912182,-0.222520933956,0.164817846657,-0.986324022532
2024-06-22,0.000000000000,0.000000000000,-0.781831482468,0.623489801859,0.147827133471,-0.989013214578
2024-06-23,0.000000000000,0.000000000000,0.000000000000,1.000000000000,0.130792675857,-0.991409741702
2024-06-24,0.008992811231,0.112661385536,0.781831482468,0.623489801859,0.113719514586,-0.993512894734
2024-06-25,-0.011694671642,-0.053164286672,0.974927912182,-0.222520933956,0.096612701881,-0.995322051316
2024-06-26,0.002819194405,-0.384256589099,0.433883739118,-0.900968867902,0.079477299924,-0.996836676089
2024-06-27,0.013283805142,-0.478923344911,-0.433883739118,-0.900968867902,0.062318379354,-0.998056320853
2024-06-28,0.000231530928,1.244103466055,-0.974927912182,-0.222520933956,0.045141017774,-0.998980624694
2024-06-29,0.000000000000,0.000000000000,-0.781831482468,0.623489801859,0.027950298240,-0.999609314096
2024-06-30,0.000000000000,0.000000000000,0.000000000000,1.000000000000,0.010751307764,-0.999942203020
2024-07-01,0.002196345715,0.354290355423,0.781831482468,0.623489801859,-0.006450864198,-0.999979192959
2024-07-02,-0.004165715559,-0.058598515883,0.974927912182,-0.222520933956,-0.023651127245,-0.999720272966
2024-07-03,0.012674423738,-0.293100200611,0.433883739118,-0.900968867902,-0.040844391543,-0.999165519661
2024-07-04,0.000000000000,0.000000000000,-0.433883739118,-0.900968867902,-0.058025569329,-0.998315097203
2024-07-05,-0.009201760752,0.276620917800,-0.974927912182,-0.222520933956,-0.075189576415,-0.997169257247
2024-07-06,0.000000000000,0.000000000000,-0.781831482468,0.623489801859,-0.092331333695,-0.995728338865
2024-07-07,0.000000000000,0.000000000000,0.000000000000,1.000000000000,-0.109445768649,-0.993992768447
2024-07-08,-0.009170659330,-0.341545620478,0.781831482468,0.623489801859,-0.126527816839,-0.991963059577
2024-07-09,-0.012792807697,0.200056474614,0.974927912182,-0.222520933956,-0.143572423412,-0.989639812879
2024-07-10,0.004948733504,0.137945942375,0.433883739118,-0.900968867902,-0.160574544595,-0.987023715839
2024-07-11,0.003754106808,-0.071349899377,-0.433883739118,-0.900968867902,-0.177529149187,-0.984115542601
2024-07-12,-0.004341997620,0.014286699979,-0.974927912182,-0.222520933956,-0.194431220048,-0.980916153741
2024-07-13,0.000000000000,0.000000000000,-0.781831482468,0.623489801859,-0.211275755582,-0.977426496010
2024-07-14,0.000000000000,0.000000000000,0.000000000000,1.000000000000,-0.228057771222,-0.973647602054
2024-07-15,-0.002119147345,-0.280447118505,0.781831482468,0.623489801859,-0.244772300897,-0.969580590108
2024-07-16,-0.013287597388,0.219051773791,0.974927912182,-0.222520933956,-0.261414398511,-0.965226663666
2024-07-17,0.015994635545,-0.028347162542,0.433883739118,-0.900968867902,-0.277979139399,-0.960587111125
2024-07-18,0.000352532807,0.035370108872,-0.433883739118,-0.900968867902,-0.294461621787,-0.955663305403
2024-07-19,-0.029571767187,-0.002794517581,-0.974927912182,-0.222520933956,-0.310856968244,-0.950456703535
2024-07-20,0.000000000000,0.000000000000,-0.781831482468,0.623489801859,-0.327160327122,-0.944968846236
2024-07-21,0.000000000000,0.000000000000,0.000000000000,1.000000000000,-0.343366873996,-0.939201357453
2024-07-22,-0.002787322040,-0.228157191767,0.781831482468,0.623489801859,-0.359471813088,-0.933155943878
2024-07-23,-0.017012825221,0.221510754279,0.974927912182,-0.222520933956,-0.375470378688,-0.926834394446
2024-07-24,0.008603751980,0.039379838843,0.433883739118,-0.900968867902,-0.391357836561,-0.920238579805
2024-07-25,0.008044944106,0.093014719262,-0.433883739118,-0.900968867902,-0.407129485354,-0.913370451764
2024-07-26,-0.015168553745,-0.634826255951,-0.974927912182,-0.222520933956,-0.422780657983,-0.906232042711
2024-07-27,0.000000000000,0.000000000000,-0.781831482468,0.623489801859,-0.438306723013,-0.898825465016
2024-07-28,0.000000000000,0.000000000000,0.000000000000,1.000000000000,-0.453703086031,-0.891152910406
2024-07-29,-0.016779941376,-0.198958532227,0.781831482468,0.623489801859,-0.468965191008,-0.883216649313
2024-07-30,-0.014519560103,-0.404489195331,0.974927912182,-0.222520933956,-0.484088521639,-0.875019030203
2024-07-31,0.026233120095,1.293954293961,0.433883739118,-0.900968867902,-0.499068602689,-0.866562478885
2024-08-01,-0.014977871035,-0.220189258730,-0.433883739118,-0.900968867902,-0.513901001309,-0.857849497787
2024-08-02,-0.034673711908,0.291543836478,-0.974927912182,-0.222520933956,-0.528581328356,-0.848882665221
2024-08-03,0.000000000000,0.000000000000,-0.781831482468,0.623489801859,-0.543105239683,-0.839664634618
2024-08-04,0.000000000000,0.000000000000,0.000000000000,1.000000000000,-0.557468437433,-0.830198133741
2024-08-05,-0.006661829938,0.009261672788,0.781831482468,0.623489801859,-0.571666671303,-0.820485963879
2024-08-06,0.002356334349,-0.273058323528,0.974927912182,-0.222520933956,-0.585695739807,-0.810530999019
2024-08-07,0.023901382119,0.094668934440,0.433883739118,-0.900968867902,-0.599551491520,-0.800336184998
2024-08-08,0.010540472241,-0.206240504814,-0.433883739118,-0.900968867902,-0.613229826300,-0.789904538622
2024-08-09,0.006296456729,-0.227552336382,-0.974927912182,-0.222520933956,-0.626726696508,-0.779239146786
2024-08-10,0.000000000000,0.000000000000,-0.781831482468,0.623489801859,-0.640038108204,-0.768343165549
2024-08-11,0.000000000000,0.000000000000,0.000000000000,1.000000000000,-0.653160122327,-0.757219819208
2024-08-12,0.032603521039,0.339035483563,0.781831482468,0.623489801859,-0.666088855861,-0.745872399340
2024-08-13,-0.019756462647,0.109824946646,0.974927912182,-0.222520933956,-0.678820482986,-0.734304263830
2024-08-14,-0.011592529680,-0.003134487856,0.433883739118,-0.900968867902,-0.691351236209,-0.722518835873
2024-08-15,0.015920718801,-0.417036327476,-0.433883739118,-0.900968867902,-0.703677407479,-0.710519602969
2024-08-16,-0.016924254131,0.017573674022,-0.974927912182,-0.222520933956,-0.715795349283,-0.698310115884
2024-08-17,0.000000000000,0.000000000000,-0.781831482468,0.623489801859,-0.727701475726,-0.685893987600
2024-08-18,0.000000000000,0.000000000000,0.000000000000,1.000000000000,-0.739392263596,-0.673274892250
2024-08-19,-0.025678245647,0.306363507086,0.781831482468,0.623489801859,-0.750864253399,-0.660456564028
2024-08-20,-0.005940953959,-0.157730012388,0.974927912182,-0.222520933956,-0.762114050389,-0.647442796083
2024-08-21,-0.015008358667,0.140750630247,0.433883739118,-0.900968867902,-0.773138325571,-0.634237439398
2024-08-22,0.015267447811,-0.287342009315,-0.433883739118,-0.900968867902,-0.783933816683,-0.620844401651
2024-08-23,0.023042435857,-0.562280245667,-0.974927912182,-0.222520933956,-0.794497329167,-0.607267646057
2024-08-24,0.000000000000,0.000000000000,-0.781831482468,0.623489801859,-0.804825737108,-0.593511190196
2024-08-25,0.000000000000,0.000000000000,0.000000000000,1.000000000000,-0.814915984166,-0.579579104826
2024-08-26,0.030042816726,0.299158813208,0.781831482468,0.623489801859,-0.824765084473,-0.565475512674
2024-08-27,-0.023357966080,-0.201098170119,0.974927912182,-0.222520933956,-0.834370123523,-0.551204587220
2024-08-28,-0.011378144241,-0.252773492386,0.433883739118,-0.900968867902,-0.843728259029,-0.536770551461
2024-08-29,0.016268734918,-0.529242425594,-0.433883739118,-0.900968867902,-0.852836721769,-0.522177676660
2024-08-30,-0.014363348232,1.642483061039,-0.974927912182,-0.222520933956,-0.861692816403,-0.507430281083
2024-08-31,0.000000000000,0.000000000000,-0.781831482468,0.623489801859,-0.870293922269,-0.492532728722
2024-09-01,0.000000000000,0.000000000000,0.000000000000,1.000000000000,-0.878637494161,-0.477489428003
2024-09-02,0.000000000000,0.000000000000,0.781831482468,0.623489801859,-0.886721063083,-0.462304830480
2024-09-03,-0.066232040372,0.340307060457,0.974927912182,-0.222520933956,-0.894542236976,-0.446983429520
2024-09-04,-0.014339652658,-0.214995316314,0.433883739118,-0.900968867902,-0.902098701430,-0.431529758971
2024-09-05,-0.000137485479,-0.174002448380,-0.433883739118,-0.900968867902,-0.909388220365,-0.415948391825
2024-09-06,-0.022679300847,-0.284179441901,-0.974927912182,-0.222520933956,-0.916408636694,-0.400243938857
2024-09-07,0.000000000000,0.000000000000,-0.781831482468,0.623489801859,-0.923157872965,-0.384421047269
2024-09-08,0.000000000000,0.000000000000,0.000000000000,1.000000000000,-0.929633931968,-0.368484399308
2024-09-09,0.010916816782,-0.001110617617,0.781831482468,0.623489801859,-0.935834897335,-0.352438710885
2024-09-10,-0.037584994222,0.287042908345,0.974927912182,-0.222520933956,-0.941758934099,-0.336288730177
2024-09-11,0.020315407376,-0.109343641406,0.433883739118,-0.900968867902,-0.947404289244,-0.320039236223
2024-09-12,0.019077596309,-0.007118962926,-0.433883739118,-0.900968867902,-0.952769292217,-0.303695037511
2024-09-13,-0.005014644939,-0.219367690100,-0.974927912182,-0.222520933956,-0.957852355428,-0.287260970551
2024-09-14,0.000000000000,0.000000000000,-0.781831482468,0.623489801859,-0.962651974716,-0.270741898448
2024-09-15,0.000000000000,0.000000000000,0.000000000000,1.000000000000,-0.967166729798,-0.254142709461
2024-09-16,0.015794168509,0.060442722825,0.781831482468,0.623489801859,-0.971395284684,-0.237468315558
2024-09-17,0.012973851736,0.057307901388,0.974927912182,-0.222520933956,-0.975336388077,-0.220723650961
2024-09-18,-0.000678594161,-0.077388451864,0.433883739118,-0.900968867902,-0.978988873741,-0.203913670683
2024-09-19,0.016562631863,0.012057900788,-0.433883739118,-0.900968867902,-0.982351660847,-0.187043349070
2024-09-20,-0.005221935979,-0.277994965843,-0.974927912182,-0.222520933956,-0.985423754292,-0.170117678320
2024-09-21,0.000000000000,0.000000000000,-0.781831482468,0.623489801859,-0.988204244994,-0.153141667013
2024-09-22,0.000000000000,0.000000000000,0.000000000000,1.000000000000,-0.990692310162,-0.136120338623
2024-09-23,-0.007952010908,0.062276653665,0.781831482468,0.623489801859,-0.992887213536,-0.119058730034
2024-09-24,0.017039342228,0.073636855058,0.974927912182,-0.222520933956,-0.994788305609,-0.101961890052
2024-09-25,-0.023011162902,0.007311600745,0.433883739118,-0.900968867902,-0.996395023819,-0.084834877906
2024-09-26,-0.025645975273,-0.548927827586,-0.433883739118,-0.900968867902,-0.997706892710,-0.067682761755
2024-09-27,0.005293296632,-0.839903640058,-0.974927912182,-0.222520933956,-0.998723524080,-0.050510617185
2024-09-28,0.000000000000,0.000000000000,-0.781831482468,0.623489801859,-0.999444617092,-0.033323525712
2024-09-29,0.000000000000,0.000000000000,0.000000000000,1.000000000000,-0.999869958362,-0.016126573271
2024-09-30,-0.002921834619,1.672538527423,0.781831482468,0.623489801859,-0.999999422025,0.001075151283
2024-10-01,0.024634851878,0.765075629470,0.974927912182,-0.222520933956,-0.999832969770,0.018276557682
2024-10-02,0.004611482055,-0.513700253452,0.433883739118,-0.900968867902,-0.999370650854,0.035472555753
2024-10-03,0.049112312724,0.246724431026,-0.433883739118,-0.900968867902,-0.998612602084,0.052658056925
2024-10-04,0.005524524736,-0.182605663353,-0.974927912182,-0.222520933956,-0.997559047779,0.069827975730
2024-10-05,0.000000000000,0.000000000000,-0.781831482468,0.623489801859,-0.996210299702,0.086977231314
2024-10-06,0.000000000000,0.000000000000,0.000000000000,1.000000000000,-0.994566756971,0.104100748935
2024-10-07,0.036234901217,-0.043211827009,0.781831482468,0.623489801859,-0.992628905935,0.121193461471
2024-10-08,-0.047444227215,0.184193822858,0.974927912182,-0.222520933956,-0.990397320035,0.138250310911
2024-10-09,-0.007804390104,-0.343754105604,0.433883739118,-0.900968867902,-0.987872659635,0.155266249860
2024-10-10,0.036162417511,-0.074491579345,-0.433883739118,-0.900968867902,-0.985055671822,0.172236243028
2024-10-11,-0.004544322448,0.017724142953,-0.974927912182,-0.222520933956,-0.981947190187,0.189155268720
2024-10-12,0.000000000000,0.000000000000,-0.781831482468,0.623489801859,-0.978548134580,0.206018320325
2024-10-13,0.000000000000,0.000000000000,0.000000000000,1.000000000000,-0.974859510837,0.222820407795
2024-10-14,-0.020192402755,-0.219755224842,0.781831482468,0.623489801859,-0.970882410481,0.239556559121
2024-10-15,-0.042323884584,0.296479024395,0.974927912182,-0.222520933956,-0.966618010400,0.256221821807
2024-10-16,-0.000404105603,-0.155547564063,0.433883739118,-0.900968867902,-0.962067572498,0.272811264334
2024-10-17,0.003094046060,-0.104842794541,-0.433883739118,-0.900968867902,-0.957232443323,0.289319977619
2024-10-18,-0.018846730189,-0.081611151101,-0.974927912182,-0.222520933956,-0.952114053668,0.305743076467
2024-10-19,0.000000000000,0.000000000000,-0.781831482468,0.623489801859,-0.946713918146,0.322075701021
2024-10-20,0.000000000000,0.000000000000,0.000000000000,1.000000000000,-0.941033634745,0.338313018192
2024-10-21,0.016695377537,-0.129063712951,0.781831482468,0.623489801859,-0.935074884352,0.354450223099
2024-10-22,0.023283164173,0.199885744573,0.974927912182,-0.222520933956,-0.928839430256,0.370482540482
2024-10-23,-0.014304903944,-0.262027390300,0.433883739118,-0.900968867902,-0.922329117629,0.386405226121
2024-10-24,-0.007767574146,-0.163832751956,-0.433883739118,-0.900968867902,-0.915545872978,0.402213568237
2024-10-25,0.022204007263,-0.173038268380,-0.974927912182,-0.222520933956,-0.908491703573,0.417902888887
2024-10-26,0.000000000000,0.000000000000,-0.781831482468,0.623489801859,-0.901168696856,0.433468545349
2024-10-27,0.000000000000,0.000000000000,0.000000000000,1.000000000000,-0.893579019824,0.448905931494
2024-10-28,-0.062813142305,0.333769137111,0.781831482468,0.623489801859,-0.885724918384,0.464210479152
2024-10-29,-0.004209286704,-0.512338456327,0.974927912182,-0.222520933956,-0.877608716690,0.479377659461
2024-10-30,0.019907391570,-0.418936861080,0.433883739118,-0.900968867902,-0.869232816457,0.494402984208
2024-10-31,0.008372852184,1.203691840528,-0.433883739118,-0.900968867902,-0.860599696250,0.509282007157
2024-11-01,-0.000820527697,-0.137154733055,-0.974927912182,-0.222520933956,-0.851711910747,0.524010325368
2024-11-02,0.000000000000,0.000000000000,-0.781831482468,0.623489801859,-0.842572089987,0.538583580492
2024-11-03,0.000000000000,0.000000000000,0.000000000000,1.000000000000,-0.833182938589,0.552997460070
2024-11-04,0.026725890224,-0.024214716819,0.781831482468,0.623489801859,-0.823547234956,0.567247698803
2024-11-05,0.005975676057,0.251317978944,0.974927912182,-0.222520933956,-0.813667830446,0.581330079815
2024-11-06,-0.008109059028,0.365678875764,0.433883739118,-0.900968867902,-0.803547648534,0.595240435904
2024-11-07,0.009432140416,-0.340425070425,-0.433883739118,-0.900968867902,-0.793189683945,0.608974650772
2024-11-08,-0.023546164830,-0.140455297587,-0.974927912182,-0.222520933956,-0.782597001768,0.622528660243
2024-11-09,0.000000000000,0.000000000000,-0.781831482468,0.623489801859,-0.771772736547,0.635898453468
2024-11-10,0.000000000000,0.000000000000,0.000000000000,1.000000000000,-0.760720091356,0.649080074110
2024-11-11,-0.028004587144,-0.057896933585,0.781831482468,0.623489801859,-0.749442336852,0.662069621515
2024-11-12,0.000834922927,0.123731468616,0.974927912182,-0.222520933956,-0.737942810303,0.674863251868
2024-11-13,0.005410284330,0.131247216001,0.433883739118,-0.900968867902,-0.726224914604,0.687457179327
2024-11-14,0.003866323325,-0.299422387666,-0.433883739118,-0.900968867902,-0.714292117269,0.699847677146
2024-11-15,-0.021170660589,-0.071748500777,-0.974927912182,-0.222520933956,-0.702147949405,0.712031078779
2024-11-16,0.000000000000,0.000000000000,-0.781831482468,0.623489801859,-0.689796004666,0.724003778959
2024-11-17,0.000000000000,0.000000000000,0.000000000000,1.000000000000,-0.677239938191,0.735762234774
2024-11-18,0.031317538955,0.009875726392,0.781831482468,0.623489801859,-0.664483465523,0.747302966705
2024-11-19,0.000136341407,0.071129109982,0.974927912182,-0.222520933956,-0.651530361507,0.758622559666
2024-11-20,-0.006843717058,-0.226715996716,0.433883739118,-0.900968867902,-0.638384459175,0.769717664007
2024-11-21,0.019315151477,0.317035434862,-0.433883739118,-0.900968867902,-0.625049648610,0.780584996507
2024-11-22,0.012583764478,-0.189985720304,-0.974927912182,-0.222520933956,-0.611529875799,0.791221341348
2024-11-23,0.000000000000,0.000000000000,-0.781831482468,0.623489801859,-0.597829141459,0.801623551065
2024-11-24,0.000000000000,0.000000000000,0.000000000000,1.000000000000,-0.583951499858,0.811788547476
2024-11-25,-0.029155743503,-0.007944903095,0.781831482468,0.623489801859,-0.569901057613,0.821713322596
2024-11-26,-0.002743172452,-0.509951085824,0.974927912182,-0.222520933956,-0.555681972476,0.831394939523
2024-11-27,0.000274708496,-0.541879365127,0.433883739118,-0.900968867902,-0.541298452104,0.840830533312
2024-11-28,0.000000000000,0.000000000000,-0.433883739118,-0.900968867902,-0.526754752811,0.850017311819
2024-11-29,0.001509235481,1.485946706300,-0.974927912182,-0.222520933956,-0.512055178311,0.858952556527
2024-11-30,0.000000000000,0.000000000000,-0.781831482468,0.623489801859,-0.497204078447,0.867633623355
2024-12-01,0.000000000000,0.000000000000,0.000000000000,1.000000000000,-0.482205847896,0.876057943434
2024-12-02,-0.015334977274,-0.369824901378,0.781831482468,0.623489801859,-0.467064924877,0.884223023874
2024-12-03,0.024614523680,0.254881061739,0.974927912182,-0.222520933956,-0.451785789833,0.892126448495
2024-12-04,-0.017954366835,-0.087367275333,0.433883739118,-0.900968867902,-0.436372964105,0.899765878548
2024-12-05,-0.003047110806,-0.133264939634,-0.433883739118,-0.900968867902,-0.420831008596,0.907139053401
2024-12-06,-0.013546657793,-0.160518598468,-0.974927912182,-0.222520933956,-0.405164522421,0.914243791213
2024-12-07,0.000000000000,0.000000000000,-0.781831482468,0.623489801859,-0.389378141545,0.921077989579
2024-12-08,0.000000000000,0.000000000000,0.000000000000,1.000000000000,-0.373476537413,0.927639626149
2024-12-09,0.014240037190,-0.061745004043,0.781831482468,0.623489801859,-0.357464415565,0.933926759229
2024-12-10,0.000692898956,0.217526384889,0.974927912182,-0.222520933956,-0.341346514245,0.939937528356
2024-12-11,0.018255866417,0.109649742664,0.433883739118,-0.900968867902,-0.325127603000,0.945670154847
2024-12-12,-0.001497216379,0.007674549699,-0.433883739118,-0.900968867902,-0.308812481266,0.951122942324
2024-12-13,0.014604643502,-0.323191421145,-0.974927912182,-0.222520933956,-0.292405976951,0.956294277220
2024-12-14,0.000000000000,0.000000000000,-0.781831482468,0.623489801859,-0.275912945003,0.961182629254
2024-12-15,0.000000000000,0.000000000000,0.000000000000,1.000000000000,-0.259338265975,0.965786551884
2024-12-16,-0.007816673165,-0.029681970049,0.781831482468,0.623489801859,-0.242686844583,0.970104682736
2024-12-17,-0.009789353375,0.034664579296,0.974927912182,-0.222520933956,-0.225963608248,0.974135744005
2024-12-18,0.002728845270,-0.018495290861,0.433883739118,-0.900968867902,-0.209173505646,0.977878542834
2024-12-19,-0.006973462975,0.069744952624,-0.433883739118,-0.900968867902,-0.192321505239,0.981331971670
2024-12-20,0.000823003587,-0.089692137017,-0.974927912182,-0.222520933956,-0.175412593804,0.984495008588
2024-12-21,0.000000000000,0.000000000000,-0.781831482468,0.623489801859,-0.158451774961,0.987366717594
2024-12-22,0.000000000000,0.000000000000,0.000000000000,1.000000000000,-0.141444067688,0.989946248902
2024-12-23,-0.004259197050,-0.188864224010,0.781831482468,0.623489801859,-0.124394504840,0.992232839189
2024-12-24,0.012995252760,-0.855794982175,0.974927912182,-0.222520933956,-0.107308131656,0.994225811816
2024-12-25,0.000000000000,0.000000000000,0.433883739118,-0.900968867902,-0.090190004270,0.995924577029
2024-12-26,-0.004358488052,-0.435267131677,-0.433883739118,-0.900968867902,-0.073045188211,0.997328632136
2024-12-27,0.012344944551,-0.045712121310,-0.974927912182,-0.222520933956,-0.055878756905,0.998437561657
2024-12-28,0.000000000000,0.000000000000,-0.781831482468,0.623489801859,-0.038695790177,0.999251037439
2024-12-29,0.000000000000,0.000000000000,0.000000000000,1.000000000000,-0.021501372741,0.999768818763
2024-12-30,0.002961784937,1.708006013672,0.781831482468,0.623489801859,-0.004300592703,0.999990752408
2024-12-31,0.003355032363,-0.390902021009,0.974927912182,-0.222520933956,0.012901459949,0.999916772702
2025-01-01,0.000000000000,0.000000000000,0.433883739118,-0.900968867902,0.017201575418,0.999852041956
2025-01-02,0.017135318882,0.700333883482,-0.433883739118,-0.900968867902,0.034398060614,0.999408211606
2025-01-03,0.007609611920,-0.066077981569,-0.974927912182,-0.222520933956,0.051584366869,0.998668640288
2025-01-04,0.000000000000,0.000000000000,-0.781831482468,0.623489801859,0.068755408481,0.997633546852
2025-01-05,0.000000000000,0.000000000000,0.000000000000,1.000000000000,0.085906104261,0.996303237599
2025-01-06,-0.002748500877,0.237490339262,0.781831482468,0.623489801859,0.103031379043,0.994678106189
2025-01-07,0.009781623086,-0.280490175143,0.974927912182,-0.222520933956,0.120126165182,0.992758633525
2025-01-08,-0.011618162806,0.226681344664,0.433883739118,-0.900968867902,0.137185404057,0.990545387609
2025-01-09,0.009929458348,-0.386156886596,-0.433883739118,-0.900968867902,0.154204047563,0.988039023377
2025-01-10,0.036256255521,1.065794430984,-0.974927912182,-0.222520933956,0.171177059610,0.985240282501
2025-01-11,0.000000000000,0.000000000000,-0.781831482468,0.623489801859,0.188099417612,0.982149993175
2025-01-12,0.000000000000,0.000000000000,0.000000000000,1.000000000000,0.204966113969,0.978769069865
2025-01-13,0.015550477776,-0.177098933834,0.781831482468,0.623489801859,0.221772157556,0.975098513040
2025-01-14,-0.013546518783,-0.138601935894,0.974927912182,-0.222520933956,0.238512575194,0.971139408877
2025-01-15,0.026058907704,0.029256488381,0.433883739118,-0.900968867902,0.255182413123,0.966892928939
2025-01-16,-0.009062000113,-0.000680178609,-0.433883739118,-0.900968867902,0.271776738471,0.962360329828
2025-01-17,-0.006169812197,-0.490774934488,-0.974927912182,-0.222520933956,0.288290640710,0.957542952812
2025-01-18,0.000000000000,0.000000000000,-0.781831482468,0.623489801859,0.304719233109,0.952442223431
2025-01-19,0.000000000000,0.000000000000,0.000000000000,1.000000000000,0.321057654185,0.947059651072
2025-01-20,0.000000000000,0.000000000000,0.781831482468,0.623489801859,0.337301069136,0.941396828526
2025-01-21,-0.018741177993,0.685622190450,0.974927912182,-0.222520933956,0.353444671274,0.935455431513
2025-01-22,-0.003664176364,-0.719682774232,0.433883739118,-0.900968867902,0.369483683447,0.929237218188
2025-01-23,-0.009027959853,0.125827887354,-0.433883739118,-0.900968867902,0.385413359454,0.922744028620
2025-01-24,0.002678732174,-0.419621233106,-0.974927912182,-0.222520933956,0.401228985448,0.915977784248
2025-01-25,0.000000000000,0.000000000000,-0.781831482468,0.623489801859,0.416925881329,0.908940487314
2025-01-26,0.000000000000,0.000000000000,0.000000000000,1.000000000000,0.432499402134,0.901634220265
2025-01-27,-0.018254757487,0.287780541262,0.781831482468,0.623489801859,0.447944939408,0.894061145145
2025-01-28,0.005305000907,-0.309079117064,0.974927912182,-0.222520933956,0.463257922567,0.886223502949
2025-01-29,-0.011812898249,-0.407277432406,0.433883739118,-0.900968867902,0.478433820255,0.878123612959
2025-01-30,0.003779749132,-0.860961955013,-0.433883739118,-0.900968867902,0.493468141677,0.869763872065
2025-01-31,-0.001432020122,1.797286479405,-0.974927912182,-0.222520933956,0.508356437938,0.861146754048
2025-02-01,0.000000000000,0.000000000000,-0.781831482468,0.623489801859,0.523094303349,0.852274808852
2025-02-02,0.000000000000,0.000000000000,0.000000000000,1.000000000000,0.537677376741,0.843150661828
2025-02-03,-0.010476825078,0.394333759168,0.781831482468,0.623489801859,0.552101342746,0.833777012959
2025-02-04,0.003154548752,-0.180028215787,0.974927912182,-0.222520933956,0.566361933081,0.824156636057
2025-02-05,-0.021086867979,-0.713067805155,0.433883739118,-0.900968867902,0.580454927809,0.814292377947
2025-02-06,-0.004298189177,0.299188488240,-0.433883739118,-0.900968867902,0.594376156585,0.804187157621
2025-02-07,0.004968157050,-0.151424925396,-0.974927912182,-0.222520933956,0.608121499894,0.793843965378
2025-02-08,0.000000000000,0.000000000000,-0.781831482468,0.623489801859,0.621686890267,0.783265861934
2025-02-09,0.000000000000,0.000000000000,0.000000000000,1.000000000000,0.635068313487,0.772455977519
2025-02-10,0.016076863014,-0.264904319444,0.781831482468,0.623489801859,0.648261809776,0.761417510953
2025-02-11,0.014784036303,0.328635723874,0.974927912182,-0.222520933956,0.661263474966,0.750153728696
2025-02-12,-0.023920179658,0.214129906436,0.433883739118,-0.900968867902,0.674069461655,0.738667963881
2025-02-13,-0.002130542289,-0.219939270543,-0.433883739118,-0.900968867902,0.686675980345,0.726963615332
2025-02-14,-0.003739304431,0.091982229208,-0.974927912182,-0.222520933956,0.699079300566,0.715044146554
2025-02-15,0.000000000000,0.000000000000,-0.781831482468,0.623489801859,0.711275751974,0.702913084708
2025-02-16,0.000000000000,0.000000000000,0.000000000000,1.000000000000,0.723261725444,0.690574019572
2025-02-17,0.000000000000,0.000000000000,0.781831482468,0.623489801859,0.735033674133,0.678030602474
2025-02-18,0.014610414184,0.199591888636,0.974927912182,-0.222520933956,0.746588114532,0.665286545211
2025-02-19,0.002633720001,-0.507494086994,0.433883739118,-0.900968867902,0.757921627497,0.652345618957
2025-02-20,0.005769782976,0.091667428420,-0.433883739118,-0.900968867902,0.769030859259,0.639211653138
2025-02-21,-0.027170222164,-0.171192637653,-0.974927912182,-0.222520933956,0.779912522417,0.625888534308
2025-02-22,0.000000000000,0.000000000000,-0.781831482468,0.623489801859,0.790563396912,0.612380204990
2025-02-23,0.000000000000,0.000000000000,0.000000000000,1.000000000000,0.800980330978,0.598690662518
2025-02-24,0.004691362753,-0.453297580056,0.781831482468,0.623489801859,0.811160242079,0.584823957846
2025-02-25,-0.023817122970,0.066185492709,0.974927912182,-0.222520933956,0.821100117813,0.570784194357
2025-02-26,-0.006733077710,-0.470727123440,0.433883739118,-0.900968867902,0.830797016812,0.556575526641
2025-02-27,0.020605247526,-0.407817457340,-0.433883739118,-0.900968867902,0.840248069608,0.542202159273
2025-02-28,-0.011683336309,1.525326462573,-0.974927912182,-0.222520933956,0.849450479481,0.527668345563
2025-03-01,0.000000000000,0.000000000000,-0.781831482468,0.623489801859,0.858401523292,0.512978386299
2025-03-02,0.000000000000,0.000000000000,0.000000000000,1.000000000000,0.867098552281,0.498136628478
2025-03-03,-0.021547760842,0.352243323411,0.781831482468,0.623489801859,0.875538992859,0.483147464015
2025-03-04,-0.008131291348,0.127579368549,0.974927912182,-0.222520933956,0.883720347362,0.468015328444
2025-03-05,-0.024798161339,-0.129414426386,0.433883739118,-0.900968867902,0.891640194797,0.452744699607
2025-03-06,0.002306083903,-0.053552850834,-0.433883739118,-0.900968867902,0.899296191553,0.437340096330
2025-03-07,0.012873894409,-0.053544948477,-0.974927912182,-0.222520933956,0.906686072098,0.421806077083
2025-03-08,0.000000000000,0.000000000000,-0.781831482468,0.623489801859,0.913807649647,0.406147238631
2025-03-09,0.000000000000,0.000000000000,0.000000000000,1.000000000000,0.920658816810,0.390368214676
2025-03-10,-0.015468681910,-0.327568396905,0.781831482468,0.623489801859,0.927237546218,0.374473674487
2025-03-11,0.004033407754,-0.217827597673,0.974927912182,-0.222520933956,0.933541891118,0.358468321512
2025-03-12,0.019785706205,0.126891367111,0.433883739118,-0.900968867902,0.939569985953,0.342356891995
2025-03-13,-0.015195914632,0.089800885355,-0.433883739118,-0.900968867902,0.945320046913,0.326144153564
2025-03-14,0.009967398229,-0.301619894974,-0.974927912182,-0.222520933956,0.950790372463,0.309834903832
2025-03-15,0.000000000000,0.000000000000,-0.781831482468,0.623489801859,0.955979343844,0.293433968967
2025-03-16,0.000000000000,0.000000000000,0.000000000000,1.000000000000,0.960885425557,0.276946202269
2025-03-17,0.006918458355,0.169637543897,0.781831482468,0.623489801859,0.965507165814,0.260376482734
2025-03-18,-0.007201925447,0.087917782840,0.974927912182,-0.222520933956,0.969843196967,0.243729713610
2025-03-19,0.003113080573,-0.173928002061,0.433883739118,-0.900968867902,0.973892235915,0.227010820941
2025-03-20,0.017089661345,0.205932455102,-0.433883739118,-0.900968867902,0.977653084482,0.210224752119
2025-03-21,0.002219807488,-0.320634624937,-0.974927912182,-0.222520933956,0.981124629772,0.193376474410
2025-03-22,0.000000000000,0.000000000000,-0.781831482468,0.623489801859,0.984305844499,0.176470973492
2025-03-23,0.000000000000,0.000000000000,0.000000000000,1.000000000000,0.987195787291,0.159513251973
2025-03-24,0.011573514644,0.271234592537,0.781831482468,0.623489801859,0.989793602967,0.142508327916
2025-03-25,0.000273889106,-0.033652748151,0.974927912182,-0.222520933956,0.992098522792,0.125461233353
2025-03-26,0.010489903223,-0.103696111612,0.433883739118,-0.900968867902,0.994109864702,0.108377012792
2025-03-27,0.003247166488,-0.357196075849,-0.433883739118,-0.900968867902,0.995827033510,0.091260721729
2025-03-28,-0.005417885888,-0.445046603600,-0.974927912182,-0.222520933956,0.997249521077,0.074117425151
2025-03-29,0.000000000000,0.000000000000,-0.781831482468,0.623489801859,0.998376906467,0.056952196034
2025-03-30,0.000000000000,0.000000000000,0.000000000000,1.000000000000,0.999208856068,0.039770113846
2025-03-31,0.014962881397,1.469286241477,0.781831482468,0.623489801859,0.999745123693,0.022576263042
2025-04-01,-0.003350535965,0.011704310088,0.974927912182,-0.222520933956,0.999985550651,0.005375731558
2025-04-02,0.006156324321,0.121885571851,0.433883739118,-0.900968867902,0.999930065796,-0.011826390692
2025-04-03,-0.066327947821,0.495391802653,-0.433883739118,-0.900968867902,0.999578685548,-0.029025013322
2025-04-04,-0.067222436673,0.190243157881,-0.974927912182,-0.222520933956,0.998931513885,-0.046215046984
2025-04-05,0.000000000000,0.000000000000,-0.781831482468,0.623489801859,0.997988742316,-0.063391404870
2025-04-06,0.000000000000,0.000000000000,0.000000000000,1.000000000000,0.996750649821,-0.080549004219
2025-04-07,-0.021111851790,-0.057735110086,0.781831482468,0.623489801859,0.995217602774,-0.097682767822
2025-04-08,-0.021885458295,-0.243435538967,0.974927912182,-0.222520933956,0.993390054826,-0.114787625522
2025-04-09,0.041471314517,0.348170924824,0.433883739118,-0.900968867902,0.991268546779,-0.131858515717
2025-04-10,-0.033385624328,-0.486397660196,-0.433883739118,-0.900968867902,0.988853706421,-0.148890386856
2025-04-11,0.022328982355,-0.288365085934,-0.974927912182,-0.222520933956,0.986146248342,-0.165878198935
2025-04-12,0.000000000000,0.000000000000,-0.781831482468,0.623489801859,0.983146973722,-0.182816924985
2025-04-13,0.000000000000,0.000000000000,0.000000000000,1.000000000000,0.979856770096,-0.199701552566
2025-04-14,0.001851205678,-0.290441638602,0.781831482468,0.623489801859,0.976276611087,-0.216527085245
2025-04-15,-0.003241980329,-0.088035451128,0.974927912182,-0.222520933956,0.972407556122,-0.233288544075
2025-04-16,0.018082017873,0.226882468995,0.433883739118,-0.900968867902,0.968250750117,-0.249980969073
2025-04-17,0.031539878315,-0.234769438859,-0.433883739118,-0.900968867902,0.963807423137,-0.266599420679
2025-04-18,0.000000000000,0.000000000000,-0.974927912182,-0.222520933956,0.959078890034,-0.283138981228
2025-04-19,0.000000000000,0.000000000000,-0.781831482468,0.623489801859,0.954066550058,-0.299594756397
2025-04-20,0.000000000000,0.000000000000,0.000000000000,1.000000000000,0.948771886440,-0.315961876658
2025-04-21,-0.025332854220,-0.032418702047,0.781831482468,0.623489801859,0.943196465957,-0.332235498716
2025-04-22,0.017651920783,0.180966117617,0.974927912182,-0.222520933956,0.937341938464,-0.348410806945
2025-04-23,-0.019767035403,0.244133762912,0.433883739118,-0.900968867902,0.931210036412,-0.364483014810
2025-04-24,0.006482276206,-0.487865681201,-0.433883739118,-0.900968867902,0.924802574329,-0.380447366288
2025-04-25,0.004796886442,-0.162990669822,-0.974927912182,-0.222520933956,0.918121448284,-0.396299137269
2025-04-26,0.000000000000,0.000000000000,-0.781831482468,0.623489801859,0.911168635333,-0.412033636959
2025-04-27,0.000000000000,0.000000000000,0.000000000000,1.000000000000,0.903946192922,-0.427646209268
2025-04-28,-0.015219190924,-0.355977869300,0.781831482468,0.623489801859,0.896456258291,-0.443132234183
2025-04-29,-0.024749562440,-0.205404854602,0.974927912182,-0.222520933956,0.888701047829,-0.458487129140
2025-04-30,-0.017744064160,1.505920260005,0.433883739118,-0.900968867902,0.880682856430,-0.473706350380
2025-05-01,-0.015808678348,-0.165308198516,-0.433883739118,-0.900968867902,0.872404056805,-0.488785394289
2025-05-02,-0.013612268832,-0.136382572669,-0.974927912182,-0.222520933956,0.863867098784,-0.503719798736
2025-05-03,0.000000000000,0.000000000000,-0.781831482468,0.623489801859,0.855074508590,-0.518505144391
2025-05-04,0.000000000000,0.000000000000,0.000000000000,1.000000000000,0.846028888092,-0.533137056032
2025-05-05,-0.017446152980,-0.166012466485,0.781831482468,0.623489801859,0.836732914034,-0.547611203840
2025-05-06,0.031380283053,0.248099714274,0.974927912182,-0.222520933956,0.827189337246,-0.561923304683
2025-05-07,-0.016711715126,-0.046208583250,0.433883739118,-0.900968867902,0.817400981825,-0.576069123380
2025-05-08,0.027752688433,-0.062107232391,-0.433883739118,-0.900968867902,0.807370744302,-0.590044473955
2025-05-09,0.016884025459,-0.090710013096,-0.974927912182,-0.222520933956,0.797101592787,-0.603845220877
2025-05-10,0.000000000000,0.000000000000,-0.781831482468,0.623489801859,0.786596566087,-0.617467280284
2025-05-11,0.000000000000,0.000000000000,0.000000000000,1.000000000000,0.775858772807,-0.630906621188
2025-05-12,0.016295840485,0.191145542372,0.781831482468,0.623489801859,0.764891390434,-0.644159266672
2025-05-13,0.025383203593,-0.124685606482,0.974927912182,-0.222520933956,0.753697664393,-0.657221295066
2025-05-14,-0.008137491282,-0.105964562792,0.433883739118,-0.900968867902,0.742280907087,-0.670088841106
2025-05-15,-0.023887181040,0.345996091040,-0.433883739118,-0.900968867902,0.730644496918,-0.682758097076
2025-05-16,0.013544994929,-0.603609847572,-0.974927912182,-0.222520933956,0.718791877288,-0.695225313941
2025-05-17,0.000000000000,0.000000000000,-0.781831482468,0.623489801859,0.706726555578,-0.707486802450
2025-05-18,0.000000000000,0.000000000000,0.000000000000,1.000000000000,0.694452102109,-0.719538934233
2025-05-19,0.001985449280,0.119650879128,0.781831482468,0.623489801859,0.681972149090,-0.731378142868
2025-05-20,-0.002444297953,-0.020324582508,0.974927912182,-0.222520933956,0.669290389541,-0.743000924944
2025-05-21,-0.007214607823,0.318385542714,0.433883739118,-0.900968867902,0.656410576198,-0.754403841093
2025-05-22,-0.007267155268,-0.247194950477,-0.433883739118,-0.900968867902,0.643336520404,-0.765583517008
2025-05-23,0.005262298704,-0.429668612618,-0.974927912182,-0.222520933956,0.630072090984,-0.776536644443
2025-05-24,0.000000000000,0.000000000000,-0.781831482468,0.623489801859,0.616621213096,-0.787259982192
2025-05-25,0.000000000000,0.000000000000,0.000000000000,1.000000000000,0.602987867069,-0.797750357046
2025-05-26,0.000000000000,0.000000000000,0.781831482468,0.623489801859,0.589176087232,-0.808004664735
2025-05-27,-0.010708606523,0.134947651341,0.974927912182,-0.222520933956,0.575189960712,-0.818019870844
2025-05-28,0.012559358845,-0.649615921960,0.433883739118,-0.900968867902,0.561033626228,-0.827793011713
2025-05-29,-0.011623532374,-0.532937571682,-0.433883739118,-0.900968867902,0.546711272869,-0.837321195312
2025-05-30,-0.003904729585,1.804508178981,-0.974927912182,-0.222520933956,0.532227138847,-0.846601602098
2025-05-31,0.000000000000,0.000000000000,-0.781831482468,0.623489801859,0.517585510253,-0.855631485849
2025-06-01,0.000000000000,0.000000000000,0.000000000000,1.000000000000,0.502790719779,-0.864408174478
2025-06-02,0.011359271515,-0.102606946022,0.781831482468,0.623489801859,0.487847145442,-0.872929070821
2025-06-03,0.015354209858,-0.275561692302,0.974927912182,-0.222520933956,0.472759209286,-0.881191653407
2025-06-04,-0.011801756347,0.255003068763,0.433883739118,-0.900968867902,0.457531376074,-0.889193477207
2025-06-05,0.007373239836,-0.373834613120,-0.433883739118,-0.900968867902,0.442168151967,-0.896932174351
2025-06-06,0.017146386292,0.021293190928,-0.974927912182,-0.222520933956,0.426674083190,-0.904405454834
2025-06-07,0.000000000000,0.000000000000,-0.781831482468,0.623489801859,0.411053754687,-0.911611107193
2025-06-08,0.000000000000,0.000000000000,0.000000000000,1.000000000000,0.395311788765,-0.918546999159
2025-06-09,0.008538733412,-0.114629067040,0.781831482468,0.623489801859,0.379452843725,-0.925211078289
2025-06-10,-0.002538992691,0.134088544140,0.974927912182,-0.222520933956,0.363481612483,-0.931601372577
2025-06-11,0.042453592698,0.366960357829,0.433883739118,-0.900968867902,0.347402821184,-0.937715991030
2025-06-12,-0.005893728565,0.037452881459,-0.433883739118,-0.900968867902,0.331221227802,-0.943553124235
2025-06-13,0.067858085081,1.065023300118,-0.974927912182,-0.222520933956,0.314941620729,-0.949111044890
2025-06-14,0.000000000000,0.000000000000,-0.781831482468,0.623489801859,0.298568817364,-0.954388108318
2025-06-15,0.000000000000,0.000000000000,0.000000000000,1.000000000000,0.282107662682,-0.959382752949
2025-06-16,-0.013563207439,-0.554711589313,0.781831482468,0.623489801859,0.265563027804,-0.964093500789
2025-06-17,0.043031673543,-0.124445064350,0.974927912182,-0.222520933956,0.248939808554,-0.968518957851
2025-06-18,0.003264776128,-11.393567439669,0.433883739118,-0.900968867902,0.232242924009,-0.972657814572
2025-06-19,0.000000000000,0.000000000000,-0.433883739118,-0.900968867902,0.215477315047,-0.976508846197
2025-06-20,0.004033642706,11.501075531013,-0.974927912182,-0.222520933956,0.198647942880,-0.980070913143
2025-06-21,0.000000000000,0.000000000000,-0.781831482468,0.623489801859,0.181759787591,-0.983342961339
2025-06-22,0.000000000000,0.000000000000,0.000000000000,1.000000000000,0.164817846657,-0.986324022532
2025-06-23,-0.074517574036,0.016598640979,0.781831482468,0.623489801859,0.147827133471,-0.989013214578
2025-06-24,-0.062637754793,-0.477010884870,0.974927912182,-0.222520933956,0.130792675857,-0.991409741702
2025-06-25,0.008010737346,-0.970856535270,0.433883739118,-0.900968867902,0.113719514586,-0.993512894734
2025-06-26,0.000738542983,-0.592650500106,-0.433883739118,-0.900968867902,0.096612701881,-0.995322051316
2025-06-27,0.000590306824,-0.462952425598,-0.974927912182,-0.222520933956,0.079477299924,-0.996836676089
2025-06-28,0.000000000000,0.000000000000,-0.781831482468,0.623489801859,0.062318379354,-0.998056320853
2025-06-29,0.000000000000,0.000000000000,0.000000000000,1.000000000000,0.045141017774,-0.998980624694
2025-06-30,-0.002363659484,1.388785476422,0.781831482468,0.623489801859,0.027950298240,-0.999609314096
2025-07-01,-0.007422836865,-0.119115162303,0.974927912182,-0.222520933956,0.010751307764,-0.999942203020
2025-07-02,0.029366373670,0.541269723641,0.433883739118,-0.900968867902,-0.006450864198,-0.999979192959
2025-07-03,-0.004495657639,-10.825143863909,-0.433883739118,-0.900968867902,-0.023651127245,-0.999720272966
2025-07-04,-0.007440432917,0.000000000000,-0.974927912182,-0.222520933956,-0.040844391543,-0.999165519661
2025-07-05,0.000000000000,0.000000000000,-0.781831482468,0.623489801859,-0.058025569329,-0.998315097203
2025-07-06,0.000000000000,0.000000000000,0.000000000000,1.000000000000,-0.075189576415,-0.997169257247
2025-07-07,0.018713839660,10.993008641192,0.781831482468,0.623489801859,-0.092331333695,-0.995728338865
2025-07-08,0.008158632261,-0.555662765780,0.974927912182,-0.222520933956,-0.109445768649,-0.993992768447
2025-07-09,0.000570057225,0.212521520280,0.433883739118,-0.900968867902,-0.126527816839,-0.991963059577
2025-07-10,-0.022330439238,0.214807769600,-0.433883739118,-0.900968867902,-0.143572423412,-0.989639812879
2025-07-11,0.024749482256,-0.261486953227,-0.974927912182,-0.222520933956,-0.160574544595,-0.987023715839
2025-07-12,0.000000000000,0.000000000000,-0.781831482468,0.623489801859,-0.177529149187,-0.984115542601
2025-07-13,0.000000000000,0.000000000000,0.000000000000,1.000000000000,-0.194431220048,-0.980916153741
2025-07-14,-0.016479580919,0.434600471547,0.781831482468,0.623489801859,-0.211275755582,-0.977426496010
2025-07-15,-0.007250611907,-0.193630030477,0.974927912182,-0.222520933956,-0.228057771222,-0.973647602054
2025-07-16,-0.002769111255,0.080195839444,0.433883739118,-0.900968867902,-0.244772300897,-0.969580590108
2025-07-17,0.014488808206,-0.088348591064,-0.433883739118,-0.900968867902,-0.261414398511,-0.965226663666
2025-07-18,-0.003458186035,0.030025999413,-0.974927912182,-0.222520933956,-0.277979139399,-0.960587111125
2025-07-19,0.000000000000,0.000000000000,-0.781831482468,0.623489801859,-0.294461621787,-0.955663305403
2025-07-20,0.000000000000,0.000000000000,0.000000000000,1.000000000000,-0.310856968244,-0.950456703535
2025-07-21,-0.001010899009,-0.239717013730,0.781831482468,0.623489801859,-0.327160327122,-0.944968846236
2025-07-22,-0.008998649506,0.196279428472,0.974927912182,-0.222520933956,-0.343366873996,-0.939201357453
2025-07-23,-0.001166946924,-0.284250990951,0.433883739118,-0.900968867902,-0.359471813088,-0.933155943878
2025-07-24,0.009732056724,0.048190566198,-0.433883739118,-0.900968867902,-0.375470378688,-0.926834394446
2025-07-25,-0.010754323224,-0.368783193699,-0.974927912182,-0.222520933956,-0.391357836561,-0.920238579805
2025-07-26,0.000000000000,0.000000000000,-0.781831482468,0.623489801859,-0.407129485354,-0.913370451764
2025-07-27,0.000000000000,0.000000000000,0.000000000000,1.000000000000,-0.422780657983,-0.906232042711
2025-07-28,0.023109035793,0.139547584357,0.781831482468,0.623489801859,-0.438306723013,-0.898825465016
2025-07-29,0.034657992356,-0.257175437605,0.974927912182,-0.222520933956,-0.453703086031,-0.891152910406
2025-07-30,0.010017177794,-0.468247183708,0.433883739118,-0.900968867902,-0.468965191008,-0.883216649313
2025-07-31,-0.009741438094,1.301606239161,-0.433883739118,-0.900968867902,-0.484088521639,-0.875019030203
2025-08-01,-0.040230469785,0.206290746907,-0.974927912182,-0.222520933956,-0.499068602689,-0.866562478885
2025-08-02,0.000000000000,0.000000000000,-0.781831482468,0.623489801859,-0.513901001309,-0.857849497787
2025-08-03,0.000000000000,0.000000000000,0.000000000000,1.000000000000,-0.528581328356,-0.848882665221
2025-08-04,-0.013147571178,-0.499384220343,0.781831482468,0.623489801859,-0.543105239683,-0.839664634618
2025-08-05,-0.016422696576,0.125756987255,0.974927912182,-0.222520933956,-0.557468437433,-0.830198133741
2025-08-06,-0.011150045001,0.271321571801,0.433883739118,-0.900968867902,-0.571666671303,-0.820485963879
2025-08-07,-0.006900703735,-0.344068583513,-0.433883739118,-0.900968867902,-0.585695739807,-0.810530999019
2025-08-08,0.002405594857,0.168634450779,-0.974927912182,-0.222520933956,-0.599551491520,-0.800336184998
2025-08-09,0.000000000000,0.000000000000,-0.781831482468,0.623489801859,-0.613229826300,-0.789904538622
2025-08-10,0.000000000000,0.000000000000,0.000000000000,1.000000000000,-0.626726696508,-0.779239146786
2025-08-11,0.000600524225,-0.516009223454,0.781831482468,0.623489801859,-0.640038108204,-0.768343165549
2025-08-12,-0.007683570861,0.061597203588,0.974927912182,-0.222520933956,-0.653160122327,-0.757219819208
2025-08-13,-0.007438447856,0.201387036718,0.433883739118,-0.900968867902,-0.666088855861,-0.745872399340
2025-08-14,0.018268782302,-0.151319161389,-0.433883739118,-0.900968867902,-0.678820482986,-0.734304263830
2025-08-15,-0.014922243921,0.029828460790,-0.974927912182,-0.222520933956,-0.691351236209,-0.722518835873
2025-08-16,0.000000000000,0.000000000000,-0.781831482468,0.623489801859,-0.703677407479,-0.710519602969
2025-08-17,0.000000000000,0.000000000000,0.000000000000,1.000000000000,-0.715795349283,-0.698310115884
2025-08-18,0.011325149618,-0.024270981149,0.781831482468,0.623489801859,-0.727701475726,-0.685893987600
2025-08-19,-0.012236689621,-0.072314233947,0.974927912182,-0.222520933956,-0.739392263596,-0.673274892250
2025-08-20,0.015833783924,0.193275884624,0.433883739118,-0.900968867902,-0.750864253399,-0.660456564028
2025-08-21,0.012341274248,-0.276889846120,-0.433883739118,-0.900968867902,-0.762114050389,-0.647442796083
2025-08-22,0.000886339605,-0.086031468076,-0.974927912182,-0.222520933956,-0.773138325571,-0.634237439398
2025-08-23,0.000000000000,0.000000000000,-0.781831482468,0.623489801859,-0.783933816683,-0.620844401651
2025-08-24,0.000000000000,0.000000000000,0.000000000000,1.000000000000,-0.794497329167,-0.607267646057
2025-08-25,0.015674526506,-0.364104724232,0.781831482468,0.623489801859,-0.804825737108,-0.593511190196
2025-08-26,-0.023232948839,0.097331511480,0.974927912182,-0.222520933956,-0.814915984166,-0.579579104826
2025-08-27,0.012271933487,-0.237475825981,0.433883739118,-0.900968867902,-0.824765084473,-0.565475512674
2025-08-28,0.008341303513,-0.631127191560,-0.433883739118,-0.900968867902,-0.834370123523,-0.551204587220
2025-08-29,-0.007313181342,-9.085910293598,-0.974927912182,-0.222520933956,-0.843728259029,-0.536770551461
2025-08-30,0.000000000000,0.000000000000,-0.781831482468,0.623489801859,-0.852836721769,-0.522177676660
2025-08-31,0.000000000000,0.000000000000,0.000000000000,1.000000000000,-0.861692816403,-0.507430281083
2025-09-01,0.000000000000,0.000000000000,0.781831482468,0.623489801859,-0.870293922269,-0.492532728722
2025-09-02,0.014862529551,10.920672842509,0.974927912182,-0.222520933956,-0.878637494161,-0.477489428003
2025-09-03,-0.022525465189,-0.203835780385,0.433883739118,-0.900968867902,-0.886721063083,-0.462304830480
2025-09-04,-0.009064637845,-0.067775926849,-0.433883739118,-0.900968867902,-0.894542236976,-0.446983429520
2025-09-05,-0.022493179990,-0.096169325126,-0.974927912182,-0.222520933956,-0.902098701430,-0.431529758971
2025-09-06,0.000000000000,0.000000000000,-0.781831482468,0.623489801859,-0.909388220365,-0.415948391825
2025-09-07,0.000000000000,0.000000000000,0.000000000000,1.000000000000,-0.916408636694,-0.400243938857
2025-09-08,0.007907532937,-0.275120266987,0.781831482468,0.623489801859,-0.923157872965,-0.384421047269
2025-09-09,0.005588757960,0.289974912842,0.974927912182,-0.222520933956,-0.929633931968,-0.368484399308
2025-09-10,0.016432973565,-0.001828695568,0.433883739118,-0.900968867902,-0.935834897335,-0.352438710885
2025-09-11,-0.016734218562,-0.115291941474,-0.433883739118,-0.900968867902,-0.941758934099,-0.336288730177
2025-09-12,0.009298134091,0.384297202776,-0.974927912182,-0.222520933956,-0.947404289244,-0.320039236223
2025-09-13,0.000000000000,0.000000000000,-0.781831482468,0.623489801859,-0.952769292217,-0.303695037511
2025-09-14,0.000000000000,0.000000000000,0.000000000000,1.000000000000,-0.957852355428,-0.287260970551
2025-09-15,0.006695027263,-0.656800643098,0.781831482468,0.623489801859,-0.962651974716,-0.270741898448
2025-09-16,0.015157361067,0.259780363097,0.974927912182,-0.222520933956,-0.967166729798,-0.254142709461
2025-09-17,-0.007623615276,-0.111896326525,0.433883739118,-0.900968867902,-0.971395284684,-0.237468315558
2025-09-18,-0.007533745791,-0.030105222311,-0.433883739118,-0.900968867902,-0.975336388077,-0.220723650961
2025-09-19,-0.011333287435,-0.193521798852,-0.974927912182,-0.222520933956,-0.978988873741,-0.203913670683
2025-09-20,0.000000000000,0.000000000000,-0.781831482468,0.623489801859,-0.982351660847,-0.187043349070
2025-09-21,0.000000000000,0.000000000000,0.000000000000,1.000000000000,-0.985423754292,-0.170117678320
2025-09-22,-0.001651041431,-0.031895450821,0.781831482468,0.623489801859,-0.988204244994,-0.153141667013
2025-09-23,0.015797609947,0.165682947691,0.974927912182,-0.222520933956,-0.990692310162,-0.136120338623
2025-09-24,0.024537529730,0.020087980725,0.433883739118,-0.900968867902,-0.992887213536,-0.119058730034
2025-09-25,0.001585823352,-0.285622821478,-0.433883739118,-0.900968867902,-0.994788305609,-0.101961890052
2025-09-26,0.010175639327,-0.584826908859,-0.974927912182,-0.222520933956,-0.996395023819,-0.084834877906
2025-09-27,0.000000000000,0.000000000000,-0.781831482468,0.623489801859,-0.997706892710,-0.067682761755
2025-09-28,0.000000000000,0.000000000000,0.000000000000,1.000000000000,-0.998723524080,-0.050510617185
2025-09-29,-0.031284174067,-0.370263847636,0.781831482468,0.623489801859,-0.999444617092,-0.033323525712
2025-09-30,-0.014075417097,1.728133182074,0.974927912182,-0.222520933956,-0.999869958362,-0.016126573271
2025-10-01,-0.025233615500,-0.038140495693,0.433883739118,-0.900968867902,-0.999999422025,0.001075151283
2025-10-02,-0.019157049201,0.154906286077,-0.433883739118,-0.900968867902,-0.999832969770,0.018276557682
2025-10-03,0.006529845511,-0.289867207361,-0.974927912182,-0.222520933956,-0.999370650854,0.035472555753
2025-10-04,0.000000000000,0.000000000000,-0.781831482468,0.623489801859,-0.998612602084,0.052658056925
2025-10-05,0.000000000000,0.000000000000,0.000000000000,1.000000000000,-0.997559047779,0.069827975730
2025-10-06,0.014461828067,-0.023759020656,0.781831482468,0.623489801859,-0.996210299702,0.086977231314
2025-10-07,-0.000305595370,-0.050220659196,0.974927912182,-0.222520933956,-0.994566756971,0.104100748935
2025-10-08,0.012149019138,0.065216963026,0.433883739118,-0.900968867902,-0.992628905935,0.121193461471
2025-10-09,-0.015669275788,0.055753834335,-0.433883739118,-0.900968867902,-0.990397320035,0.138250310911
2025-10-10,-0.038926394267,0.296250750060,-0.974927912182,-0.222520933956,-0.987872659635,0.155266249860
2025-10-11,0.000000000000,0.000000000000,-0.781831482468,0.623489801859,-0.985055671822,0.172236243028
2025-10-12,0.000000000000,0.000000000000,0.000000000000,1.000000000000,-0.981947190187,0.189155268720
2025-10-13,0.009361435382,-0.440223917084,0.781831482468,0.623489801859,-0.978548134580,0.206018320325
2025-10-14,-0.014796233853,0.218740192665,0.974927912182,-0.222520933956,-0.974859510837,0.222820407795
2025-10-15,-0.007723281273,-0.090460202026,0.433883739118,-0.900968867902,-0.970882410481,0.239556559121
2025-10-16,-0.013824705269,0.139513217091,-0.433883739118,-0.900968867902,-0.966618010400,0.256221821807
2025-10-17,0.003759702638,0.085826379245,-0.974927912182,-0.222520933956,-0.962067572498,0.272811264334
2025-10-18,0.000000000000,0.000000000000,-0.781831482468,0.623489801859,-0.957232443323,0.289319977619
2025-10-19,0.000000000000,0.000000000000,0.000000000000,1.000000000000,-0.952114053668,0.305743076467
2025-10-20,-0.004578954783,-0.396512390676,0.781831482468,0.623489801859,-0.946713918146,0.322075701021
2025-10-21,0.005068291374,0.287069501443,0.974927912182,-0.222520933956,-0.941033634745,0.338313018192
2025-10-22,0.020499474348,0.021125848676,0.433883739118,-0.900968867902,-0.935074884352,0.354450223099
2025-10-23,0.052897659649,0.642852035402,-0.433883739118,-0.900968867902,-0.928839430256,0.370482540482
2025-10-24,-0.000757908355,-0.827105414678,-0.974927912182,-0.222520933956,-0.922329117629,0.386405226121
2025-10-25,0.000000000000,0.000000000000,-0.781831482468,0.623489801859,-0.915545872978,0.402213568237
2025-10-26,0.000000000000,0.000000000000,0.000000000000,1.000000000000,-0.908491703573,0.417902888887
2025-10-27,-0.004864705279,-0.173739016437,0.781831482468,0.623489801859,-0.901168696856,0.433468545349
2025-10-28,-0.018766912585,0.047551579899,0.974927912182,-0.222520933956,-0.893579019824,0.448905931494
2025-10-29,0.008042057638,-0.718610617845,0.433883739118,-0.900968867902,-0.885724918384,0.464210479152
2025-10-30,0.001231555454,-0.497004869836,-0.433883739118,-0.900968867902,-0.877608716690,0.479377659461
2025-10-31,0.001076338921,1.500980336506,-0.974927912182,-0.222520933956,-0.869232816457,0.494402984208
2025-11-01,0.000000000000,0.000000000000,-0.781831482468,0.623489801859,-0.860599696250,0.509282007157
2025-11-02,0.000000000000,0.000000000000,0.000000000000,1.000000000000,-0.851711910747,0.524010325368
2025-11-03,-0.002770089590,-10.713817588680,0.781831482468,0.623489801859,-0.842572089987,0.538583580492
2025-11-04,-0.006958923032,10.509332404693,0.974927912182,-0.222520933956,-0.833182938589,0.552997460070
2025-11-05,-0.014379772050,0.143706291049,0.433883739118,-0.900968867902,-0.823547234956,0.567247698803
2025-11-06,-0.002206453030,0.019144043589,-0.433883739118,-0.900968867902,-0.813667830446,0.581330079815
2025-11-07,0.003936702916,-0.163805613994,-0.974927912182,-0.222520933956,-0.803547648534,0.595240435904
2025-11-08,0.000000000000,0.000000000000,-0.781831482468,0.623489801859,-0.793189683945,0.608974650772
2025-11-09,0.000000000000,0.000000000000,0.000000000000,1.000000000000,-0.782597001768,0.622528660243
2025-11-10,0.006735032039,-0.170124595649,0.781831482468,0.623489801859,-0.771772736547,0.635898453468
2025-11-11,0.017025733866,0.306219532821,0.974927912182,-0.222520933956,-0.760720091356,0.649080074110
2025-11-12,-0.038324929980,0.007597377474,0.433883739118,-0.900968867902,-0.749442336852,0.662069621515
2025-11-13,0.004772507360,-0.144156636949,-0.433883739118,-0.900968867902,-0.737942810303,0.674863251868
2025-11-14,0.021664914755,0.475904255324,-0.974927912182,-0.222520933956,-0.726224914604,0.687457179327
2025-11-15,0.000000000000,0.000000000000,-0.781831482468,0.623489801859,-0.714292117269,0.699847677146
2025-11-16,0.000000000000,0.000000000000,0.000000000000,1.000000000000,-0.702147949405,0.712031078779
2025-11-17,-0.002955168910,-0.559513948028,0.781831482468,0.623489801859,-0.689796004666,0.724003778959
2025-11-18,0.010690356066,0.088732598888,0.974927912182,-0.222520933956,-0.677239938191,0.735762234774
2025-11-19,-0.021496171841,0.052546857121,0.433883739118,-0.900968867902,-0.664483465523,0.747302966705
2025-11-20,-0.002048976271,0.088046678275,-0.433883739118,-0.900968867902,-0.651530361507,0.758622559666
2025-11-21,-0.013022252927,0.016023581217,-0.974927912182,-0.222520933956,-0.638384459175,0.769717664007
2025-11-22,0.000000000000,0.000000000000,-0.781831482468,0.623489801859,-0.625049648610,0.780584996507
2025-11-23,0.000000000000,0.000000000000,0.000000000000,1.000000000000,-0.611529875799,0.791221341348
2025-11-24,0.012864428292,-0.331497413380,0.781831482468,0.623489801859,-0.597829141459,0.801623551065
2025-11-25,-0.014144048275,-0.150203458620,0.974927912182,-0.222520933956,-0.583951499858,0.811788547476
2025-11-26,0.010349611094,-0.222006167456,0.433883739118,-0.900968867902,-0.569901057613,0.821713322596
2025-11-27,0.000000000000,0.000000000000,-0.433883739118,-0.900968867902,-0.555681972476,0.831394939523
2025-11-28,0.001108203926,0.401149988317,-0.974927912182,-0.222520933956,-0.541298452104,0.840830533312
2025-11-29,0.000000000000,0.000000000000,-0.781831482468,0.623489801859,-0.526754752811,0.850017311819
2025-11-30,0.000000000000,0.000000000000,0.000000000000,1.000000000000,-0.512055178311,0.858952556527
2025-12-01,-0.000474837300,-0.018794203985,0.781831482468,0.623489801859,-0.497204078447,0.867633623355
2025-12-02,-0.011463227136,0.236766526016,0.974927912182,-0.222520933956,-0.482205847896,0.876057943434
2025-12-03,0.003516586231,0.027021590926,0.433883739118,-0.900968867902,-0.467064924877,0.884223023874
2025-12-04,0.009370356325,-0.233455503806,-0.433883739118,-0.900968867902,-0.451785789833,0.892126448495
2025-12-05,0.007715992694,-0.199410629876,-0.974927912182,-0.222520933956,-0.436372964105,0.899765878548
2025-12-06,0.000000000000,0.000000000000,-0.781831482468,0.623489801859,-0.420831008596,0.907139053401
2025-12-07,0.000000000000,0.000000000000,0.000000000000,1.000000000000,-0.405164522421,0.914243791213
2025-12-08,-0.019962613238,0.387364257774,0.781831482468,0.623489801859,-0.389378141545,0.921077989579
2025-12-09,-0.008840418427,-0.175256711834,0.974927912182,-0.222520933956,-0.373476537413,0.927639626149
2025-12-10,0.004349591436,0.327344259095,0.433883739118,-0.900968867902,-0.357464415565,0.933926759229
2025-12-11,-0.015062238298,0.073443917411,-0.433883739118,-0.900968867902,-0.341346514245,0.939937528356
2025-12-12,-0.002614378130,-0.124746528815,-0.974927912182,-0.222520933956,-0.325127603000,0.945670154847
2025-12-13,0.000000000000,0.000000000000,-0.781831482468,0.623489801859,-0.308812481266,0.951122942324
2025-12-14,0.000000000000,0.000000000000,0.000000000000,1.000000000000,-0.292405976951,0.956294277220
2025-12-15,-0.009204495577,0.001047620252,0.781831482468,0.623489801859,-0.275912945003,0.961182629254
2025-12-16,-0.027454071288,0.114963605364,0.974927912182,-0.222520933956,-0.259338265975,0.965786551884
2025-12-17,0.012816400492,0.037973064306,0.433883739118,-0.900968867902,-0.242686844583,0.970104682736
2025-12-18,0.002343087091,-0.477519975026,-0.433883739118,-0.900968867902,-0.225963608248,0.974135744005
2025-12-19,0.010807346372,0.150349576387,-0.974927912182,-0.222520933956,-0.209173505646,0.977878542834
2025-12-20,0.000000000000,0.000000000000,-0.781831482468,0.623489801859,-0.192321505239,0.981331971670
2025-12-21,0.000000000000,0.000000000000,0.000000000000,1.000000000000,-0.175412593804,0.984495008588
2025-12-22,0.026115381037,-0.027119735147,0.781831482468,0.623489801859,-0.158451774961,0.987366717594
2025-12-23,0.004981952793,-0.292331585214,0.974927912182,-0.222520933956,-0.141444067688,0.989946248902
2025-12-24,-0.002246821465,-0.561132261995,0.433883739118,-0.900968867902,-0.124394504840,0.992232839189
2025-12-25,0.000000000000,0.000000000000,-0.433883739118,-0.900968867902,-0.107308131656,0.994225811816
2025-12-26,-0.026043175569,-0.434959771296,-0.974927912182,-0.222520933956,-0.090190004270,0.995924577029
2025-12-27,0.000000000000,0.000000000000,-0.781831482468,0.623489801859,-0.073045188211,0.997328632136
2025-12-28,0.000000000000,0.000000000000,0.000000000000,1.000000000000,-0.055878756905,0.998437561657
2025-12-29,0.021211421105,-0.054841674674,0.781831482468,0.623489801859,-0.038695790177,0.999251037439
2025-12-30,-0.000322952664,1.203907378568,0.974927912182,-0.222520933956,-0.021501372741,0.999768818763
2025-12-31,-0.017431405353,0.011449513575,0.433883739118,-0.900968867902,-0.004300592703,0.999990752408
2026-01-01,0.000000000000,0.000000000000,-0.433883739118,-0.900968867902,0.017201575418,0.999852041956
2026-01-02,-0.001644712137,0.076613608837,-0.974927912182,-0.222520933956,0.034398060614,0.999408211606
2026-01-03,0.000000000000,0.000000000000,-0.781831482468,0.623489801859,0.051584366869,0.998668640288
2026-01-04,0.000000000000,0.000000000000,0.000000000000,1.000000000000,0.068755408481,0.997633546852
2026-01-05,0.016488796319,0.313687514670,0.781831482468,0.623489801859,0.085906104261,0.996303237599
2026-01-06,-0.017312167905,0.054981593912,0.974927912182,-0.222520933956,0.103031379043,0.994678106189
2026-01-07,-0.012266052669,0.397045319836,0.433883739118,-0.900968867902,0.120126165182,0.992758633525
2026-01-08,0.033295450825,-0.112709840488,-0.433883739118,-0.900968867902,0.137185404057,0.990545387609
2026-01-09,0.021543934729,-0.125560288502,-0.974927912182,-0.222520933956,0.154204047563,0.988039023377
2026-01-10,0.000000000000,0.000000000000,-0.781831482468,0.623489801859,0.171177059610,0.985240282501
2026-01-11,0.000000000000,0.000000000000,0.000000000000,1.000000000000,0.188099417612,0.982149993175
2026-01-12,0.008332707331,0.005851783686,0.781831482468,0.623489801859,0.204966113969,0.978769069865
2026-01-13,0.024742290248,0.342973663404,0.974927912182,-0.222520933956,0.221772157556,0.975098513040
2026-01-14,0.015910562761,0.185971199668,0.433883739118,-0.900968867902,0.238512575194,0.971139408877
2026-01-15,-0.042376595703,-0.563925093844,-0.433883739118,-0.900968867902,0.255182413123,0.966892928939
2026-01-16,0.005786222175,-0.444264397651,-0.974927912182,-0.222520933956,0.271776738471,0.962360329828
2026-01-17,0.000000000000,0.000000000000,-0.781831482468,0.623489801859,0.288290640710,0.957542952812
2026-01-18,0.000000000000,0.000000000000,0.000000000000,1.000000000000,0.304719233109,0.952442223431
2026-01-19,0.000000000000,0.000000000000,0.781831482468,0.623489801859,0.321057654185,0.947059651072
2026-01-20,0.012243484109,0.803041053549,0.974927912182,-0.222520933956,0.337301069136,0.941396828526
2026-01-21,0.004917030567,-0.396573685545,0.433883739118,-0.900968867902,0.353444671274,0.935455431513
2026-01-22,-0.018252638939,-0.067492710667,-0.433883739118,-0.900968867902,0.369483683447,0.929237218188
2026-01-23,0.028014757549,-0.374211942425,-0.974927912182,-0.222520933956,0.385413359454,0.922744028620
2026-01-24,0.000000000000,0.000000000000,-0.781831482468,0.623489801859,0.401228985448,0.915977784248
2026-01-25,0.000000000000,0.000000000000,0.000000000000,1.000000000000,0.416925881329,0.908940487314
2026-01-26,-0.004411674146,-0.276611561011,0.781831482468,0.623489801859,0.432499402134,0.901634220265
2026-01-27,0.029740903575,0.285741906541,0.974927912182,-0.222520933956,0.447944939408,0.894061145145
2026-01-28,0.012208753889,-0.376580782607,0.433883739118,-0.900968867902,0.463257922567,0.886223502949
2026-01-29,0.033214145732,0.135752349503,-0.433883739118,-0.900968867902,0.478433820255,0.878123612959
2026-01-30,-0.000282837949,1.151111877415,-0.974927912182,-0.222520933956,0.493468141677,0.869763872065
2026-01-31,0.000000000000,0.000000000000,-0.781831482468,0.623489801859,0.508356437938,0.861146754048
2026-02-01,0.000000000000,0.000000000000,0.000000000000,1.000000000000,0.523094303349,0.852274808852
2026-02-02,-0.064114211498,-0.062906517902,0.781831482468,0.623489801859,0.537677376741,0.843150661828
2026-02-03,0.015415986531,0.044342660677,0.974927912182,-0.222520933956,0.552101342746,0.833777012959
2026-02-04,0.031145104383,0.159701991697,0.433883739118,-0.900968867902,0.566361933081,0.824156636057
2026-02-05,-0.027882924551,-0.409172206058,-0.433883739118,-0.900968867902,0.580454927809,0.814292377947
2026-02-06,0.007374664359,0.198036746995,-0.974927912182,-0.222520933956,0.594376156585,0.804187157621
2026-02-07,0.000000000000,0.000000000000,-0.781831482468,0.623489801859,0.608121499894,0.793843965378
2026-02-08,0.000000000000,0.000000000000,0.000000000000,1.000000000000,0.621686890267,0.783265861934
2026-02-09,0.014443286093,-0.437640955332,0.781831482468,0.623489801859,0.635068313487,0.772455977519
2026-02-10,-0.003482270740,-0.114759197553,0.974927912182,-0.222520933956,0.648261809776,0.761417510953
2026-02-11,0.008683100203,0.077781861720,0.433883739118,-0.900968867902,0.661263474966,0.750153728696
2026-02-12,-0.027463088929,-0.029199753476,-0.433883739118,-0.900968867902,0.674069461655,0.738667963881
2026-02-13,0.003400659190,-0.130767783215,-0.974927912182,-0.222520933956,0.686675980345,0.726963615332
2026-02-14,0.000000000000,0.000000000000,-0.781831482468,0.623489801859,0.699079300566,0.715044146554
2026-02-15,0.000000000000,0.000000000000,0.000000000000,1.000000000000,0.711275751974,0.702913084708
2026-02-16,0.000000000000,0.000000000000,0.781831482468,0.623489801859,0.723261725444,0.690574019572
2026-02-17,-0.004882777113,0.572434059580,0.974927912182,-0.222520933956,0.735033674133,0.678030602474
2026-02-18,0.042541079224,-0.286674722277,0.433883739118,-0.900968867902,0.746588114532,0.665286545211
2026-02-19,0.018450001110,0.264161121548,-0.433883739118,-0.900968867902,0.757921627497,0.652345618957
2026-02-20,0.001394484539,-0.588306764006,-0.974927912182,-0.222520933956,0.769030859259,0.639211653138
2026-02-21,0.000000000000,0.000000000000,-0.781831482468,0.623489801859,0.779912522417,0.625888534308
2026-02-22,0.000000000000,0.000000000000,0.000000000000,1.000000000000,0.790563396912,0.612380204990
2026-02-23,-0.003769697622,-0.338257960190,0.781831482468,0.623489801859,0.800980330978,0.598690662518
2026-02-24,-0.010122415244,0.272279269929,0.974927912182,-0.222520933956,0.811160242079,0.584823957846
2026-02-25,0.001129809947,-0.719958438011,0.433883739118,-0.900968867902,0.821100117813,0.570784194357
2026-02-26,-0.001412408077,-0.042305717810,-0.433883739118,-0.900968867902,0.830797016812,0.556575526641
2026-02-27,0.024158171527,1.499919177686,-0.974927912182,-0.222520933956,0.840248069608,0.542202159273
2026-02-28,0.000000000000,0.000000000000,-0.781831482468,0.623489801859,0.849450479481,0.527668345563
2026-03-01,0.000000000000,0.000000000000,0.000000000000,1.000000000000,0.858401523292,0.512978386299
2026-03-02,0.070059189895,0.592581257715,0.781831482468,0.623489801859,0.867098552281,0.498136628478
2026-03-03,0.046005393809,0.468618440960,0.974927912182,-0.222520933956,0.875538992859,0.483147464015
2026-03-04,0.000000000000,-0.409701778285,0.433883739118,-0.900968867902,0.883720347362,0.468015328444
2026-03-05,0.048087941081,-0.042712836163,-0.433883739118,-0.900968867902,0.891640194797,0.452744699607
2026-03-06,0.081797385392,0.302123345718,-0.974927912182,-0.222520933956,0.899296191553,0.437340096330
2026-03-07,0.000000000000,0.000000000000,-0.781831482468,0.623489801859,0.906686072098,0.421806077083
2026-03-08,0.000000000000,0.000000000000,0.000000000000,1.000000000000,0.913807649647,0.406147238631
2026-03-09,0.065455100606,0.177827630905,0.781831482468,0.623489801859,0.920658816810,0.390368214676
2026-03-10,-0.119654183434,-0.489612688066,0.974927912182,-0.222520933956,0.927237546218,0.374473674487
2026-03-11,0.046509663209,-0.349680824229,0.433883739118,-0.900968867902,0.933541891118,0.358468321512
2026-03-12,0.088188430600,-0.100217187777,-0.433883739118,-0.900968867902,0.939569985953,0.342356891995
2026-03-13,0.026327653497,-0.251700226272,-0.974927912182,-0.222520933956,0.945320046913,0.326144153564
2026-03-14,0.000000000000,0.000000000000,-0.781831482468,0.623489801859,0.950790372463,0.309834903832
2026-03-15,0.000000000000,0.000000000000,0.000000000000,1.000000000000,0.955979343844,0.293433968967
2026-03-16,-0.028819307771,0.082178637371,0.781831482468,0.623489801859,0.960885425557,0.276946202269
2026-03-17,0.031530374329,-0.177195968945,0.974927912182,-0.222520933956,0.965507165814,0.260376482734
2026-03-18,0.037575570153,0.114437294937,0.433883739118,-0.900968867902,0.969843196967,0.243729713610
2026-03-19,0.011757801330,0.179582016693,-0.433883739118,-0.900968867902,0.973892235915,0.227010820941
2026-03-20,0.032062163572,-0.424610246365,-0.974927912182,-0.222520933956,0.977653084482,0.210224752119
2026-03-21,0.000000000000,0.000000000000,-0.781831482468,0.623489801859,0.981124629772,0.193376474410
2026-03-22,0.000000000000,0.000000000000,0.000000000000,1.000000000000,0.984305844499,0.176470973492
2026-03-23,-0.115623853973,0.683461853564,0.781831482468,0.623489801859,0.987195787291,0.159513251973
2026-03-24,0.044521322257,-0.501819218040,0.974927912182,-0.222520933956,0.989793602967,0.142508327916
2026-03-25,-0.021963987320,-0.244818877603,0.433883739118,-0.900968867902,0.992098522792,0.125461233353
2026-03-26,0.055096469926,-0.617396962466,-0.433883739118,-0.900968867902,0.994109864702,0.108377012792
2026-03-27,0.041351412447,-0.453781634850,-0.974927912182,-0.222520933956,0.995827033510,0.091260721729
2026-03-28,0.000000000000,0.000000000000,-0.781831482468,0.623489801859,0.997249521077,0.074117425151
2026-03-29,0.000000000000,0.000000000000,0.000000000000,1.000000000000,0.998376906467,0.056952196034
2026-03-30,0.001863759900,-0.200869958191,0.781831482468,0.623489801859,0.999208856068,0.039770113846
2026-03-31,0.048207315512,1.536136964499,0.974927912182,-0.222520933956,0.999745123693,0.022576263042
2026-04-01,-0.156942865064,-0.126631936137,0.433883739118,-0.900968867902,0.999985550651,0.005375731558
2026-04-02,0.074919604519,-11.028904043956,-0.433883739118,-0.900968867902,0.999930065796,-0.011826390692
2026-04-03,0.000000000000,0.000000000000,-0.974927912182,-0.222520933956,0.999578685548,-0.029025013322
2026-04-04,0.000000000000,0.000000000000,-0.781831482468,0.623489801859,0.998931513885,-0.046215046984
2026-04-05,0.000000000000,0.000000000000,0.000000000000,1.000000000000,0.997988742316,-0.063391404870
2026-04-06,0.006764174595,10.235090812046,0.781831482468,0.623489801859,0.996750649821,-0.080549004219
2026-04-07,-0.004565384257,0.850047245812,0.974927912182,-0.222520933956,0.995217602774,-0.097682767822
2026-04-08,-0.142580008899,0.231054503915,0.433883739118,-0.900968867902,0.993390054826,-0.114787625522
2026-04-09,0.012272647667,-0.410199884547,-0.433883739118,-0.900968867902,0.991268546779,-0.131858515717
2026-04-10,-0.007534581889,-0.442517977145,-0.974927912182,-0.222520933956,0.988853706421,-0.148890386856
2026-04-11,0.000000000000,0.000000000000,-0.781831482468,0.623489801859,0.986146248342,-0.165878198935
2026-04-12,0.000000000000,0.000000000000,0.000000000000,1.000000000000,0.983146973722,-0.182816924985
2026-04-13,0.042769714587,0.367441328740,0.781831482468,0.623489801859,0.979856770096,-0.199701552566
2026-04-14,-0.047085696205,-0.209783824124,0.974927912182,-0.222520933956,0.976276611087,-0.216527085245
2026-04-15,0.001475852985,0.022600785911,0.433883739118,-0.900968867902,0.972407556122,-0.233288544075
2026-04-16,0.045911717730,-0.137542793782,-0.433883739118,-0.900968867902,0.968250750117,-0.249980969073
2026-04-17,-0.095028525245,0.846965497420,-0.974927912182,-0.222520933956,0.963807423137,-0.266599420679
2026-04-18,0.000000000000,0.000000000000,-0.781831482468,0.623489801859,0.959078890034,-0.283138981228
2026-04-19,0.000000000000,0.000000000000,0.000000000000,1.000000000000,0.954066550058,-0.299594756397
2026-04-20,0.054893863035,-0.608316496501,0.781831482468,0.623489801859,0.948771886440,-0.315961876658
2026-04-21,0.030936679335,0.075738766835,0.974927912182,-0.222520933956,0.943196465957,-0.332235498716
2026-04-22,0.034236590812,-0.228001454946,0.433883739118,-0.900968867902,0.937341938464,-0.348410806945
2026-04-23,0.030536685021,0.313195967942,-0.433883739118,-0.900968867902,0.931210036412,-0.364483014810
2026-04-24,0.002471504436,-0.034407941695,-0.974927912182,-0.222520933956,0.924802574329,-0.380447366288
2026-04-25,0.000000000000,0.000000000000,-0.781831482468,0.623489801859,0.918121448284,-0.396299137269
2026-04-26,0.000000000000,0.000000000000,0.000000000000,1.000000000000,0.911168635333,-0.412033636959
2026-04-27,0.027160327091,-0.581254963039,0.781831482468,0.623489801859,0.903946192922,-0.427646209268
2026-04-28,0.027611200524,-0.227398514759,0.974927912182,-0.222520933956,0.896456258291,-0.443132234183
2026-04-29,0.059068995251,-0.262807821805,0.433883739118,-0.900968867902,0.888701047829,-0.458487129140
2026-04-30,-0.034652636516,1.178125882254,-0.433883739118,-0.900968867902,0.880682856430,-0.473706350380
2026-05-01,-0.052582135868,-0.367072435930,-0.974927912182,-0.222520933956,0.872404056805,-0.488785394289
2026-05-02,0.000000000000,0.000000000000,-0.781831482468,0.623489801859,0.863867098784,-0.503719798736
2026-05-03,0.000000000000,0.000000000000,0.000000000000,1.000000000000,0.855074508590,-0.518505144391
2026-05-04,0.056346642801,0.509933094570,0.781831482468,0.623489801859,0.846028888092,-0.533137056032
2026-05-05,-0.040752815804,-0.531430727827,0.974927912182,-0.222520933956,0.836732914034,-0.547611203840
2026-05-06,-0.081507689515,0.442442283094,0.433883739118,-0.900968867902,0.827189337246,-0.561923304683
2026-05-07,-0.012020202535,0.016573059273,-0.433883739118,-0.900968867902,0.817400981825,-0.576069123380
2026-05-08,0.012217717077,-0.605078254520,-0.974927912182,-0.222520933956,0.807370744302,-0.590044473955
2026-05-09,0.000000000000,0.000000000000,-0.781831482468,0.623489801859,0.797101592787,-0.603845220877
2026-05-10,0.000000000000,0.000000000000,0.000000000000,1.000000000000,0.786596566087,-0.617467280284
2026-05-11,0.028420386482,0.029940379558,0.781831482468,0.623489801859,0.775858772807,-0.630906621188
2026-05-12,0.033591210241,-0.140049031092,0.974927912182,-0.222520933956,0.764891390434,-0.644159266672
2026-05-13,-0.020056899627,-0.103414108042,0.433883739118,-0.900968867902,0.753697664393,-0.657221295066
2026-05-14,0.000851705449,-0.006841779480,-0.433883739118,-0.900968867902,0.742280907087,-0.670088841106
2026-05-15,0.032936281237,-0.037414861938,-0.974927912182,-0.222520933956,0.730644496918,-0.682758097076
2026-05-16,0.000000000000,0.000000000000,-0.781831482468,0.623489801859,0.718791877288,-0.695225313941
2026-05-17,0.000000000000,0.000000000000,0.000000000000,1.000000000000,0.706726555578,-0.707486802450
2026-05-18,0.025660933947,0.559545754831,0.781831482468,0.623489801859,0.694452102109,-0.719538934233
2026-05-19,-0.007341779821,-0.456718707017,0.974927912182,-0.222520933956,0.681972149090,-0.731378142868
2026-05-20,-0.057898760401,0.595866771516,0.433883739118,-0.900968867902,0.669290389541,-0.743000924944
2026-05-21,-0.023507776434,-0.040171420872,-0.433883739118,-0.900968867902,0.656410576198,-0.754403841093
2026-05-22,0.009315020505,-0.379893589606,-0.974927912182,-0.222520933956,0.643336520404,-0.765583517008
2026-05-23,0.000000000000,0.000000000000,-0.781831482468,0.623489801859,0.630072090984,-0.776536644443
2026-05-24,0.000000000000,0.000000000000,0.000000000000,1.000000000000,0.616621213096,-0.787259982192
2026-05-25,0.000000000000,0.000000000000,0.781831482468,0.623489801859,0.602987867069,-0.797750357046
2026-05-26,-0.038996660714,0.079172993438,0.974927912182,-0.222520933956,0.589176087232,-0.808004664735
2026-05-27,-0.054586210415,-0.612607690304,0.433883739118,-0.900968867902,0.575189960712,-0.818019870844
2026-05-28,-0.006170251821,-0.732340648779,-0.433883739118,-0.900968867902,0.561033626228,-0.827793011713
2026-05-29,-0.017872956534,1.380738579867,-0.974927912182,-0.222520933956,0.546711272869,-0.837321195312
2026-05-30,0.000000000000,0.000000000000,-0.781831482468,0.623489801859,0.532227138847,-0.846601602098
2026-05-31,0.000000000000,0.000000000000,0.000000000000,1.000000000000,0.517585510253,-0.855631485849
2026-06-01,0.031334437632,0.385483370927,0.781831482468,0.623489801859,0.502790719779,-0.864408174478
2026-06-02,0.010681813003,-0.362796281182,0.974927912182,-0.222520933956,0.487847145442,-0.872929070821
2026-06-03,0.018678604874,0.016206770694,0.433883739118,-0.900968867902,0.472759209286,-0.881191653407
2026-06-04,-0.028834177964,-0.159437705839,-0.433883739118,-0.900968867902,0.457531376074,-0.889193477207
2026-06-05,-0.020625890589,0.055077201134,-0.974927912182,-0.222520933956,0.442168151967,-0.896932174351
2026-06-06,0.000000000000,0.000000000000,-0.781831482468,0.623489801859,0.426674083190,-0.904405454834
2026-06-07,0.000000000000,0.000000000000,0.000000000000,1.000000000000,0.411053754687,-0.911611107193
2026-06-08,0.012384098539,0.000868762611,0.781831482468,0.623489801859,0.395311788765,-0.918546999159
2026-06-09,-0.030158484862,0.151036706766,0.974927912182,-0.222520933956,0.379452843725,-0.925211078289
2026-06-10,0.017881826427,-0.075005793023,0.433883739118,-0.900968867902,0.363481612483,-0.931601372577
2026-06-11,-0.029651194299,0.154563777545,-0.433883739118,-0.900968867902,0.347402821184,-0.937715991030
2026-06-12,-0.034328906201,-0.289760066247,-0.974927912182,-0.222520933956,0.331221227802,-0.943553124235
2026-06-13,0.000000000000,0.000000000000,-0.781831482468,0.623489801859,0.314941620729,-0.949111044890
2026-06-14,0.000000000000,0.000000000000,0.000000000000,1.000000000000,0.298568817364,-0.954388108318
2026-06-15,-0.048807383528,-0.183571870255,0.781831482468,0.623489801859,0.282107662682,-0.959382752949
2026-06-16,-0.051945300334,0.063461249516,0.974927912182,-0.222520933956,0.265563027804,-0.964093500789
2026-06-17,0.007444409616,-0.172564751452,0.433883739118,-0.900968867902,0.248939808554,-0.968518957851
2026-06-18,0.003764062405,0.184986469835,-0.433883739118,-0.900968867902,0.232242924009,-0.972657814572
2026-06-19,0.000000000000,0.000000000000,-0.974927912182,-0.222520933956,0.215477315047,-0.976508846197
2026-06-20,0.000000000000,0.000000000000,-0.781831482468,0.623489801859,0.198647942880,-0.980070913143
2026-06-21,0.000000000000,0.000000000000,0.000000000000,1.000000000000,0.181759787591,-0.983342961339
2026-06-22,-0.024723883087,0.401062575169,0.781831482468,0.623489801859,0.164817846657,-0.986324022532
2026-06-23,-0.010582105163,-0.714391103673,0.974927912182,-0.222520933956,0.147827133471,-0.989013214578
2026-06-24,-0.044298503465,0.364822206828,0.433883739118,-0.900968867902,0.130792675857,-0.991409741702
2026-06-25,0.020403449714,-0.178109335141,-0.433883739118,-0.900968867902,0.113719514586,-0.993512894734
2026-06-26,-0.044421622743,-0.346773309522,-0.974927912182,-0.222520933956,0.096612701881,-0.995322051316
2026-06-27,0.000000000000,0.000000000000,-0.781831482468,0.623489801859,0.079477299924,-0.996836676089
2026-06-28,0.000000000000,0.000000000000,0.000000000000,1.000000000000,0.062318379354,-0.998056320853
2026-06-29,0.015984957518,-0.813223588348,0.781831482468,0.623489801859,0.045141017774,-0.998980624694
2026-06-30,0.000000000000,0.000000000000,0.974927912182,-0.222520933956,0.027950298240,-0.999609314096
