timestamp,price_log_return,volume_log_change,day_wk_sin,day_wk_cos,day_yr_sin,day_yr_cos
2022-07-02,0.016817760812,-0.623017862298,-0.781831482468,0.623489801859,-0.006450864198,-0.999979192959
2022-07-03,0.000794769810,-0.234278902600,0.000000000000,1.000000000000,-0.023651127245,-0.999720272966
2022-07-04,0.096956337579,0.588717211138,0.781831482468,0.623489801859,-0.040844391543,-0.999165519661
2022-07-05,-0.038504771439,0.363258040539,0.974927912182,-0.222520933956,-0.058025569329,-0.998315097203
2022-07-06,0.046317910391,-0.106531498746,0.433883739118,-0.900968867902,-0.075189576415,-0.997169257247
2022-07-07,0.038229510010,-0.170753136966,-0.433883739118,-0.900968867902,-0.092331333695,-0.995728338865
2022-07-08,-0.006030520844,0.222695979287,-0.974927912182,-0.222520933956,-0.109445768649,-0.993992768447
2022-07-09,-0.005625041996,-0.631799731760,-0.781831482468,0.623489801859,-0.126527816839,-0.991963059577
2022-07-10,-0.036766463326,-0.100855142657,0.000000000000,1.000000000000,-0.143572423412,-0.989639812879
2022-07-11,-0.092253315984,0.264366633763,0.781831482468,0.623489801859,-0.160574544595,-0.987023715839
2022-07-12,-0.021323440175,-0.014978914451,0.974927912182,-0.222520933956,-0.177529149187,-0.984115542601
2022-07-13,0.063665351888,0.359715889052,0.433883739118,-0.900968867902,-0.194431220048,-0.980916153741
2022-07-14,0.061027596861,0.005337410882,-0.433883739118,-0.900968867902,-0.211275755582,-0.977426496010
2022-07-15,0.008268698850,-0.041694372471,-0.974927912182,-0.222520933956,-0.228057771222,-0.973647602054
2022-07-16,0.056078961644,-0.096347707703,-0.781831482468,0.623489801859,-0.244772300897,-0.969580590108
2022-07-17,-0.023765248279,-0.026422410154,0.000000000000,1.000000000000,-0.261414398511,-0.965226663666
2022-07-18,0.123993599062,0.470805900146,0.781831482468,0.623489801859,-0.277979139399,-0.960587111125
2022-07-19,0.026031219537,0.344256564540,0.974927912182,-0.222520933956,-0.294461621787,-0.955663305403
2022-07-20,-0.064537654545,-0.224829441096,0.433883739118,-0.900968867902,-0.310856968244,-0.950456703535
2022-07-21,0.025725363059,-0.047851930670,-0.433883739118,-0.900968867902,-0.327160327122,-0.944968846236
2022-07-22,-0.061399017814,-0.234397338549,-0.974927912182,-0.222520933956,-0.343366873996,-0.939201357453
2022-07-23,-0.014320349066,-0.280244750317,-0.781831482468,0.623489801859,-0.359471813088,-0.933155943878
2022-07-24,0.023829276575,-0.031922240316,0.000000000000,1.000000000000,-0.375470378688,-0.926834394446
2022-07-25,-0.110629021033,0.273345100673,0.781831482468,0.623489801859,-0.391357836561,-0.920238579805
2022-07-26,-0.014297211599,-0.073241896318,0.974927912182,-0.222520933956,-0.407129485354,-0.913370451764
2022-07-27,0.107739825558,0.294701529816,0.433883739118,-0.900968867902,-0.422780657983,-0.906232042711
2022-07-28,0.061048976842,0.294193809807,-0.433883739118,-0.900968867902,-0.438306723013,-0.898825465016
2022-07-29,-0.021665246626,-0.172176982144,-0.974927912182,-0.222520933956,-0.453703086031,-0.891152910406
2022-07-30,0.042696263454,-0.042640517881,-0.781831482468,0.623489801859,-0.468965191008,-0.883216649313
2022-07-31,-0.031473063273,-0.378245622206,0.000000000000,1.000000000000,-0.484088521639,-0.875019030203
2022-08-01,-0.014580234258,-0.226101633550,0.781831482468,0.623489801859,-0.499068602689,-0.866562478885
2022-08-02,-0.049849760355,0.107745923020,0.974927912182,-0.222520933956,-0.513901001309,-0.857849497787
2022-08-03,-0.030911872720,0.651585732717,0.433883739118,-0.900968867902,-0.528581328356,-0.848882665221
2022-08-04,0.007399181909,-0.627071623636,-0.433883739118,-0.900968867902,-0.543105239683,-0.839664634618
2022-08-05,0.043597305351,-0.029811675471,-0.974927912182,-0.222520933956,-0.557468437433,-0.830198133741
2022-08-06,-0.012504176093,-0.610619425297,-0.781831482468,0.623489801859,-0.571666671303,-0.820485963879
2022-08-07,0.013602151641,-0.058341838652,0.000000000000,1.000000000000,-0.585695739807,-0.810530999019
2022-08-08,0.037816378888,0.598730014341,0.781831482468,0.623489801859,-0.599551491520,-0.800336184998
2022-08-09,-0.043570223217,-0.221775885589,0.974927912182,-0.222520933956,-0.613229826300,-0.789904538622
2022-08-10,0.048191111225,0.439461081291,0.433883739118,-0.900968867902,-0.626726696508,-0.779239146786
2022-08-11,0.010704027919,0.222384563147,-0.433883739118,-0.900968867902,-0.640038108204,-0.768343165549
2022-08-12,0.057026982900,-0.430544602666,-0.974927912182,-0.222520933956,-0.653160122327,-0.757219819208
2022-08-13,0.025063120964,0.227199295089,-0.781831482468,0.623489801859,-0.666088855861,-0.745872399340
2022-08-14,-0.034330419449,-0.288618791955,0.000000000000,1.000000000000,-0.678820482986,-0.734304263830
2022-08-15,-0.024642856337,0.251362567018,0.781831482468,0.623489801859,-0.691351236209,-0.722518835873
2022-08-16,-0.015277412992,-0.187105537000,0.974927912182,-0.222520933956,-0.703677407479,-0.710519602969
2022-08-17,-0.065981113522,0.166756465920,0.433883739118,-0.900968867902,-0.715795349283,-0.698310115884
2022-08-18,-0.021460256441,-0.411693357865,-0.433883739118,-0.900968867902,-0.727701475726,-0.685893987600
2022-08-19,-0.096979186248,0.721077827390,-0.974927912182,-0.222520933956,-0.739392263596,-0.673274892250
2022-08-20,-0.017440729543,-0.414306777489,-0.781831482468,0.623489801859,-0.750864253399,-0.660456564028
2022-08-21,0.035196231117,-0.203427353016,0.000000000000,1.000000000000,-0.762114050389,-0.647442796083
2022-08-22,-0.029410657627,0.148985232746,0.781831482468,0.623489801859,-0.773138325571,-0.634237439398
2022-08-23,0.004833239375,-0.287805905242,0.974927912182,-0.222520933956,-0.783933816683,-0.620844401651
2022-08-24,-0.019499053616,0.101743669323,0.433883739118,-0.900968867902,-0.794497329167,-0.607267646057
2022-08-25,0.010204297022,-0.132965672798,-0.433883739118,-0.900968867902,-0.804825737108,-0.593511190196
2022-08-26,-0.107201291160,0.462633349300,-0.974927912182,-0.222520933956,-0.814915984166,-0.579579104826
2022-08-27,-0.005814239436,-0.542532640206,-0.781831482468,0.623489801859,-0.824765084473,-0.565475512674
2022-08-28,-0.037144875779,-0.307327914366,0.000000000000,1.000000000000,-0.834370123523,-0.551204587220
2022-08-29,0.065982919657,0.460975131003,0.781831482468,0.623489801859,-0.843728259029,-0.536770551461
2022-08-30,-0.032979988472,-0.034798782778,0.974927912182,-0.222520933956,-0.852836721769,-0.522177676660
2022-08-31,0.001936860690,-0.113077726436,0.433883739118,-0.900968867902,-0.861692816403,-0.507430281083
2022-09-01,0.003575165211,-0.143471881669,-0.433883739118,-0.900968867902,-0.870293922269,-0.492532728722
2022-09-02,-0.011390904304,-0.010423548812,-0.974927912182,-0.222520933956,-0.878637494161,-0.477489428003
2022-09-03,-0.003800173457,-0.740512160613,-0.781831482468,0.623489801859,-0.886721063083,-0.462304830480
2022-09-04,0.031560004061,0.222609208779,0.000000000000,1.000000000000,-0.894542236976,-0.446983429520
2022-09-05,0.002727531134,0.265779360848,0.781831482468,0.623489801859,-0.902098701430,-0.431529758971
2022-09-06,-0.041311328765,0.847434897962,0.974927912182,-0.222520933956,-0.909388220365,-0.415948391825
2022-09-07,0.057219997148,-0.428624184781,0.433883739118,-0.900968867902,-0.916408636694,-0.400243938857
2022-09-08,0.027074447977,0.227297583156,-0.433883739118,-0.900968867902,-0.923157872965,-0.384421047269
2022-09-09,0.033101634083,0.192878501085,-0.974927912182,-0.222520933956,-0.929633931968,-0.368484399308
2022-09-10,0.011077322753,-0.483848459869,-0.781831482468,0.623489801859,-0.935834897335,-0.352438710885
2022-09-11,-0.004587265365,0.035036732855,0.000000000000,1.000000000000,-0.941758934099,-0.336288730177
2022-09-12,0.067942038395,0.809558025804,0.781831482468,0.623489801859,-0.947404289244,-0.320039236223
2022-09-13,-0.112838968048,0.048068737921,0.974927912182,-0.222520933956,-0.952769292217,-0.303695037511
2022-09-14,0.019572063878,-0.575922417090,0.433883739118,-0.900968867902,-0.957852355428,-0.287260970551
2022-09-15,-0.031098713080,0.126884582100,-0.433883739118,-0.900968867902,-0.962651974716,-0.270741898448
2022-09-16,-0.025709956500,-0.397117415110,-0.974927912182,-0.222520933956,-0.967166729798,-0.254142709461
2022-09-17,0.046761951679,-0.423910717410,-0.781831482468,0.623489801859,-0.971395284684,-0.237468315558
2022-09-18,-0.083087341311,0.326515375756,0.000000000000,1.000000000000,-0.975336388077,-0.220723650961
2022-09-19,0.051009385735,0.334789840870,0.781831482468,0.623489801859,-0.978988873741,-0.203913670683
2022-09-20,-0.039065930505,-0.169236035973,0.974927912182,-0.222520933956,-0.982351660847,-0.187043349070
2022-09-21,-0.019488840933,0.375522840205,0.433883739118,-0.900968867902,-0.985423754292,-0.170117678320
2022-09-22,0.050062483854,-0.358924817898,-0.433883739118,-0.900968867902,-0.988204244994,-0.153141667013
2022-09-23,0.038371063877,0.164219033785,-0.974927912182,-0.222520933956,-0.990692310162,-0.136120338623
2022-09-24,-0.006374395091,-0.118513268698,-0.781831482468,0.623489801859,-0.992887213536,-0.119058730034
2022-09-25,-0.034268486328,-0.357255206114,0.000000000000,1.000000000000,-0.994788305609,-0.101961890052
2022-09-26,0.046679813285,0.427623307358,0.781831482468,0.623489801859,-0.996395023819,-0.084834877906
2022-09-27,-0.033934304990,0.267703564417,0.974927912182,-0.222520933956,-0.997706892710,-0.067682761755
2022-09-28,0.014709833046,-0.203379420169,0.433883739118,-0.900968867902,-0.998723524080,-0.050510617185
2022-09-29,0.021344255002,-0.048525193102,-0.433883739118,-0.900968867902,-0.999444617092,-0.033323525712
2022-09-30,-0.022036376249,0.241274646319,-0.974927912182,-0.222520933956,-0.999869958362,-0.016126573271
2022-10-01,-0.022626690548,-0.748179122858,-0.781831482468,0.623489801859,-0.999999422025,0.001075151283
2022-10-02,-0.012822979028,-0.073804830844,0.000000000000,1.000000000000,-0.999832969770,0.018276557682
2022-10-03,0.028050928821,0.173752581327,0.781831482468,0.623489801859,-0.999370650854,0.035472555753
2022-10-04,0.034430243228,0.124502113870,0.974927912182,-0.222520933956,-0.998612602084,0.052658056925
2022-10-05,-0.001424938564,-0.089210027500,0.433883739118,-0.900968867902,-0.997559047779,0.069827975730
2022-10-06,-0.021688764825,0.082400048359,-0.433883739118,-0.900968867902,-0.996210299702,0.086977231314
2022-10-07,-0.010290483566,-0.092724833120,-0.974927912182,-0.222520933956,-0.994566756971,0.104100748935
2022-10-08,-0.012916753521,-0.570340466018,-0.781831482468,0.623489801859,-0.992628905935,0.121193461471
2022-10-09,0.010259354641,0.100563854386,0.000000000000,1.000000000000,-0.990397320035,0.138250310911
2022-10-10,-0.029070478220,0.456565319965,0.781831482468,0.623489801859,-0.987872659635,0.155266249860
2022-10-11,-0.038060677089,0.134695053902,0.974927912182,-0.222520933956,-0.985055671822,0.172236243028
2022-10-12,0.012547849232,-0.402579093029,0.433883739118,-0.900968867902,-0.981947190187,0.189155268720
2022-10-13,-0.020125972114,0.977339071845,-0.433883739118,-0.900968867902,-0.978548134580,0.206018320325
2022-10-14,-0.017740665555,-0.443036245745,-0.974927912182,-0.222520933956,-0.974859510837,0.222820407795
2022-10-15,-0.014503433938,-0.423010772400,-0.781831482468,0.623489801859,-0.970882410481,0.239556559121
2022-10-16,0.019868444054,0.104858870660,0.000000000000,1.000000000000,-0.966618010400,0.256221821807
2022-10-17,0.034405480583,0.079665809878,0.781831482468,0.623489801859,-0.962067572498,0.272811264334
2022-10-18,-0.034554949674,0.081931094465,0.974927912182,-0.222520933956,-0.957232443323,0.289319977619
2022-10-19,-0.042790913293,-0.025239922132,0.433883739118,-0.900968867902,-0.952114053668,0.305743076467
2022-10-20,-0.028630177827,0.142266937869,-0.433883739118,-0.900968867902,-0.946713918146,0.322075701021
2022-10-21,0.000839258557,0.184974271344,-0.974927912182,-0.222520933956,-0.941033634745,0.338313018192
2022-10-22,-0.003378834655,-0.712712174396,-0.781831482468,0.623489801859,-0.935074884352,0.354450223099
2022-10-23,0.043866046540,0.289016827780,0.000000000000,1.000000000000,-0.928839430256,0.370482540482
2022-10-24,-0.033348156445,0.053008599214,0.781831482468,0.623489801859,-0.922329117629,0.386405226121
2022-10-25,0.088831690037,0.693889395621,0.974927912182,-0.222520933956,-0.915545872978,0.402213568237
2022-10-26,0.011080782371,-0.065938165506,0.433883739118,-0.900968867902,-0.908491703573,0.417902888887
2022-10-27,-0.021129525374,0.019803107486,-0.433883739118,-0.900968867902,-0.901168696856,0.433468545349
2022-10-28,0.047206531441,-0.182251122941,-0.974927912182,-0.222520933956,-0.893579019824,0.448905931494
2022-10-29,0.022961862618,0.092045693147,-0.781831482468,0.623489801859,-0.885724918384,0.464210479152
2022-10-30,0.003305920327,-0.466425854742,0.000000000000,1.000000000000,-0.877608716690,0.479377659461
2022-10-31,-0.010823805983,0.473666698594,0.781831482468,0.623489801859,-0.869232816457,0.494402984208
2022-11-01,-0.011181636133,-0.476441569912,0.974927912182,-0.222520933956,-0.860599696250,0.509282007157
2022-11-02,-0.046341705087,0.470116127971,0.433883739118,-0.900968867902,-0.851711910747,0.524010325368
2022-11-03,0.001810856501,-0.338109091742,-0.433883739118,-0.900968867902,-0.842572089987,0.538583580492
2022-11-04,0.090955829044,0.494390343812,-0.974927912182,-0.222520933956,-0.833182938589,0.552997460070
2022-11-05,0.084672869893,0.593741988335,-0.781831482468,0.623489801859,-0.823547234956,0.567247698803
2022-11-06,-0.117694158951,-0.403680082238,0.000000000000,1.000000000000,-0.813667830446,0.581330079815
2022-11-07,-0.099053080078,0.433387882612,0.781831482468,0.623489801859,-0.803547648534,0.595240435904
2022-11-08,-0.203413816653,0.877411948750,0.974927912182,-0.222520933956,-0.793189683945,0.608974650772
2022-11-09,-0.549582108496,-0.275183387669,0.433883739118,-0.900968867902,-0.782597001768,0.622528660243
2022-11-10,0.237689811561,-0.129225439148,-0.433883739118,-0.900968867902,-0.771772736547,0.635898453468
2022-11-11,-0.079709066832,-0.622397456891,-0.974927912182,-0.222520933956,-0.760720091356,0.649080074110
2022-11-12,-0.115969826468,-0.927577205487,-0.781831482468,0.623489801859,-0.749442336852,0.662069621515
2022-11-13,-0.099308790716,0.015870939402,0.000000000000,1.000000000000,-0.737942810303,0.674863251868
2022-11-14,0.061628187001,0.438390698587,0.781831482468,0.623489801859,-0.726224914604,0.687457179327
2022-11-15,0.021195854546,-0.493628469446,0.974927912182,-0.222520933956,-0.714292117269,0.699847677146
2022-11-16,-0.001104437796,-0.536302013115,0.433883739118,-0.900968867902,-0.702147949405,0.712031078779
2022-11-17,-0.046331714938,0.322789772458,-0.433883739118,-0.900968867902,-0.689796004666,0.724003778959
2022-11-18,-0.029105293694,-0.633795461899,-0.974927912182,-0.222520933956,-0.677239938191,0.735762234774
2022-11-19,-0.030385869689,-0.127946715424,-0.781831482468,0.623489801859,-0.664483465523,0.747302966705
2022-11-20,-0.047665523953,0.480961949230,0.000000000000,1.000000000000,-0.651530361507,0.758622559666
2022-11-21,-0.033749340774,-0.007726294887,0.781831482468,0.623489801859,-0.638384459175,0.769717664007
2022-11-22,0.048557478798,0.048213494518,0.974927912182,-0.222520933956,-0.625049648610,0.780584996507
2022-11-23,0.143289955905,0.485043484829,0.433883739118,-0.900968867902,-0.611529875799,0.791221341348
2022-11-24,0.015956644021,-0.326845803560,-0.433883739118,-0.900968867902,-0.597829141459,0.801623551065
2022-11-25,-0.036254895011,-0.650258372170,-0.974927912182,-0.222520933956,-0.583951499858,0.811788547476
2022-11-26,0.006807116818,0.029240304221,-0.781831482468,0.623489801859,-0.569901057613,0.821713322596
2022-11-27,-0.003071799267,-0.392700662684,0.000000000000,1.000000000000,-0.555681972476,0.831394939523
2022-11-28,-0.051700542137,0.687337229361,0.781831482468,0.623489801859,-0.541298452104,0.840830533312
2022-11-29,-0.002598342368,-0.522458862177,0.974927912182,-0.222520933956,-0.526754752811,0.850017311819
2022-11-30,0.054276116212,0.222776412581,0.433883739118,-0.900968867902,-0.512055178311,0.858952556527
2022-12-01,-0.045990649405,-0.356313193863,-0.433883739118,-0.900968867902,-0.497204078447,0.867633623355
2022-12-02,0.017257844244,0.053862660764,-0.974927912182,-0.222520933956,-0.482205847896,0.876057943434
2022-12-03,-0.030587976641,-0.418108649195,-0.781831482468,0.623489801859,-0.467064924877,0.884223023874
2022-12-04,0.030775973188,-0.128918233495,0.000000000000,1.000000000000,-0.451785789833,0.892126448495
2022-12-05,0.008195820613,0.861010201192,0.781831482468,0.623489801859,-0.436372964105,0.899765878548
2022-12-06,0.032559225047,-0.180727764335,0.974927912182,-0.222520933956,-0.420831008596,0.907139053401
2022-12-07,-0.055335406408,-0.226941437033,0.433883739118,-0.900968867902,-0.405164522421,0.914243791213
2022-12-08,0.012464404117,-0.130075261849,-0.433883739118,-0.900968867902,-0.389378141545,0.921077989579
2022-12-09,-0.007996881399,0.078097557116,-0.974927912182,-0.222520933956,-0.373476537413,0.927639626149
2022-12-10,-0.000235072089,-0.661759745866,-0.781831482468,0.623489801859,-0.357464415565,0.933926759229
2022-12-11,-0.011048970650,0.071854849087,0.000000000000,1.000000000000,-0.341346514245,0.939937528356
2022-12-12,-0.008170529328,0.558572491147,0.781831482468,0.623489801859,-0.325127603000,0.945670154847
2022-12-13,0.037970959641,0.431117569214,0.974927912182,-0.222520933956,-0.308812481266,0.951122942324
2022-12-14,0.021916507743,0.334548702817,0.433883739118,-0.900968867902,-0.292405976951,0.956294277220
2022-12-15,-0.008452190370,-0.481836691155,-0.433883739118,-0.900968867902,-0.275912945003,0.961182629254
2022-12-16,-0.133712018146,0.274324147028,-0.974927912182,-0.222520933956,-0.259338265975,0.965786551884
2022-12-17,0.019200269880,-0.476340501219,-0.781831482468,0.623489801859,-0.242686844583,0.970104682736
2022-12-18,-0.007326908191,-0.699256304069,0.000000000000,1.000000000000,-0.225963608248,0.974135744005
2022-12-19,-0.039475211927,0.621147337224,0.781831482468,0.623489801859,-0.209173505646,0.977878542834
2022-12-20,0.028735049337,-0.149828923417,0.974927912182,-0.222520933956,-0.192321505239,0.981331971670
2022-12-21,-0.012415760905,-0.054526895183,0.433883739118,-0.900968867902,-0.175412593804,0.984495008588
2022-12-22,-0.027936829673,0.075787770187,-0.433883739118,-0.900968867902,-0.158451774961,0.987366717594
2022-12-23,-0.000734759299,-0.142201839129,-0.974927912182,-0.222520933956,-0.141444067688,0.989946248902
2022-12-24,-0.029436807280,0.254725085924,-0.781831482468,0.623489801859,-0.124394504840,0.992232839189
2022-12-25,-0.004938009368,-0.654466634114,0.000000000000,1.000000000000,-0.107308131656,0.994225811816
2022-12-26,-0.007164066092,0.228247360229,0.781831482468,0.623489801859,-0.090190004270,0.995924577029
2022-12-27,-0.019755957719,0.522757555657,0.974927912182,-0.222520933956,-0.073045188211,0.997328632136
2022-12-28,-0.127758790601,0.741360541631,0.433883739118,-0.900968867902,-0.055878756905,0.998437561657
2022-12-29,-0.010730191943,0.499607936533,-0.433883739118,-0.900968867902,-0.038695790177,0.999251037439
2022-12-30,0.023387716410,0.080228448309,-0.974927912182,-0.222520933956,-0.021501372741,0.999768818763
2022-12-31,0.008150961767,-1.074713380027,-0.781831482468,0.623489801859,-0.004300592703,0.999990752408
2023-01-01,0.002119456476,-0.386149771974,0.000000000000,1.000000000000,0.017201575418,0.999852041956
2023-01-02,0.121606790055,1.056382634661,0.781831482468,0.623489801859,0.034398060614,0.999408211606
2023-01-03,0.168662677060,0.721489347568,0.974927912182,-0.222520933956,0.051584366869,0.998668640288
2023-01-04,0.006801383613,-0.005587284008,0.433883739118,-0.900968867902,0.068755408481,0.997633546852
2023-01-05,-0.001175471187,-0.705774492867,-0.433883739118,-0.900968867902,0.085906104261,0.996303237599
2023-01-06,0.007905878428,-0.087178814420,-0.974927912182,-0.222520933956,0.103031379043,0.994678106189
2023-01-07,-0.032580230465,-0.899559677137,-0.781831482468,0.623489801859,0.120126165182,0.992758633525
2023-01-08,0.089630652204,0.933535190345,0.000000000000,1.000000000000,0.137185404057,0.990545387609
2023-01-09,0.129663754900,1.333128247490,0.781831482468,0.623489801859,0.154204047563,0.988039023377
2023-01-10,-0.006507237556,-0.889908958596,0.974927912182,-0.222520933956,0.171177059610,0.985240282501
2023-01-11,0.009994580172,-0.278842335105,0.433883739118,-0.900968867902,0.188099417612,0.982149993175
2023-01-12,0.015745651706,0.338589574319,-0.433883739118,-0.900968867902,0.204966113969,0.978769069865
2023-01-13,0.095720185738,0.159058426191,-0.974927912182,-0.222520933956,0.221772157556,0.975098513040
2023-01-14,0.282124866171,1.187108381754,-0.781831482468,0.623489801859,0.238512575194,0.971139408877
2023-01-15,-0.058423713754,-0.715788797643,0.000000000000,1.000000000000,0.255182413123,0.966892928939
2023-01-16,0.030325026271,-0.040338930841,0.781831482468,0.623489801859,0.271776738471,0.962360329828
2023-01-17,-0.029854831131,-0.543894649088,0.974927912182,-0.222520933956,0.288290640710,0.957542952812
2023-01-18,-0.093056423622,0.432388892240,0.433883739118,-0.900968867902,0.304719233109,0.952442223431
2023-01-19,0.027256524821,-0.579640921946,-0.433883739118,-0.900968867902,0.321057654185,0.947059651072
2023-01-20,0.175928788030,0.573655265234,-0.974927912182,-0.222520933956,0.337301069136,0.941396828526
2023-01-21,-0.036692215521,0.317148838257,-0.781831482468,0.623489801859,0.353444671274,0.935455431513
2023-01-22,-0.016170760185,-0.637907026734,0.000000000000,1.000000000000,0.369483683447,0.929237218188
2023-01-23,0.005145746269,-0.163236835491,0.781831482468,0.623489801859,0.385413359454,0.922744028620
2023-01-24,-0.066281667209,-0.043747100333,0.974927912182,-0.222520933956,0.401228985448,0.915977784248
2023-01-25,0.075014261796,0.331280878733,0.433883739118,-0.900968867902,0.416925881329,0.908940487314
2023-01-26,-0.009024559858,-0.364537972136,-0.433883739118,-0.900968867902,0.432499402134,0.901634220265
2023-01-27,0.002344669894,-0.170432055568,-0.974927912182,-0.222520933956,0.447944939408,0.894061145145
2023-01-28,-0.017609833150,-0.332271939886,-0.781831482468,0.623489801859,0.463257922567,0.886223502949
2023-01-29,0.085880140292,0.837291532393,0.000000000000,1.000000000000,0.478433820255,0.878123612959
2023-01-30,-0.087360711747,-0.042836652237,0.781831482468,0.623489801859,0.493468141677,0.869763872065
2023-01-31,0.000259947099,-0.563669055224,0.974927912182,-0.222520933956,0.508356437938,0.861146754048
2023-02-01,0.042535466237,0.467047252022,0.433883739118,-0.900968867902,0.523094303349,0.852274808852
2023-02-02,-0.029572739604,0.032949369156,-0.433883739118,-0.900968867902,0.537677376741,0.843150661828
2023-02-03,0.016992139379,-0.457489243136,-0.974927912182,-0.222520933956,0.552101342746,0.833777012959
2023-02-04,-0.014823194489,-0.693608776529,-0.781831482468,0.623489801859,0.566361933081,0.824156636057
2023-02-05,-0.034485160552,0.586579940836,0.000000000000,1.000000000000,0.580454927809,0.814292377947
2023-02-06,-0.034074863347,-0.251388251123,0.781831482468,0.623489801859,0.594376156585,0.804187157621
2023-02-07,0.049613961940,0.329461628563,0.974927912182,-0.222520933956,0.608121499894,0.793843965378
2023-02-08,-0.028423961462,-0.157778441928,0.433883739118,-0.900968867902,0.621686890267,0.783265861934
2023-02-09,-0.125749406734,0.400727172124,-0.433883739118,-0.900968867902,0.635068313487,0.772455977519
2023-02-10,-0.015870215653,-0.198004171746,-0.974927912182,-0.222520933956,0.648261809776,0.761417510953
2023-02-11,0.034182136433,-0.895552733746,-0.781831482468,0.623489801859,0.661263474966,0.750153728696
2023-02-12,0.031187893727,0.690570965267,0.000000000000,1.000000000000,0.674069461655,0.738667963881
2023-02-13,-0.033109807136,0.263036259328,0.781831482468,0.623489801859,0.686675980345,0.726963615332
2023-02-14,0.048577035299,0.222280978148,0.974927912182,-0.222520933956,0.699079300566,0.715044146554
2023-02-15,0.090150706739,-0.146843314219,0.433883739118,-0.900968867902,0.711275751974,0.702913084708
2023-02-16,-0.069248151098,0.168795314345,-0.433883739118,-0.900968867902,0.723261725444,0.690574019572
2023-02-17,0.038761880867,-0.421272847756,-0.974927912182,-0.222520933956,0.735033674133,0.678030602474
2023-02-18,0.013370635413,-0.448501230410,-0.781831482468,0.623489801859,0.746588114532,0.665286545211
2023-02-19,0.056396492406,0.985701005737,0.000000000000,1.000000000000,0.757921627497,0.652345618957
2023-02-20,0.052563220265,0.384268365776,0.781831482468,0.623489801859,0.769030859259,0.639211653138
2023-02-21,-0.048232679154,-0.455171226223,0.974927912182,-0.222520933956,0.779912522417,0.625888534308
2023-02-22,-0.031234432002,-0.036628240184,0.433883739118,-0.900968867902,0.790563396912,0.612380204990
2023-02-23,-0.011669664620,-0.432410250746,-0.433883739118,-0.900968867902,0.800980330978,0.598690662518
2023-02-24,-0.036114497689,0.055678037489,-0.974927912182,-0.222520933956,0.811160242079,0.584823957846
2023-02-25,-0.023242722926,-0.112377241265,-0.781831482468,0.623489801859,0.821100117813,0.570784194357
2023-02-26,0.032012218202,-0.390464760843,0.000000000000,1.000000000000,0.830797016812,0.556575526641
2023-02-27,-0.024528571394,0.250883788989,0.781831482468,0.623489801859,0.840248069608,0.542202159273
2023-02-28,-0.034803739558,-0.304416740770,0.974927912182,-0.222520933956,0.849450479481,0.527668345563
2023-03-01,0.026566469034,-0.012998631299,0.433883739118,-0.900968867902,0.858401523292,0.512978386299
2023-03-02,-0.023446238402,-0.071731177150,-0.433883739118,-0.900968867902,0.867098552281,0.498136628478
2023-03-03,-0.026994188740,0.416585665417,-0.974927912182,-0.222520933956,0.875538992859,0.483147464015
2023-03-04,-0.020418602593,-0.673912500177,-0.781831482468,0.623489801859,0.883720347362,0.468015328444
2023-03-05,0.000560035032,0.111324435347,0.000000000000,1.000000000000,0.891640194797,0.452744699607
2023-03-06,-0.016512892750,0.131881571954,0.781831482468,0.623489801859,0.899296191553,0.437340096330
2023-03-07,-0.019094622120,0.216512592936,0.974927912182,-0.222520933956,0.906686072098,0.421806077083
2023-03-08,-0.094392753044,0.451959932780,0.433883739118,-0.900968867902,0.913807649647,0.406147238631
2023-03-09,-0.062324513351,0.195012200519,-0.433883739118,-0.900968867902,0.920658816810,0.390368214676
2023-03-10,0.052639339625,0.224552172868,-0.974927912182,-0.222520933956,0.927237546218,0.374473674487
2023-03-11,-0.000976124464,-0.303525538490,-0.781831482468,0.623489801859,0.933541891118,0.358468321512
2023-03-12,0.108298994808,-0.043933170986,0.000000000000,1.000000000000,0.939569985953,0.342356891995
2023-03-13,0.006046535842,0.554477137293,0.781831482468,0.623489801859,0.945320046913,0.326144153564
2023-03-14,0.023903505520,-0.027007198484,0.974927912182,-0.222520933956,0.950790372463,0.309834903832
2023-03-15,-0.081451895544,-0.325003873079,0.433883739118,-0.900968867902,0.955979343844,0.293433968967
2023-03-16,0.022530151956,-0.621412987832,-0.433883739118,-0.900968867902,0.960885425557,0.276946202269
2023-03-17,0.091871907254,0.351623610077,-0.974927912182,-0.222520933956,0.965507165814,0.260376482734
2023-03-18,-0.020231900367,0.236366000606,-0.781831482468,0.623489801859,0.969843196967,0.243729713610
2023-03-19,0.032834127214,-0.508079714067,0.000000000000,1.000000000000,0.973892235915,0.227010820941
2023-03-20,0.012389567732,0.881459142274,0.781831482468,0.623489801859,0.977653084482,0.210224752119
2023-03-21,0.019726306806,-0.431629838223,0.974927912182,-0.222520933956,0.981124629772,0.193376474410
2023-03-22,-0.051612965581,0.133718174361,0.433883739118,-0.900968867902,0.984305844499,0.176470973492
2023-03-23,0.033702869084,-0.426927575981,-0.433883739118,-0.900968867902,0.987195787291,0.159513251973
2023-03-24,-0.071736036331,-0.015423867199,-0.974927912182,-0.222520933956,0.989793602967,0.142508327916
2023-03-25,-0.011292877552,-0.695572842963,-0.781831482468,0.623489801859,0.992098522792,0.125461233353
2023-03-26,0.025537158005,-0.185818965128,0.000000000000,1.000000000000,0.994109864702,0.108377012792
2023-03-27,-0.051547683052,0.461543377424,0.781831482468,0.623489801859,0.995827033510,0.091260721729
2023-03-28,0.027186147274,-0.033797041914,0.974927912182,-0.222520933956,0.997249521077,0.074117425151
2023-03-29,0.030821901091,0.085599808815,0.433883739118,-0.900968867902,0.998376906467,0.056952196034
2023-03-30,-0.026904511733,0.221115619571,-0.433883739118,-0.900968867902,0.999208856068,0.039770113846
2023-03-31,0.029696655671,-0.291844934856,-0.974927912182,-0.222520933956,0.999745123693,0.022576263042
2023-04-01,-0.009246689612,-0.522860060675,-0.781831482468,0.623489801859,0.999985550651,0.005375731558
2023-04-02,-0.021134862078,0.092945991896,0.000000000000,1.000000000000,0.999930065796,-0.011826390692
2023-04-03,-0.004583971713,0.644371496822,0.781831482468,0.623489801859,0.999578685548,-0.029025013322
2023-04-04,0.023283450334,-0.358167085531,0.974927912182,-0.222520933956,0.998931513885,-0.046215046984
2023-04-05,0.001975982434,0.061097657884,0.433883739118,-0.900968867902,0.997988742316,-0.063391404870
2023-04-06,-0.017119798002,-0.378289173355,-0.433883739118,-0.900968867902,0.996750649821,-0.080549004219
2023-04-07,-0.006825147385,-0.259663495338,-0.974927912182,-0.222520933956,0.995217602774,-0.097682767822
2023-04-08,-0.021404391128,0.124468766846,-0.781831482468,0.623489801859,0.993390054826,-0.114787625522
2023-04-09,0.013041453374,-0.242294549037,0.000000000000,1.000000000000,0.991268546779,-0.131858515717
2023-04-10,0.028310082862,0.384706106120,0.781831482468,0.623489801859,0.988853706421,-0.148890386856
2023-04-11,0.097407842626,1.575582029192,0.974927912182,-0.222520933956,0.986146248342,-0.165878198935
2023-04-12,0.041128918582,0.105629338757,0.433883739118,-0.900968867902,0.983146973722,-0.182816924985
2023-04-13,0.018464978949,-0.418627624342,-0.433883739118,-0.900968867902,0.979856770096,-0.199701552566
2023-04-14,0.013836775442,0.080828245421,-0.974927912182,-0.222520933956,0.976276611087,-0.216527085245
2023-04-15,-0.028387343461,-0.816310655187,-0.781831482468,0.623489801859,0.972407556122,-0.233288544075
2023-04-16,0.051893318907,0.206487017576,0.000000000000,1.000000000000,0.968250750117,-0.249980969073
2023-04-17,-0.032177018107,0.524874765541,0.781831482468,0.623489801859,0.963807423137,-0.266599420679
2023-04-18,0.011893890182,-0.481176342812,0.974927912182,-0.222520933956,0.959078890034,-0.283138981228
2023-04-19,-0.090035788909,0.539985543617,0.433883739118,-0.900968867902,0.954066550058,-0.299594756397
2023-04-20,-0.023674277832,-0.239213065304,-0.433883739118,-0.900968867902,0.948771886440,-0.315961876658
2023-04-21,-0.041575885362,-0.296980330995,-0.974927912182,-0.222520933956,0.943196465957,-0.332235498716
2023-04-22,0.024976812780,-0.684865215438,-0.781831482468,0.623489801859,0.937341938464,-0.348410806945
2023-04-23,-0.015528116066,0.242203508576,0.000000000000,1.000000000000,0.931210036412,-0.364483014810
2023-04-24,-0.004155212711,0.131616364230,0.781831482468,0.623489801859,0.924802574329,-0.380447366288
2023-04-25,0.024756807624,0.024975167942,0.974927912182,-0.222520933956,0.918121448284,-0.396299137269
2023-04-26,-0.029821111223,0.629409629719,0.433883739118,-0.900968867902,0.911168635333,-0.412033636959
2023-04-27,0.048474709008,-0.302908491790,-0.433883739118,-0.900968867902,0.903946192922,-0.427646209268
2023-04-28,0.044910343779,0.003986746048,-0.974927912182,-0.222520933956,0.896456258291,-0.443132234183
2023-04-29,-0.007875155670,-0.324491814350,-0.781831482468,0.623489801859,0.888701047829,-0.458487129140
2023-04-30,-0.015255433677,-0.005208118764,0.000000000000,1.000000000000,0.880682856430,-0.473706350380
2023-05-01,-0.037728986111,0.174820959968,0.781831482468,0.623489801859,0.872404056805,-0.488785394289
2023-05-02,0.012580277565,-0.390220154794,0.974927912182,-0.222520933956,0.863867098784,-0.503719798736
2023-05-03,-0.002112093487,0.407065921499,0.433883739118,-0.900968867902,0.855074508590,-0.518505144391
2023-05-04,-0.022193039669,-0.423704404571,-0.433883739118,-0.900968867902,0.846028888092,-0.533137056032
2023-05-05,0.049195257098,0.371711263569,-0.974927912182,-0.222520933956,0.836732914034,-0.547611203840
2023-05-06,-0.038033222779,-0.184426439274,-0.781831482468,0.623489801859,0.827189337246,-0.561923304683
2023-05-07,-0.005935114233,-0.147648236051,0.000000000000,1.000000000000,0.817400981825,-0.576069123380
2023-05-08,-0.055860093923,0.600551871613,0.781831482468,0.623489801859,0.807370744302,-0.590044473955
2023-05-09,0.001266641328,-0.707679634045,0.974927912182,-0.222520933956,0.797101592787,-0.603845220877
2023-05-10,0.012972442159,0.587164430835,0.433883739118,-0.900968867902,0.786596566087,-0.617467280284
2023-05-11,-0.034907875430,-0.264820784414,-0.433883739118,-0.900968867902,0.775858772807,-0.630906621188
2023-05-12,0.032905467608,-0.037364040254,-0.974927912182,-0.222520933956,0.764891390434,-0.644159266672
2023-05-13,-0.002059982895,-0.479245724446,-0.781831482468,0.623489801859,0.753697664393,-0.657221295066
2023-05-14,0.004047462215,-0.196631672771,0.000000000000,1.000000000000,0.742280907087,-0.670088841106
2023-05-15,0.002563885781,0.510228991570,0.781831482468,0.623489801859,0.730644496918,-0.682758097076
2023-05-16,-0.015725677200,-0.095774007709,0.974927912182,-0.222520933956,0.718791877288,-0.695225313941
2023-05-17,0.018635234883,0.001644349911,0.433883739118,-0.900968867902,0.706726555578,-0.707486802450
2023-05-18,-0.034757441323,0.047417556984,-0.433883739118,-0.900968867902,0.694452102109,-0.719538934233
2023-05-19,0.000057737992,-0.676847847214,-0.974927912182,-0.222520933956,0.681972149090,-0.731378142868
2023-05-20,-0.003170865825,-0.208471826179,-0.781831482468,0.623489801859,0.669290389541,-0.743000924944
2023-05-21,-0.033892713320,0.554191237243,0.000000000000,1.000000000000,0.656410576198,-0.754403841093
2023-05-22,-0.003442649408,0.029382721043,0.781831482468,0.623489801859,0.643336520404,-0.765583517008
2023-05-23,0.025320736049,0.176363259510,0.974927912182,-0.222520933956,0.630072090984,-0.776536644443
2023-05-24,-0.041747079379,0.140651324038,0.433883739118,-0.900968867902,0.616621213096,-0.787259982192
2023-05-25,0.001922796348,-0.425933758940,-0.433883739118,-0.900968867902,0.602987867069,-0.797750357046
2023-05-26,0.005503569911,-0.327350133490,-0.974927912182,-0.222520933956,0.589176087232,-0.808004664735
2023-05-27,0.053202737902,0.247920522152,-0.781831482468,0.623489801859,0.575189960712,-0.818019870844
2023-05-28,0.018113542157,0.483712282347,0.000000000000,1.000000000000,0.561033626228,-0.827793011713
2023-05-29,-0.010248639032,-0.244264371486,0.781831482468,0.623489801859,0.546711272869,-0.837321195312
2023-05-30,0.031913055326,0.476115580014,0.974927912182,-0.222520933956,0.532227138847,-0.846601602098
2023-05-31,-0.020418728314,-0.400806406246,0.433883739118,-0.900968867902,0.517585510253,-0.855631485849
2023-06-01,-0.015597232143,-0.163390982636,-0.433883739118,-0.900968867902,0.502790719779,-0.864408174478
2023-06-02,0.036181158773,0.128070564737,-0.974927912182,-0.222520933956,0.487847145442,-0.872929070821
2023-06-03,-0.004811242381,-0.494352902448,-0.781831482468,0.623489801859,0.472759209286,-0.881191653407
2023-06-04,0.030877020784,0.785151775644,0.000000000000,1.000000000000,0.457531376074,-0.889193477207
2023-06-05,-0.083301781432,0.625812041562,0.781831482468,0.623489801859,0.442168151967,-0.896932174351
2023-06-06,0.015982305710,-0.297270965081,0.974927912182,-0.222520933956,0.426674083190,-0.904405454834
2023-06-07,-0.090457489153,-0.122683545286,0.433883739118,-0.900968867902,0.411053754687,-0.911611107193
2023-06-08,0.014660076729,-0.412544472406,-0.433883739118,-0.900968867902,0.395311788765,-0.918546999159
2023-06-09,-0.084360294854,0.583729108861,-0.974927912182,-0.222520933956,0.379452843725,-0.925211078289
2023-06-10,-0.104442145851,0.976574528343,-0.781831482468,0.623489801859,0.363481612483,-0.931601372577
2023-06-11,-0.006235849655,-1.014330376127,0.000000000000,1.000000000000,0.347402821184,-0.937715991030
2023-06-12,-0.023546038718,-0.149526276509,0.781831482468,0.623489801859,0.331221227802,-0.943553124235
2023-06-13,-0.011816458237,-0.054374006875,0.974927912182,-0.222520933956,0.314941620729,-0.949111044890
2023-06-14,-0.036040179419,-0.204760012101,0.433883739118,-0.900968867902,0.298568817364,-0.954388108318
2023-06-15,0.018662933830,0.106626590876,-0.433883739118,-0.900968867902,0.282107662682,-0.959382752949
2023-06-16,0.036507072301,-0.349599200825,-0.974927912182,-0.222520933956,0.265563027804,-0.964093500789
2023-06-17,0.022112049092,-0.119087630743,-0.781831482468,0.623489801859,0.248939808554,-0.968518957851
2023-06-18,-0.013656982039,-0.376901697731,0.000000000000,1.000000000000,0.232242924009,-0.972657814572
2023-06-19,0.040296210513,0.146467633818,0.781831482468,0.623489801859,0.215477315047,-0.976508846197
2023-06-20,0.034379343416,0.483134873049,0.974927912182,-0.222520933956,0.198647942880,-0.980070913143
2023-06-21,0.036697712275,0.297247722030,0.433883739118,-0.900968867902,0.181759787591,-0.983342961339
2023-06-22,-0.036253628990,-0.178719115583,-0.433883739118,-0.900968867902,0.164817846657,-0.986324022532
2023-06-23,0.030004134248,0.257186549464,-0.974927912182,-0.222520933956,0.147827133471,-0.989013214578
2023-06-24,-0.029388887874,-0.395881083279,-0.781831482468,0.623489801859,0.130792675857,-0.991409741702
2023-06-25,0.018946283187,-0.029776439224,0.000000000000,1.000000000000,0.113719514586,-0.993512894734
2023-06-26,-0.042203819091,0.087460806935,0.781831482468,0.623489801859,0.096612701881,-0.995322051316
2023-06-27,0.021261132847,-0.063226701072,0.974927912182,-0.222520933956,0.079477299924,-0.996836676089
2023-06-28,-0.038819645165,0.234194477996,0.433883739118,-0.900968867902,0.062318379354,-0.998056320853
2023-06-29,0.116963057751,0.812264791935,-0.433883739118,-0.900968867902,0.045141017774,-0.998980624694
2023-06-30,0.050291067052,0.417976201164,-0.974927912182,-0.222520933956,0.027950298240,-0.999609314096
2023-07-01,-0.011357865956,-1.164768390405,-0.781831482468,0.623489801859,0.010751307764,-0.999942203020
2023-07-02,0.040369508037,0.352400722876,0.000000000000,1.000000000000,-0.006450864198,-0.999979192959
2023-07-03,-0.011012456273,-0.427608816386,0.781831482468,0.623489801859,-0.023651127245,-0.999720272966
2023-07-04,-0.005070337318,0.062752740732,0.974927912182,-0.222520933956,-0.040844391543,-0.999165519661
2023-07-05,-0.007885689851,-0.281918468729,0.433883739118,-0.900968867902,-0.058025569329,-0.998315097203
2023-07-06,0.038045806076,1.244294868886,-0.433883739118,-0.900968867902,-0.075189576415,-0.997169257247
2023-07-07,0.085230253169,0.089705473468,-0.974927912182,-0.222520933956,-0.092331333695,-0.995728338865
2023-07-08,0.017285584023,-0.353909970626,-0.781831482468,0.623489801859,-0.109445768649,-0.993992768447
2023-07-09,-0.023619882540,-0.538052442781,0.000000000000,1.000000000000,-0.126527816839,-0.991963059577
2023-07-10,-0.001651497470,0.293144002017,0.781831482468,0.623489801859,-0.143572423412,-0.989639812879
2023-07-11,0.035904188286,-0.179782835314,0.974927912182,-0.222520933956,-0.160574544595,-0.987023715839
2023-07-12,-0.005233969197,0.176859016603,0.433883739118,-0.900968867902,-0.177529149187,-0.984115542601
2023-07-13,0.169060505934,1.037173881964,-0.433883739118,-0.900968867902,-0.194431220048,-0.980916153741
2023-07-14,0.026916065742,0.357242288532,-0.974927912182,-0.222520933956,-0.211275755582,-0.977426496010
2023-07-15,0.024227055698,-0.501086360779,-0.781831482468,0.623489801859,-0.228057771222,-0.973647602054
2023-07-16,-0.000265546771,-0.563728818393,0.000000000000,1.000000000000,-0.244772300897,-0.969580590108
2023-07-17,-0.018848548852,0.253994364849,0.781831482468,0.623489801859,-0.261414398511,-0.965226663666
2023-07-18,-0.050691183459,-0.331661006106,0.974927912182,-0.222520933956,-0.277979139399,-0.960587111125
2023-07-19,0.031894019043,-0.144240970851,0.433883739118,-0.900968867902,-0.294461621787,-0.955663305403
2023-07-20,-0.038545159419,0.005069226987,-0.433883739118,-0.900968867902,-0.310856968244,-0.950456703535
2023-07-21,0.006641881542,-0.388933050519,-0.974927912182,-0.222520933956,-0.327160327122,-0.944968846236
2023-07-22,-0.040310093492,-0.202949061024,-0.781831482468,0.623489801859,-0.343366873996,-0.939201357453
2023-07-23,0.009401819725,-0.014082899344,0.000000000000,1.000000000000,-0.359471813088,-0.933155943878
2023-07-24,-0.057559945811,0.397842604551,0.781831482468,0.623489801859,-0.375470378688,-0.926834394446
2023-07-25,-0.004379229376,-0.350597490015,0.974927912182,-0.222520933956,-0.391357836561,-0.920238579805
2023-07-26,0.078367517795,0.685403807466,0.433883739118,-0.900968867902,-0.407129485354,-0.913370451764
2023-07-27,-0.003091585899,-0.291350666582,-0.433883739118,-0.900968867902,-0.422780657983,-0.906232042711
2023-07-28,-0.010110147947,-0.318257324175,-0.974927912182,-0.222520933956,-0.438306723013,-0.898825465016
2023-07-29,0.012880773909,-0.344416389811,-0.781831482468,0.623489801859,-0.453703086031,-0.891152910406
2023-07-30,-0.036741146681,0.320654598557,0.000000000000,1.000000000000,-0.468965191008,-0.883216649313
2023-07-31,-0.022511985069,0.031492615490,0.781831482468,0.623489801859,-0.484088521639,-0.875019030203
2023-08-01,0.011642943063,0.127608732474,0.974927912182,-0.222520933956,-0.499068602689,-0.866562478885
2023-08-02,-0.036191909495,-0.085434596731,0.433883739118,-0.900968867902,-0.513901001309,-0.857849497787
2023-08-03,-0.022266208325,-0.071693460966,-0.433883739118,-0.900968867902,-0.528581328356,-0.848882665221
2023-08-04,0.006936899281,0.043475065168,-0.974927912182,-0.222520933956,-0.543105239683,-0.839664634618
2023-08-05,-0.007106784998,-0.422152090211,-0.781831482468,0.623489801859,-0.557468437433,-0.830198133741
2023-08-06,0.024161671419,0.246267347727,0.000000000000,1.000000000000,-0.571666671303,-0.820485963879
2023-08-07,-0.005056369253,0.098566735257,0.781831482468,0.623489801859,-0.585695739807,-0.810530999019
2023-08-08,0.048359452847,0.337123759887,0.974927912182,-0.222520933956,-0.599551491520,-0.800336184998
2023-08-09,0.006864085816,-0.103290851772,0.433883739118,-0.900968867902,-0.613229826300,-0.789904538622
2023-08-10,0.009574195262,-0.274763147619,-0.433883739118,-0.900968867902,-0.626726696508,-0.779239146786
2023-08-11,-0.001227395662,-0.078277361546,-0.974927912182,-0.222520933956,-0.640038108204,-0.768343165549
2023-08-12,0.013088583610,-0.214610095963,-0.781831482468,0.623489801859,-0.653160122327,-0.757219819208
2023-08-13,-0.027014877656,0.038935263624,0.000000000000,1.000000000000,-0.666088855861,-0.745872399340
2023-08-14,0.036449262228,0.311448899607,0.781831482468,0.623489801859,-0.678820482986,-0.734304263830
2023-08-15,-0.050836877683,0.164876475127,0.974927912182,-0.222520933956,-0.691351236209,-0.722518835873
2023-08-16,-0.046449942753,0.039245877174,0.433883739118,-0.900968867902,-0.703677407479,-0.710519602969
2023-08-17,-0.049513838789,0.341785808118,-0.433883739118,-0.900968867902,-0.715795349283,-0.698310115884
2023-08-18,-0.017399771537,-0.411946803581,-0.974927912182,-0.222520933956,-0.727701475726,-0.685893987600
2023-08-19,0.025156974904,-0.521904755526,-0.781831482468,0.623489801859,-0.739392263596,-0.673274892250
2023-08-20,-0.004845685408,-0.204802504013,0.000000000000,1.000000000000,-0.750864253399,-0.660456564028
2023-08-21,-0.026292608801,0.533805030753,0.781831482468,0.623489801859,-0.762114050389,-0.647442796083
2023-08-22,-0.031698092730,0.117987585426,0.974927912182,-0.222520933956,-0.773138325571,-0.634237439398
2023-08-23,0.054786668610,0.058753712332,0.433883739118,-0.900968867902,-0.783933816683,-0.620844401651
2023-08-24,-0.031385155822,-0.208658258423,-0.433883739118,-0.900968867902,-0.794497329167,-0.607267646057
2023-08-25,-0.030916190250,-0.165710197407,-0.974927912182,-0.222520933956,-0.804825737108,-0.593511190196
2023-08-26,-0.005521846936,-0.658478928241,-0.781831482468,0.623489801859,-0.814915984166,-0.579579104826
2023-08-27,0.024663931897,0.208683451775,0.000000000000,1.000000000000,-0.824765084473,-0.565475512674
2023-08-28,-0.011113629065,0.122364222257,0.781831482468,0.623489801859,-0.834370123523,-0.551204587220
2023-08-29,0.057820783322,0.850737589475,0.974927912182,-0.222520933956,-0.843728259029,-0.536770551461
2023-08-30,-0.044397534125,-0.474193140148,0.433883739118,-0.900968867902,-0.852836721769,-0.522177676660
2023-08-31,-0.054231264515,0.161764041136,-0.433883739118,-0.900968867902,-0.861692816403,-0.507430281083
2023-09-01,-0.020851596543,-0.180686716903,-0.974927912182,-0.222520933956,-0.870293922269,-0.492532728722
2023-09-02,0.008546805680,-0.356333187611,-0.781831482468,0.623489801859,-0.878637494161,-0.477489428003
2023-09-03,0.004351042473,-0.199263595907,0.000000000000,1.000000000000,-0.886721063083,-0.462304830480
2023-09-04,-0.004060487589,0.290400414233,0.781831482468,0.623489801859,-0.894542236976,-0.446983429520
2023-09-05,0.038875454371,0.565534178712,0.974927912182,-0.222520933956,-0.902098701430,-0.431529758971
2023-09-06,-0.032708642400,-0.211055540200,0.433883739118,-0.900968867902,-0.909388220365,-0.415948391825
2023-09-07,0.013691231188,-0.257470036654,-0.433883739118,-0.900968867902,-0.916408636694,-0.400243938857
2023-09-08,-0.014761355971,-0.101152636040,-0.974927912182,-0.222520933956,-0.923157872965,-0.384421047269
2023-09-09,-0.007835753700,-0.765352712160,-0.781831482468,0.623489801859,-0.929633931968,-0.368484399308
2023-09-10,-0.063544064680,1.630900102040,0.000000000000,1.000000000000,-0.935834897335,-0.352438710885
2023-09-11,-0.028326033946,-0.314376986361,0.781831482468,0.623489801859,-0.941758934099,-0.336288730177
2023-09-12,0.010690646219,-0.050811554989,0.974927912182,-0.222520933956,-0.947404289244,-0.320039236223
2023-09-13,0.026048063932,-0.012974418126,0.433883739118,-0.900968867902,-0.952769292217,-0.303695037511
2023-09-14,0.023378684528,-0.020818195276,-0.433883739118,-0.900968867902,-0.957852355428,-0.287260970551
2023-09-15,0.017393891620,-0.532164411274,-0.974927912182,-0.222520933956,-0.962651974716,-0.270741898448
2023-09-16,-0.001486577785,-0.337122105230,-0.781831482468,0.623489801859,-0.967166729798,-0.254142709461
2023-09-17,-0.016261847369,-0.263079657157,0.000000000000,1.000000000000,-0.971395284684,-0.237468315558
2023-09-18,0.042908165841,1.032723091406,0.781831482468,0.623489801859,-0.975336388077,-0.220723650961
2023-09-19,0.019094039826,-0.219593613480,0.974927912182,-0.222520933956,-0.978988873741,-0.203913670683
2023-09-20,0.013324031480,-0.085001226789,0.433883739118,-0.900968867902,-0.982351660847,-0.187043349070
2023-09-21,-0.041523486449,0.084662030144,-0.433883739118,-0.900968867902,-0.985423754292,-0.170117678320
2023-09-22,-0.002103233458,-0.395657366998,-0.974927912182,-0.222520933956,-0.988204244994,-0.153141667013
2023-09-23,0.001837938827,-0.562316254675,-0.781831482468,0.623489801859,-0.990692310162,-0.136120338623
2023-09-24,-0.005128341755,0.169625266176,0.000000000000,1.000000000000,-0.992887213536,-0.119058730034
2023-09-25,0.001539516235,0.350705555588,0.781831482468,0.623489801859,-0.994788305609,-0.101961890052
2023-09-26,-0.019822618929,0.038043327458,0.974927912182,-0.222520933956,-0.996395023819,-0.084834877906
2023-09-27,0.005595085255,0.211954565585,0.433883739118,-0.900968867902,-0.997706892710,-0.067682761755
2023-09-28,0.042351929223,0.071395743444,-0.433883739118,-0.900968867902,-0.998723524080,-0.050510617185
2023-09-29,0.017042304257,-0.028659633006,-0.974927912182,-0.222520933956,-0.999444617092,-0.033323525712
2023-09-30,0.052510966218,0.404345177722,-0.781831482468,0.623489801859,-0.999869958362,-0.016126573271
2023-10-01,0.108053330520,0.660941766191,0.000000000000,1.000000000000,-0.999999422025,0.001075151283
2023-10-02,-0.019691565242,0.032369721475,0.781831482468,0.623489801859,-0.999832969770,0.018276557682
2023-10-03,0.007714321428,-0.007002520764,0.974927912182,-0.222520933956,-0.999370650854,0.035472555753
2023-10-04,-0.017470657992,-0.420246632871,0.433883739118,-0.900968867902,-0.998612602084,0.052658056925
2023-10-05,-0.019662761908,-0.172405884503,-0.433883739118,-0.900968867902,-0.997559047779,0.069827975730
2023-10-06,0.031673705584,0.108428621174,-0.974927912182,-0.222520933956,-0.996210299702,0.086977231314
2023-10-07,-0.005872273909,-0.369034673716,-0.781831482468,0.623489801859,-0.994566756971,0.104100748935
2023-10-08,-0.001756850402,-0.378525174530,0.000000000000,1.000000000000,-0.992628905935,0.121193461471
2023-10-09,-0.049741689034,0.627099063147,0.781831482468,0.623489801859,-0.990397320035,0.138250310911
2023-10-10,-0.000600624787,-0.392486950820,0.974927912182,-0.222520933956,-0.987872659635,0.155266249860
2023-10-11,-0.004429419574,0.145785824086,0.433883739118,-0.900968867902,-0.985055671822,0.172236243028
2023-10-12,-0.032659987490,0.015636154785,-0.433883739118,-0.900968867902,-0.981947190187,0.189155268720
2023-10-13,0.024790725902,-0.050870285914,-0.974927912182,-0.222520933956,-0.978548134580,0.206018320325
2023-10-14,0.008064593164,-0.436628459981,-0.781831482468,0.623489801859,-0.974859510837,0.222820407795
2023-10-15,-0.004083024745,0.027974418892,0.000000000000,1.000000000000,-0.970882410481,0.239556559121
2023-10-16,0.089851530864,1.401476479124,0.781831482468,0.623489801859,-0.966618010400,0.256221821807
2023-10-17,-0.000986172658,-0.333107633278,0.974927912182,-0.222520933956,-0.962067572498,0.272811264334
2023-10-18,-0.022248797660,-0.362106347517,0.433883739118,-0.900968867902,-0.957232443323,0.289319977619
2023-10-19,0.062281003448,0.603832176273,-0.433883739118,-0.900968867902,-0.952114053668,0.305743076467
2023-10-20,0.080693761739,0.317382709325,-0.974927912182,-0.222520933956,-0.946713918146,0.322075701021
2023-10-21,0.083442865343,0.242343626291,-0.781831482468,0.623489801859,-0.941033634745,0.338313018192
2023-10-22,-0.011966216655,-0.556577557562,0.000000000000,1.000000000000,-0.935074884352,0.354450223099
2023-10-23,0.092508362692,0.865886983973,0.781831482468,0.623489801859,-0.928839430256,0.370482540482
2023-10-24,-0.054832395986,-0.086616328276,0.974927912182,-0.222520933956,-0.922329117629,0.386405226121
2023-10-25,0.073867117077,0.005734926029,0.433883739118,-0.900968867902,-0.915545872978,0.402213568237
2023-10-26,0.009578075009,-0.362053290019,-0.433883739118,-0.900968867902,-0.908491703573,0.417902888887
2023-10-27,-0.032112877298,-0.153824994517,-0.974927912182,-0.222520933956,-0.901168696856,0.433468545349
2023-10-28,-0.002725223145,-0.828040377428,-0.781831482468,0.623489801859,-0.893579019824,0.448905931494
2023-10-29,0.036274585103,0.288449554127,0.000000000000,1.000000000000,-0.885724918384,0.464210479152
2023-10-30,0.063153835384,0.773166624468,0.781831482468,0.623489801859,-0.877608716690,0.479377659461
2023-10-31,0.096893611216,0.360298591586,0.974927912182,-0.222520933956,-0.869232816457,0.494402984208
2023-11-01,0.073601326196,0.833886364259,0.433883739118,-0.900968867902,-0.860599696250,0.509282007157
2023-11-02,-0.030711083391,-0.340212709042,-0.433883739118,-0.900968867902,-0.851711910747,0.524010325368
2023-11-03,-0.017254461203,-0.386206605329,-0.974927912182,-0.222520933956,-0.842572089987,0.538583580492
2023-11-04,0.069087231172,-0.188620454559,-0.781831482468,0.623489801859,-0.833182938589,0.552997460070
2023-11-05,-0.026513282696,-0.496723758648,0.000000000000,1.000000000000,-0.823547234956,0.567247698803
2023-11-06,0.021351847015,0.132735945044,0.781831482468,0.623489801859,-0.813667830446,0.581330079815
2023-11-07,0.022623403186,0.566313733700,0.974927912182,-0.222520933956,-0.803547648534,0.595240435904
2023-11-08,0.002256391788,-0.567582923631,0.433883739118,-0.900968867902,-0.793189683945,0.608974650772
2023-11-09,0.050892625717,1.031413326609,-0.433883739118,-0.900968867902,-0.782597001768,0.622528660243
2023-11-10,0.220284440172,0.293189424892,-0.974927912182,-0.222520933956,-0.771772736547,0.635898453468
2023-11-11,-0.009600212751,0.097281546176,-0.781831482468,0.623489801859,-0.760720091356,0.649080074110
2023-11-12,0.000916423772,-0.336630844620,0.000000000000,1.000000000000,-0.749442336852,0.662069621515
2023-11-13,-0.078645030671,-0.015066561229,0.781831482468,0.623489801859,-0.737942810303,0.674863251868
2023-11-14,0.090757075382,0.082457590533,0.974927912182,-0.222520933956,-0.726224914604,0.687457179327
2023-11-15,0.142363494550,0.171624245598,0.433883739118,-0.900968867902,-0.714292117269,0.699847677146
2023-11-16,-0.124351855157,0.033352626597,-0.433883739118,-0.900968867902,-0.702147949405,0.712031078779
2023-11-17,0.009365366241,-0.208161882682,-0.974927912182,-0.222520933956,-0.689796004666,0.724003778959
2023-11-18,0.001655545094,-0.494711315842,-0.781831482468,0.623489801859,-0.677239938191,0.735762234774
2023-11-19,0.048060653125,0.028591448576,0.000000000000,1.000000000000,-0.664483465523,0.747302966705
2023-11-20,-0.082465654127,-0.031172942014,0.781831482468,0.623489801859,-0.651530361507,0.758622559666
2023-11-21,-0.083586450009,0.231060581004,0.974927912182,-0.222520933956,-0.638384459175,0.769717664007
2023-11-22,0.102071090431,-0.206414572971,0.433883739118,-0.900968867902,-0.625049648610,0.780584996507
2023-11-23,-0.017326067953,-0.364359995574,-0.433883739118,-0.900968867902,-0.611529875799,0.791221341348
2023-11-24,0.004707519668,-0.185008038038,-0.974927912182,-0.222520933956,-0.597829141459,0.801623551065
2023-11-25,0.034226813696,0.032143703327,-0.781831482468,0.623489801859,-0.583951499858,0.811788547476
2023-11-26,-0.020668555076,-0.306659568973,0.000000000000,1.000000000000,-0.569901057613,0.821713322596
2023-11-27,-0.045756193589,0.351241540059,0.781831482468,0.623489801859,-0.555681972476,0.831394939523
2023-11-28,0.055281196995,0.131923612639,0.974927912182,-0.222520933956,-0.541298452104,0.840830533312
2023-11-29,0.017979349739,0.318160115912,0.433883739118,-0.900968867902,-0.526754752811,0.850017311819
2023-11-30,-0.000143584253,-0.429234107112,-0.433883739118,-0.900968867902,-0.512055178311,0.858952556527
2023-12-01,0.009448114069,0.085511851922,-0.974927912182,-0.222520933956,-0.497204078447,0.867633623355
2023-12-02,0.065195590878,-0.022287185097,-0.781831482468,0.623489801859,-0.482205847896,0.876057943434
2023-12-03,-0.012499174270,0.016610256155,0.000000000000,1.000000000000,-0.467064924877,0.884223023874
2023-12-04,-0.024299067715,0.479845871697,0.781831482468,0.623489801859,-0.451785789833,0.892126448495
2023-12-05,-0.008680723471,-0.267028493333,0.974927912182,-0.222520933956,-0.436372964105,0.899765878548
2023-12-06,0.014778839674,0.582082765824,0.433883739118,-0.900968867902,-0.420831008596,0.907139053401
2023-12-07,0.091552033949,-0.009460268586,-0.433883739118,-0.900968867902,-0.405164522421,0.914243791213
2023-12-08,0.100400565470,0.185028544030,-0.974927912182,-0.222520933956,-0.389378141545,0.921077989579
2023-12-09,-0.037282961552,-0.222078984055,-0.781831482468,0.623489801859,-0.373476537413,0.927639626149
2023-12-10,0.033321293655,-0.447538425207,0.000000000000,1.000000000000,-0.357464415565,0.933926759229
2023-12-11,-0.059832044452,0.701443537343,0.781831482468,0.623489801859,-0.341346514245,0.939937528356
2023-12-12,-0.026299414405,-0.454892570213,0.974927912182,-0.222520933956,-0.325127603000,0.945670154847
2023-12-13,0.031976433957,0.020145400294,0.433883739118,-0.900968867902,-0.308812481266,0.951122942324
2023-12-14,0.066321302526,0.020629019102,-0.433883739118,-0.900968867902,-0.292405976951,0.956294277220
2023-12-15,-0.043947307499,0.135063068801,-0.974927912182,-0.222520933956,-0.275912945003,0.961182629254
2023-12-16,0.015146973757,-0.459508782019,-0.781831482468,0.623489801859,-0.259338265975,0.965786551884
2023-12-17,-0.034237655315,-0.137931450060,0.000000000000,1.000000000000,-0.242686844583,0.970104682736
2023-12-18,0.046058294987,0.385203497069,0.781831482468,0.623489801859,-0.225963608248,0.974135744005
2023-12-19,-0.018426198634,-0.182678647685,0.974927912182,-0.222520933956,-0.209173505646,0.977878542834
2023-12-20,0.118729334395,0.678304214726,0.433883739118,-0.900968867902,-0.192321505239,0.981331971670
2023-12-21,0.132700426866,0.229386201960,-0.433883739118,-0.900968867902,-0.175412593804,0.984495008588
2023-12-22,0.043256116173,0.114717055523,-0.974927912182,-0.222520933956,-0.158451774961,0.987366717594
2023-12-23,0.093361869985,-0.289126013055,-0.781831482468,0.623489801859,-0.141444067688,0.989946248902
2023-12-24,0.044454756157,0.475301399687,0.000000000000,1.000000000000,-0.124394504840,0.992232839189
2023-12-25,0.074178455163,-0.067205109038,0.781831482468,0.623489801859,-0.107308131656,0.994225811816
2023-12-26,-0.072477273077,0.027486936534,0.974927912182,-0.222520933956,-0.090190004270,0.995924577029
2023-12-27,-0.051471763034,-0.360048266224,0.433883739118,-0.900968867902,-0.073045188211,0.997328632136
2023-12-28,-0.047053733686,0.051306251531,-0.433883739118,-0.900968867902,-0.055878756905,0.998437561657
2023-12-29,0.040376143241,-0.010477817145,-0.974927912182,-0.222520933956,-0.038695790177,0.999251037439
2023-12-30,-0.042920726895,-0.869675833393,-0.781831482468,0.623489801859,-0.021501372741,0.999768818763
2023-12-31,-0.003336736844,-0.063450611589,0.000000000000,1.000000000000,-0.004300592703,0.999990752408
2024-01-01,0.075887687239,0.210196928945,0.781831482468,0.623489801859,0.017201575418,0.999852041956
2024-01-02,-0.026815064280,0.561238329468,0.974927912182,-0.222520933956,0.034398060614,0.999408211606
2024-01-03,-0.078173935253,0.369415574145,0.433883739118,-0.900968867902,0.051584366869,0.998668640288
2024-01-04,0.063683693822,-0.514061326260,-0.433883739118,-0.900968867902,0.068755408481,0.997633546852
2024-01-05,-0.049740464041,-0.079661274114,-0.974927912182,-0.222520933956,0.085906104261,0.996303237599
2024-01-06,-0.063178053916,-0.301316394103,-0.781831482468,0.623489801859,0.103031379043,0.994678106189
2024-01-07,-0.050043461082,0.023060269216,0.000000000000,1.000000000000,0.120126165182,0.992758633525
2024-01-08,0.091090305402,0.595993089909,0.781831482468,0.623489801859,0.137185404057,0.990545387609
2024-01-09,0.016417680398,-0.020022773065,0.974927912182,-0.222520933956,0.154204047563,0.988039023377
2024-01-10,0.026051949451,0.035313329700,0.433883739118,-0.900968867902,0.171177059610,0.985240282501
2024-01-11,-0.021032320033,-0.010107473254,-0.433883739118,-0.900968867902,0.188099417612,0.982149993175
2024-01-12,-0.085513796714,-0.374987424991,-0.974927912182,-0.222520933956,0.204966113969,0.978769069865
2024-01-13,0.042781872375,-0.422446988545,-0.781831482468,0.623489801859,0.221772157556,0.975098513040
2024-01-14,-0.016822073091,0.375318707283,0.000000000000,1.000000000000,0.238512575194,0.971139408877
2024-01-15,0.003786239354,-0.443807592814,0.781831482468,0.623489801859,0.255182413123,0.966892928939
2024-01-16,0.032656815149,0.028475917031,0.974927912182,-0.222520933956,0.271776738471,0.962360329828
2024-01-17,0.044442911367,0.578054595258,0.433883739118,-0.900968867902,0.288290640710,0.957542952812
2024-01-18,-0.079635190150,-0.181984726368,-0.433883739118,-0.900968867902,0.304719233109,0.952442223431
2024-01-19,-0.009217689437,-0.020114083737,-0.974927912182,-0.222520933956,0.321057654185,0.947059651072
2024-01-20,-0.008779874389,-0.781371939720,-0.781831482468,0.623489801859,0.337301069136,0.941396828526
2024-01-21,-0.018770818589,-0.296990354670,0.000000000000,1.000000000000,0.353444671274,0.935455431513
2024-01-22,-0.082876228309,1.090158389988,0.781831482468,0.623489801859,0.369483683447,0.929237218188
2024-01-23,0.007763060660,0.116233596970,0.974927912182,-0.222520933956,0.385413359454,0.922744028620
2024-01-24,0.051541307542,-0.239950176970,0.433883739118,-0.900968867902,0.401228985448,0.915977784248
2024-01-25,-0.020986802468,-0.340197587870,-0.433883739118,-0.900968867902,0.416925881329,0.908940487314
2024-01-26,0.061951497017,0.191435837083,-0.974927912182,-0.222520933956,0.432499402134,0.901634220265
2024-01-27,0.018444216280,-0.478309409045,-0.781831482468,0.623489801859,0.447944939408,0.894061145145
2024-01-28,0.018672334675,0.657691506808,0.000000000000,1.000000000000,0.463257922567,0.886223502949
2024-01-29,0.057013439487,0.071301193089,0.781831482468,0.623489801859,0.478433820255,0.878123612959
2024-01-30,-0.000922863835,0.245008147508,0.974927912182,-0.222520933956,0.493468141677,0.869763872065
2024-01-31,-0.044785615445,0.136402144944,0.433883739118,-0.900968867902,0.508356437938,0.861146754048
2024-02-01,0.008395008507,-0.256522870690,-0.433883739118,-0.900968867902,0.523094303349,0.852274808852
2024-02-02,0.026163807309,-0.136799857363,-0.974927912182,-0.222520933956,0.537677376741,0.843150661828
2024-02-03,-0.025823669223,-0.645876863789,-0.781831482468,0.623489801859,0.552101342746,0.833777012959
2024-02-04,-0.024857100866,-0.034083063544,0.000000000000,1.000000000000,0.566361933081,0.824156636057
2024-02-05,0.000750695675,0.226324511970,0.781831482468,0.623489801859,0.580454927809,0.814292377947
2024-02-06,0.013642099965,0.038783872488,0.974927912182,-0.222520933956,0.594376156585,0.804187157621
2024-02-07,0.041637583669,0.019577628198,0.433883739118,-0.900968867902,0.608121499894,0.793843965378
2024-02-08,0.017730291342,0.277661338214,-0.433883739118,-0.900968867902,0.621686890267,0.783265861934
2024-02-09,0.039559972431,0.220424858650,-0.974927912182,-0.222520933956,0.635068313487,0.772455977519
2024-02-10,0.020347702865,-0.440395403546,-0.781831482468,0.623489801859,0.648261809776,0.761417510953
2024-02-11,-0.015106313243,-0.292804233289,0.000000000000,1.000000000000,0.661263474966,0.750153728696
2024-02-12,0.040987169128,0.659744909958,0.781831482468,0.623489801859,0.674069461655,0.738667963881
2024-02-13,0.005223773748,0.021926396750,0.974927912182,-0.222520933956,0.686675980345,0.726963615332
2024-02-14,0.038313643013,-0.124950238469,0.433883739118,-0.900968867902,0.699079300566,0.715044146554
2024-02-15,-0.028413365229,0.033007714661,-0.433883739118,-0.900968867902,0.711275751974,0.702913084708
2024-02-16,-0.029032260986,-0.251817839945,-0.974927912182,-0.222520933956,0.723261725444,0.690574019572
2024-02-17,-0.013324713019,-0.337748382739,-0.781831482468,0.623489801859,0.735033674133,0.678030602474
2024-02-18,0.028856021376,0.101033788246,0.000000000000,1.000000000000,0.746588114532,0.665286545211
2024-02-19,-0.006164253644,0.224858629998,0.781831482468,0.623489801859,0.757921627497,0.652345618957
2024-02-20,-0.027514873998,0.336042810708,0.974927912182,-0.222520933956,0.769030859259,0.639211653138
2024-02-21,-0.031225903897,-0.167654248432,0.433883739118,-0.900968867902,0.779912522417,0.625888534308
2024-02-22,-0.033421992777,-0.204870969244,-0.433883739118,-0.900968867902,0.790563396912,0.612380204990
2024-02-23,-0.017013180284,-0.210404145905,-0.974927912182,-0.222520933956,0.800980330978,0.598690662518
2024-02-24,0.040956891509,-0.313935852947,-0.781831482468,0.623489801859,0.811160242079,0.584823957846
2024-02-25,-0.006551789967,-0.175005119397,0.000000000000,1.000000000000,0.821100117813,0.570784194357
2024-02-26,0.060617333842,0.942440004126,0.781831482468,0.623489801859,0.830797016812,0.556575526641
2024-02-27,-0.014021324712,0.154341255964,0.974927912182,-0.222520933956,0.840248069608,0.542202159273
2024-02-28,0.085408741656,0.613219503096,0.433883739118,-0.900968867902,0.849450479481,0.527668345563
2024-02-29,0.062862834750,0.323440392062,-0.433883739118,-0.900968867902,0.858401523292,0.512978386299
2024-03-01,0.033470881699,-0.382073250167,-0.974927912182,-0.222520933956,0.867098552281,0.498136628478
2024-03-02,-0.002235139112,-0.548081563402,-0.781831482468,0.623489801859,0.875538992859,0.483147464015
2024-03-03,0.005771175926,0.047661601816,0.000000000000,1.000000000000,0.883720347362,0.468015328444
2024-03-04,0.020814411695,0.432078747540,0.781831482468,0.623489801859,0.891640194797,0.452744699607
2024-03-05,-0.057859565450,0.706687665928,0.974927912182,-0.222520933956,0.899296191553,0.437340096330
2024-03-06,0.039274564202,-0.556680811216,0.433883739118,-0.900968867902,0.906686072098,0.421806077083
2024-03-07,0.096433468336,0.323316080386,-0.433883739118,-0.900968867902,0.913807649647,0.406147238631
2024-03-08,0.008728260224,-0.261537789321,-0.974927912182,-0.222520933956,0.920658816810,0.390368214676
2024-03-09,-0.004366319848,-0.619593130274,-0.781831482468,0.623489801859,0.927237546218,0.374473674487
2024-03-10,-0.000636903434,0.145477643564,0.000000000000,1.000000000000,0.933541891118,0.358468321512
2024-03-11,0.028888935747,0.457347105674,0.781831482468,0.623489801859,0.939569985953,0.342356891995
2024-03-12,0.015108588838,0.175061752070,0.974927912182,-0.222520933956,0.945320046913,0.326144153564
2024-03-13,0.081507106123,-0.080514236663,0.433883739118,-0.900968867902,0.950790372463,0.309834903832
2024-03-14,0.075449561537,0.350318589983,-0.433883739118,-0.900968867902,0.955979343844,0.293433968967
2024-03-15,0.034954426307,0.517475049073,-0.974927912182,-0.222520933956,0.960885425557,0.276946202269
2024-03-16,-0.005944188269,-0.178100647019,-0.781831482468,0.623489801859,0.965507165814,0.260376482734
2024-03-17,0.105530220151,-0.081023672691,0.000000000000,1.000000000000,0.969843196967,0.243729713610
2024-03-18,-0.030801542300,0.023752405797,0.781831482468,0.623489801859,0.973892235915,0.227010820941
2024-03-19,-0.142183475533,0.045712555592,0.974927912182,-0.222520933956,0.977653084482,0.210224752119
2024-03-20,0.119252691782,-0.295718442652,0.433883739118,-0.900968867902,0.981124629772,0.193376474410
2024-03-21,-0.066528615470,-0.435095280503,-0.433883739118,-0.900968867902,0.984305844499,0.176470973492
2024-03-22,-0.027474883783,-0.301895493453,-0.974927912182,-0.222520933956,0.987195787291,0.159513251973
2024-03-23,-0.008416977720,-0.425802182361,-0.781831482468,0.623489801859,0.989793602967,0.142508327916
2024-03-24,0.059888472924,-0.018743051256,0.000000000000,1.000000000000,0.992098522792,0.125461233353
2024-03-25,0.029574046335,0.423991042099,0.781831482468,0.623489801859,0.994109864702,0.108377012792
2024-03-26,0.008511838597,-0.144268172651,0.974927912182,-0.222520933956,0.995827033510,0.091260721729
2024-03-27,-0.023012625988,0.088257702599,0.433883739118,-0.900968867902,0.997249521077,0.074117425151
2024-03-28,0.017342503547,-0.278474278272,-0.433883739118,-0.900968867902,0.998376906467,0.056952196034
2024-03-29,0.013651258830,0.040600331665,-0.974927912182,-0.222520933956,0.999208856068,0.039770113846
2024-03-30,0.011161613351,-0.010512881051,-0.781831482468,0.623489801859,0.999745123693,0.022576263042
2024-03-31,0.042742212486,-0.247298419996,0.000000000000,1.000000000000,0.999985550651,0.005375731558
2024-04-01,-0.052137307716,0.502819821072,0.781831482468,0.623489801859,0.999930065796,-0.011826390692
2024-04-02,-0.061000159086,0.161941160947,0.974927912182,-0.222520933956,0.999578685548,-0.029025013322
2024-04-03,0.022250496707,-0.090241374059,0.433883739118,-0.900968867902,0.998931513885,-0.046215046984
2024-04-04,-0.006990674820,-0.014319340267,-0.433883739118,-0.900968867902,0.997988742316,-0.063391404870
2024-04-05,-0.052774695329,0.589979089638,-0.974927912182,-0.222520933956,0.996750649821,-0.080549004219
2024-04-06,0.024979358301,-0.459479074352,-0.781831482468,0.623489801859,0.995217602774,-0.097682767822
2024-04-07,0.004096958405,-0.924011639312,0.000000000000,1.000000000000,0.993390054826,-0.114787625522
2024-04-08,0.006297518967,0.391781319534,0.781831482468,0.623489801859,0.991268546779,-0.131858515717
2024-04-09,-0.047410876725,-0.020686738013,0.974927912182,-0.222520933956,0.988853706421,-0.148890386856
2024-04-10,0.005920154732,0.218322335025,0.433883739118,-0.900968867902,0.986146248342,-0.165878198935
2024-04-11,-0.004976647611,-0.209380364463,-0.433883739118,-0.900968867902,0.983146973722,-0.182816924985
2024-04-12,-0.116257162070,0.555520329759,-0.974927912182,-0.222520933956,0.979856770096,-0.199701552566
2024-04-13,-0.097653583862,0.641312817883,-0.781831482468,0.623489801859,0.976276611087,-0.216527085245
2024-04-14,0.082235977271,-0.233003546034,0.000000000000,1.000000000000,0.972407556122,-0.233288544075
2024-04-15,-0.088232525126,-0.221271465209,0.781831482468,0.623489801859,0.968250750117,-0.249980969073
2024-04-16,-0.016225913437,-0.100190289408,0.974927912182,-0.222520933956,0.963807423137,-0.266599420679
2024-04-17,-0.032919033638,-0.053282476025,0.433883739118,-0.900968867902,0.959078890034,-0.283138981228
2024-04-18,0.074619529461,-0.153344650186,-0.433883739118,-0.900968867902,0.954066550058,-0.299594756397
2024-04-19,0.004200685185,0.334201182927,-0.974927912182,-0.222520933956,0.948771886440,-0.315961876658
2024-04-20,0.057556112071,-0.739600284643,-0.781831482468,0.623489801859,0.943196465957,-0.332235498716
2024-04-21,-0.016843141965,-0.234406419575,0.000000000000,1.000000000000,0.937341938464,-0.348410806945
2024-04-22,0.055123827373,0.291326334787,0.781831482468,0.623489801859,0.931210036412,-0.364483014810
2024-04-23,-0.014948415386,-0.073220875478,0.974927912182,-0.222520933956,0.924802574329,-0.380447366288
2024-04-24,-0.046007405906,0.357383522106,0.433883739118,-0.900968867902,0.918121448284,-0.396299137269
2024-04-25,-0.019499346486,-0.067689090351,-0.433883739118,-0.900968867902,0.911168635333,-0.412033636959
2024-04-26,-0.040765171870,-0.359824489792,-0.974927912182,-0.222520933956,0.903946192922,-0.427646209268
2024-04-27,0.015584340306,-0.077499561587,-0.781831482468,0.623489801859,0.896456258291,-0.443132234183
2024-04-28,-0.024595965456,-0.191783826581,0.000000000000,1.000000000000,0.888701047829,-0.458487129140
2024-04-29,-0.000578723679,0.229735367707,0.781831482468,0.623489801859,0.880682856430,-0.473706350380
2024-04-30,-0.081740545552,0.323753933641,0.974927912182,-0.222520933956,0.872404056805,-0.488785394289
2024-05-01,0.058621835341,0.193901601954,0.433883739118,-0.900968867902,0.863867098784,-0.503719798736
2024-05-02,0.023393222216,-0.201928874352,-0.433883739118,-0.900968867902,0.855074508590,-0.518505144391
2024-05-03,0.042324094945,-0.049461366436,-0.974927912182,-0.222520933956,0.846028888092,-0.533137056032
2024-05-04,0.016298677823,-0.053234362456,-0.781831482468,0.623489801859,0.836732914034,-0.547611203840
2024-05-05,-0.002892106585,-0.404808224366,0.000000000000,1.000000000000,0.827189337246,-0.561923304683
2024-05-06,0.047506449289,0.363549884708,0.781831482468,0.623489801859,0.817400981825,-0.576069123380
2024-05-07,-0.031026123983,-0.085289150017,0.974927912182,-0.222520933956,0.807370744302,-0.590044473955
2024-05-08,-0.040218919199,-0.071470321973,0.433883739118,-0.900968867902,0.797101592787,-0.603845220877
2024-05-09,0.071556157349,-0.106315682174,-0.433883739118,-0.900968867902,0.786596566087,-0.617467280284
2024-05-10,-0.044365528031,0.093993715977,-0.974927912182,-0.222520933956,0.775858772807,-0.630906621188
2024-05-11,-0.006191649398,-0.686731168239,-0.781831482468,0.623489801859,0.764891390434,-0.644159266672
2024-05-12,-0.012419448596,-0.283534749830,0.000000000000,1.000000000000,0.753697664393,-0.657221295066
2024-05-13,0.025871316986,1.003946127504,0.781831482468,0.623489801859,0.742280907087,-0.670088841106
2024-05-14,-0.036310292348,0.011633034475,0.974927912182,-0.222520933956,0.730644496918,-0.682758097076
2024-05-15,0.107735706483,0.326781452039,0.433883739118,-0.900968867902,0.718791877288,-0.695225313941
2024-05-16,0.005859561955,-0.024688680106,-0.433883739118,-0.900968867902,0.706726555578,-0.707486802450
2024-05-17,0.063396779330,-0.036954423463,-0.974927912182,-0.222520933956,0.694452102109,-0.719538934233
2024-05-18,0.017590966959,-0.307194477090,-0.781831482468,0.623489801859,0.681972149090,-0.731378142868
2024-05-19,-0.014288430933,-0.075176402420,0.000000000000,1.000000000000,0.669290389541,-0.743000924944
2024-05-20,0.092205441330,0.701094326476,0.781831482468,0.623489801859,0.656410576198,-0.754403841093
2024-05-21,-0.046105247662,-0.014872293311,0.974927912182,-0.222520933956,0.643336520404,-0.765583517008
2024-05-22,-0.007073002360,-0.175320471373,0.433883739118,-0.900968867902,0.630072090984,-0.776536644443
2024-05-23,-0.004959673120,0.288773269362,-0.433883739118,-0.900968867902,0.616621213096,-0.787259982192
2024-05-24,-0.047648746243,-0.242954739255,-0.974927912182,-0.222520933956,0.602987867069,-0.797750357046
2024-05-25,0.003811133108,-0.760945803417,-0.781831482468,0.623489801859,0.589176087232,-0.808004664735
2024-05-26,-0.030664889733,0.304972669945,0.000000000000,1.000000000000,0.575189960712,-0.818019870844
2024-05-27,0.039875041442,0.076250467053,0.781831482468,0.623489801859,0.561033626228,-0.827793011713
2024-05-28,-0.007945136160,0.196712585471,0.974927912182,-0.222520933956,0.546711272869,-0.837321195312
2024-05-29,-0.003434101273,-0.158459624638,0.433883739118,-0.900968867902,0.532227138847,-0.846601602098
2024-05-30,-0.006543215201,0.027598334419,-0.433883739118,-0.900968867902,0.517585510253,-0.855631485849
2024-05-31,-0.008050338623,-0.193712516994,-0.974927912182,-0.222520933956,0.502790719779,-0.864408174478
2024-06-01,0.002369594459,-0.824878058201,-0.781831482468,0.623489801859,0.487847145442,-0.872929070821
2024-06-02,-0.016890323983,0.388937031593,0.000000000000,1.000000000000,0.472759209286,-0.881191653407
2024-06-03,0.010199291750,0.334326052698,0.781831482468,0.623489801859,0.457531376074,-0.889193477207
2024-06-04,0.040860719120,-0.058945281032,0.974927912182,-0.222520933956,0.442168151967,-0.896932174351
2024-06-05,0.009736875781,0.156406752335,0.433883739118,-0.900968867902,0.426674083190,-0.904405454834
2024-06-06,-0.020185249186,-0.202209140433,-0.433883739118,-0.900968867902,0.411053754687,-0.911611107193
2024-06-07,-0.045172462069,0.517758517657,-0.974927912182,-0.222520933956,0.395311788765,-0.918546999159
2024-06-08,-0.028323188148,-0.649851696229,-0.781831482468,0.623489801859,0.379452843725,-0.925211078289
2024-06-09,0.025714074840,-0.154371313655,0.000000000000,1.000000000000,0.363481612483,-0.931601372577
2024-06-10,-0.019660847110,0.207031442149,0.781831482468,0.623489801859,0.347402821184,-0.937715991030
2024-06-11,-0.061630155083,0.437839804485,0.974927912182,-0.222520933956,0.331221227802,-0.943553124235
2024-06-12,0.037748784498,0.014489269422,0.433883739118,-0.900968867902,0.314941620729,-0.949111044890
2024-06-13,-0.052000819908,-0.313797994417,-0.433883739118,-0.900968867902,0.298568817364,-0.954388108318
2024-06-14,-0.029064423412,0.111249502545,-0.974927912182,-0.222520933956,0.282107662682,-0.959382752949
2024-06-15,0.016067770942,-0.782814994376,-0.781831482468,0.623489801859,0.265563027804,-0.964093500789
2024-06-16,0.038538061514,0.074768941368,0.000000000000,1.000000000000,0.248939808554,-0.968518957851
2024-06-17,-0.052931156048,0.670584028753,0.781831482468,0.623489801859,0.232242924009,-0.972657814572
2024-06-18,-0.041526493213,0.589252094006,0.974927912182,-0.222520933956,0.215477315047,-0.976508846197
2024-06-19,-0.013872793527,-0.590756123519,0.433883739118,-0.900968867902,0.198647942880,-0.980070913143
2024-06-20,-0.015881276895,0.044733377358,-0.433883739118,-0.900968867902,0.181759787591,-0.983342961339
2024-06-21,0.008321587432,-0.056714692557,-0.974927912182,-0.222520933956,0.164817846657,-0.986324022532
2024-06-22,-0.006844619896,-0.848104151900,-0.781831482468,0.623489801859,0.147827133471,-0.989013214578
2024-06-23,-0.038743546383,0.114937514885,0.000000000000,1.000000000000,0.130792675857,-0.991409741702
2024-06-24,0.027996652879,1.167813127804,0.781831482468,0.623489801859,0.113719514586,-0.993512894734
2024-06-25,0.032129255051,-0.306541208196,0.974927912182,-0.222520933956,0.096612701881,-0.995322051316
2024-06-26,0.000365650099,-0.410376394746,0.433883739118,-0.900968867902,0.079477299924,-0.996836676089
2024-06-27,0.089827145319,0.528013519904,-0.433883739118,-0.900968867902,0.062318379354,-0.998056320853
2024-06-28,-0.067429444304,-0.167030048484,-0.974927912182,-0.222520933956,0.045141017774,-0.998980624694
2024-06-29,0.002193297844,-0.743621401544,-0.781831482468,0.623489801859,0.027950298240,-0.999609314096
2024-06-30,0.045259283379,0.319491293417,0.000000000000,1.000000000000,0.010751307764,-0.999942203020
2024-07-01,0.000699924528,0.146197559470,0.781831482468,0.623489801859,-0.006450864198,-0.999979192959
2024-07-02,0.047331700392,0.109560223490,0.974927912182,-0.222520933956,-0.023651127245,-0.999720272966
2024-07-03,-0.088152593315,0.328942758333,0.433883739118,-0.900968867902,-0.040844391543,-0.999165519661
2024-07-04,-0.098338345525,0.142351691650,-0.433883739118,-0.900968867902,-0.058025569329,-0.998315097203
2024-07-05,0.052077400852,0.358831545923,-0.974927912182,-0.222520933956,-0.075189576415,-0.997169257247
2024-07-06,0.063937516408,-0.803920116987,-0.781831482468,0.623489801859,-0.092331333695,-0.995728338865
2024-07-07,-0.083440741412,-0.120532184159,0.000000000000,1.000000000000,-0.109445768649,-0.993992768447
2024-07-08,0.056715303081,0.695146338433,0.781831482468,0.623489801859,-0.126527816839,-0.991963059577
2024-07-09,0.013423768699,-0.423006879235,0.974927912182,-0.222520933956,-0.143572423412,-0.989639812879
2024-07-10,0.004421407781,-0.214277185020,0.433883739118,-0.900968867902,-0.160574544595,-0.987023715839
2024-07-11,-0.043853650685,0.158199413227,-0.433883739118,-0.900968867902,-0.177529149187,-0.984115542601
2024-07-12,0.026469533037,-0.138971441143,-0.974927912182,-0.222520933956,-0.194431220048,-0.980916153741
2024-07-13,0.017033149082,-0.564661277585,-0.781831482468,0.623489801859,-0.211275755582,-0.977426496010
2024-07-14,0.039358527138,0.574223137279,0.000000000000,1.000000000000,-0.228057771222,-0.973647602054
2024-07-15,0.080103992520,0.250247376833,0.781831482468,0.623489801859,-0.244772300897,-0.969580590108
2024-07-16,0.003856054293,0.161928222486,0.974927912182,-0.222520933956,-0.261414398511,-0.965226663666
2024-07-17,-0.031430666625,-0.296519896714,0.433883739118,-0.900968867902,-0.277979139399,-0.960587111125
2024-07-18,0.022173096128,-0.098241394009,-0.433883739118,-0.900968867902,-0.294461621787,-0.955663305403
2024-07-19,0.061638358156,0.570449704899,-0.974927912182,-0.222520933956,-0.310856968244,-0.950456703535
2024-07-20,0.027435261398,-0.639342609016,-0.781831482468,0.623489801859,-0.327160327122,-0.944968846236
2024-07-21,0.059441791856,0.478771572387,0.000000000000,1.000000000000,-0.343366873996,-0.939201357453
2024-07-22,-0.030610475026,-0.092422812758,0.781831482468,0.623489801859,-0.359471813088,-0.933155943878
2024-07-23,-0.035375222631,0.139937124277,0.974927912182,-0.222520933956,-0.375470378688,-0.926834394446
2024-07-24,0.030075737808,-0.037269162049,0.433883739118,-0.900968867902,-0.391357836561,-0.920238579805
2024-07-25,-0.034685244398,0.267629750569,-0.433883739118,-0.900968867902,-0.407129485354,-0.913370451764
2024-07-26,0.062953204747,-0.367522565014,-0.974927912182,-0.222520933956,-0.422780657983,-0.906232042711
2024-07-27,0.005166828171,0.142887852550,-0.781831482468,0.623489801859,-0.438306723013,-0.898825465016
2024-07-28,0.004340041091,-0.561848341478,0.000000000000,1.000000000000,-0.453703086031,-0.891152910406
2024-07-29,-0.011453347213,0.679437275342,0.781831482468,0.623489801859,-0.468965191008,-0.883216649313
2024-07-30,-0.020302022805,-0.278441053725,0.974927912182,-0.222520933956,-0.484088521639,-0.875019030203
2024-07-31,-0.041501221796,0.099381730042,0.433883739118,-0.900968867902,-0.499068602689,-0.866562478885
2024-08-01,-0.024472847718,0.365400671447,-0.433883739118,-0.900968867902,-0.513901001309,-0.857849497787
2024-08-02,-0.093939793034,0.023500259576,-0.974927912182,-0.222520933956,-0.528581328356,-0.848882665221
2024-08-03,-0.065771601193,-0.219127867749,-0.781831482468,0.623489801859,-0.543105239683,-0.839664634618
2024-08-04,-0.034646239812,0.179778253023,0.000000000000,1.000000000000,-0.557468437433,-0.830198133741
2024-08-05,-0.061162679839,1.180791351077,0.781831482468,0.623489801859,-0.571666671303,-0.820485963879
2024-08-06,0.103950533719,-0.887013228798,0.974927912182,-0.222520933956,-0.585695739807,-0.810530999019
2024-08-07,0.003752624079,-0.050037712560,0.433883739118,-0.900968867902,-0.599551491520,-0.800336184998
2024-08-08,0.119131960172,-0.026401498520,-0.433883739118,-0.900968867902,-0.613229826300,-0.789904538622
2024-08-09,-0.040542622818,-0.515002406876,-0.974927912182,-0.222520933956,-0.626726696508,-0.779239146786
2024-08-10,-0.016095160877,-0.660122503640,-0.781831482468,0.623489801859,-0.640038108204,-0.768343165549
2024-08-11,-0.084197930652,0.371747481968,0.000000000000,1.000000000000,-0.653160122327,-0.757219819208
2024-08-12,0.034223526773,0.337568055112,0.781831482468,0.623489801859,-0.666088855861,-0.745872399340
2024-08-13,0.001763182737,-0.418400336988,0.974927912182,-0.222520933956,-0.678820482986,-0.734304263830
2024-08-14,-0.019194556098,0.199094340396,0.433883739118,-0.900968867902,-0.691351236209,-0.722518835873
2024-08-15,-0.008216084003,0.110855223935,-0.433883739118,-0.900968867902,-0.703677407479,-0.710519602969
2024-08-16,-0.024216274452,-0.113408133713,-0.974927912182,-0.222520933956,-0.715795349283,-0.698310115884
2024-08-17,0.017557804667,-0.813995127966,-0.781831482468,0.623489801859,-0.727701475726,-0.685893987600
2024-08-18,0.005544433001,0.441852209123,0.000000000000,1.000000000000,-0.739392263596,-0.673274892250
2024-08-19,0.012245661786,0.107263666588,0.781831482468,0.623489801859,-0.750864253399,-0.660456564028
2024-08-20,-0.008180235888,0.022296876704,0.974927912182,-0.222520933956,-0.762114050389,-0.647442796083
2024-08-21,-0.003205082706,-0.099464635014,0.433883739118,-0.900968867902,-0.773138325571,-0.634237439398
2024-08-22,0.003834877540,-0.340378591034,-0.433883739118,-0.900968867902,-0.783933816683,-0.620844401651
2024-08-23,0.066490842522,0.626745772699,-0.974927912182,-0.222520933956,-0.794497329167,-0.607267646057
2024-08-24,0.048599243130,0.071001283309,-0.781831482468,0.623489801859,-0.804825737108,-0.593511190196
2024-08-25,-0.011404371381,-0.276583305876,0.000000000000,1.000000000000,-0.814915984166,-0.579579104826
2024-08-26,-0.010579016198,0.216391067571,0.781831482468,0.623489801859,-0.824765084473,-0.565475512674
2024-08-27,-0.068021136040,0.072473011475,0.974927912182,-0.222520933956,-0.834370123523,-0.551204587220
2024-08-28,-0.020673541200,0.052150993944,0.433883739118,-0.900968867902,-0.843728259029,-0.536770551461
2024-08-29,-0.027030478039,-0.334717145816,-0.433883739118,-0.900968867902,-0.852836721769,-0.522177676660
2024-08-30,-0.014050292405,0.245974856770,-0.974927912182,-0.222520933956,-0.861692816403,-0.507430281083
2024-08-31,-0.019934811848,-1.101193924811,-0.781831482468,0.623489801859,-0.870293922269,-0.492532728722
2024-09-01,-0.050632483280,0.794263105588,0.000000000000,1.000000000000,-0.878637494161,-0.477489428003
2024-09-02,0.047881598643,0.058077801302,0.781831482468,0.623489801859,-0.886721063083,-0.462304830480
2024-09-03,-0.056567621523,-0.157296126272,0.974927912182,-0.222520933956,-0.894542236976,-0.446983429520
2024-09-04,0.046154868645,0.398828066876,0.433883739118,-0.900968867902,-0.902098701430,-0.431529758971
2024-09-05,-0.032520394057,-0.324220462596,-0.433883739118,-0.900968867902,-0.909388220365,-0.415948391825
2024-09-06,-0.034124823289,0.603075958793,-0.974927912182,-0.222520933956,-0.916408636694,-0.400243938857
2024-09-07,0.021618295658,-0.980026430999,-0.781831482468,0.623489801859,-0.923157872965,-0.384421047269
2024-09-08,0.017601187304,-0.002627954600,0.000000000000,1.000000000000,-0.929633931968,-0.368484399308
2024-09-09,0.038010724185,0.617582190045,0.781831482468,0.623489801859,-0.935834897335,-0.352438710885
2024-09-10,0.004504566720,-0.397408218960,0.974927912182,-0.222520933956,-0.941758934099,-0.336288730177
2024-09-11,-0.023406148521,0.256516760251,0.433883739118,-0.900968867902,-0.947404289244,-0.320039236223
2024-09-12,0.027134820881,-0.284488267722,-0.433883739118,-0.900968867902,-0.952769292217,-0.303695037511
2024-09-13,0.021499208541,0.043877324521,-0.974927912182,-0.222520933956,-0.957852355428,-0.287260970551
2024-09-14,-0.013904660747,-0.560740750802,-0.781831482468,0.623489801859,-0.962651974716,-0.270741898448
2024-09-15,-0.042290111282,0.355011561401,0.000000000000,1.000000000000,-0.967166729798,-0.254142709461
2024-09-16,-0.000203781659,0.178101138601,0.781831482468,0.623489801859,-0.971395284684,-0.237468315558
2024-09-17,0.000490351878,0.061894509660,0.974927912182,-0.222520933956,-0.975336388077,-0.220723650961
2024-09-18,0.018490210319,0.269358000171,0.433883739118,-0.900968867902,-0.978988873741,-0.203913670683
2024-09-19,0.063920040920,0.243703210468,-0.433883739118,-0.900968867902,-0.982351660847,-0.187043349070
2024-09-20,0.025782285943,0.116553260936,-0.974927912182,-0.222520933956,-0.985423754292,-0.170117678320
2024-09-21,0.019995918954,-0.849779308521,-0.781831482468,0.623489801859,-0.988204244994,-0.153141667013
2024-09-22,-0.032098550364,0.142503810565,0.000000000000,1.000000000000,-0.990692310162,-0.136120338623
2024-09-23,0.000078291096,0.383312302111,0.781831482468,0.623489801859,-0.992887213536,-0.119058730034
2024-09-24,0.054275799382,0.222102568900,0.974927912182,-0.222520933956,-0.994788305609,-0.101961890052
2024-09-25,-0.032362256991,-0.313906801003,0.433883739118,-0.900968867902,-0.996395023819,-0.084834877906
2024-09-26,0.049764452942,0.341777178266,-0.433883739118,-0.900968867902,-0.997706892710,-0.067682761755
2024-09-27,0.013876141939,-0.084588785110,-0.974927912182,-0.222520933956,-0.998723524080,-0.050510617185
2024-09-28,-0.005323236688,-0.754307264580,-0.781831482468,0.623489801859,-0.999444617092,-0.033323525712
2024-09-29,0.010881308857,0.310191858991,0.000000000000,1.000000000000,-0.999869958362,-0.016126573271
2024-09-30,-0.038628044757,0.292521289081,0.781831482468,0.623489801859,-0.999999422025,0.001075151283
2024-10-01,-0.049210178210,0.430667829184,0.974927912182,-0.222520933956,-0.999832969770,0.018276557682
2024-10-02,-0.034338332951,-0.234375105834,0.433883739118,-0.900968867902,-0.999370650854,0.035472555753
2024-10-03,-0.025980915298,0.007825668282,-0.433883739118,-0.900968867902,-0.998612602084,0.052658056925
2024-10-04,0.045636887134,-0.210423778539,-0.974927912182,-0.222520933956,-0.997559047779,0.069827975730
2024-10-05,-0.003221767445,-0.751540258283,-0.781831482468,0.623489801859,-0.996210299702,0.086977231314
2024-10-06,0.025805120368,0.048004137286,0.000000000000,1.000000000000,-0.994566756971,0.104100748935
2024-10-07,-0.016875666099,0.829464831843,0.781831482468,0.623489801859,-0.992628905935,0.121193461471
2024-10-08,-0.004157243192,-0.448515558562,0.974927912182,-0.222520933956,-0.990397320035,0.138250310911
2024-10-09,-0.028857639005,-0.007698519663,0.433883739118,-0.900968867902,-0.987872659635,0.155266249860
2024-10-10,-0.003070584444,0.041912600805,-0.433883739118,-0.900968867902,-0.985055671822,0.172236243028
2024-10-11,0.045688086681,0.015520661123,-0.974927912182,-0.222520933956,-0.981947190187,0.189155268720
2024-10-12,0.007668497952,-0.474484246527,-0.781831482468,0.623489801859,-0.978548134580,0.206018320325
2024-10-13,0.007291722216,0.145976169441,0.000000000000,1.000000000000,-0.974859510837,0.222820407795
2024-10-14,0.064757883142,0.816695514880,0.781831482468,0.623489801859,-0.970882410481,0.239556559121
2024-10-15,-0.017455929682,0.164076243170,0.974927912182,-0.222520933956,-0.966618010400,0.256221821807
2024-10-16,-0.003148711354,-0.364407135648,0.433883739118,-0.900968867902,-0.962067572498,0.272811264334
2024-10-17,-0.025732462026,-0.105381006305,-0.433883739118,-0.900968867902,-0.957232443323,0.289319977619
2024-10-18,0.030529949287,-0.207036749109,-0.974927912182,-0.222520933956,-0.952114053668,0.305743076467
2024-10-19,0.029647402890,-0.197124697743,-0.781831482468,0.623489801859,-0.946713918146,0.322075701021
2024-10-20,0.044716122328,0.582575331744,0.000000000000,1.000000000000,-0.941033634745,0.338313018192
2024-10-21,-0.004339983665,0.419676829719,0.781831482468,0.623489801859,-0.935074884352,0.354450223099
2024-10-22,0.006256966843,-0.122772759101,0.974927912182,-0.222520933956,-0.928839430256,0.370482540482
2024-10-23,0.021718345775,0.106723955869,0.433883739118,-0.900968867902,-0.922329117629,0.386405226121
2024-10-24,0.035767274283,-0.089956025938,-0.433883739118,-0.900968867902,-0.915545872978,0.402213568237
2024-10-25,-0.072564951679,0.321936145327,-0.974927912182,-0.222520933956,-0.908491703573,0.417902888887
2024-10-26,0.035471526840,-0.569533990154,-0.781831482468,0.623489801859,-0.901168696856,0.433468545349
2024-10-27,0.033656996378,-0.126512551076,0.000000000000,1.000000000000,-0.893579019824,0.448905931494
2024-10-28,0.008773167003,0.400277334859,0.781831482468,0.623489801859,-0.885724918384,0.464210479152
2024-10-29,0.007026405331,0.078658012276,0.974927912182,-0.222520933956,-0.877608716690,0.479377659461
2024-10-30,-0.025041977704,-0.346254213051,0.433883739118,-0.900968867902,-0.869232816457,0.494402984208
2024-10-31,-0.037836963892,-0.044173601316,-0.433883739118,-0.900968867902,-0.860599696250,0.509282007157
2024-11-01,-0.012954546010,0.174103702555,-0.974927912182,-0.222520933956,-0.851711910747,0.524010325368
2024-11-02,-0.001515535258,-0.668355559133,-0.781831482468,0.623489801859,-0.842572089987,0.538583580492
2024-11-03,-0.021056463899,0.491677971865,0.000000000000,1.000000000000,-0.833182938589,0.552997460070
2024-11-04,-0.030000521561,0.059856834124,0.781831482468,0.623489801859,-0.823547234956,0.567247698803
2024-11-05,0.055337011968,0.143929363636,0.974927912182,-0.222520933956,-0.813667830446,0.581330079815
2024-11-06,0.114536678369,1.107959429358,0.433883739118,-0.900968867902,-0.803547648534,0.595240435904
2024-11-07,0.048953506382,-0.736977918912,-0.433883739118,-0.900968867902,-0.793189683945,0.608974650772
2024-11-08,0.018192053427,0.188001388561,-0.974927912182,-0.222520933956,-0.782597001768,0.622528660243
2024-11-09,0.001279097669,-0.522726311750,-0.781831482468,0.623489801859,-0.771772736547,0.635898453468
2024-11-10,0.050734291793,0.934627055633,0.000000000000,1.000000000000,-0.760720091356,0.649080074110
2024-11-11,0.055537890771,0.183607228915,0.781831482468,0.623489801859,-0.749442336852,0.662069621515
2024-11-12,-0.047884525503,0.094304961491,0.974927912182,-0.222520933956,-0.737942810303,0.674863251868
2024-11-13,0.013816927643,-0.001048509570,0.433883739118,-0.900968867902,-0.726224914604,0.687457179327
2024-11-14,-0.028114168614,-0.333316097058,-0.433883739118,-0.900968867902,-0.714292117269,0.699847677146
2024-11-15,0.041548446593,-0.281287613242,-0.974927912182,-0.222520933956,-0.702147949405,0.712031078779
2024-11-16,-0.010352026487,-0.262563608401,-0.781831482468,0.623489801859,-0.689796004666,0.724003778959
2024-11-17,0.095907291195,0.753350670252,0.000000000000,1.000000000000,-0.677239938191,0.735762234774
2024-11-18,0.009295667824,-0.126085373817,0.781831482468,0.623489801859,-0.664483465523,0.747302966705
2024-11-19,-0.007100804740,-0.270720635779,0.974927912182,-0.222520933956,-0.651530361507,0.758622559666
2024-11-20,-0.011293760559,-0.039162953574,0.433883739118,-0.900968867902,-0.638384459175,0.769717664007
2024-11-21,0.087945722715,0.508816677291,-0.433883739118,-0.900968867902,-0.625049648610,0.780584996507
2024-11-22,-0.002130947612,-0.392607043169,-0.974927912182,-0.222520933956,-0.611529875799,0.791221341348
2024-11-23,-0.005238126286,-0.150794306790,-0.781831482468,0.623489801859,-0.597829141459,0.801623551065
2024-11-24,-0.008891993841,-0.156758578492,0.000000000000,1.000000000000,-0.583951499858,0.811788547476
2024-11-25,-0.075843471791,0.216114562831,0.781831482468,0.623489801859,-0.569901057613,0.821713322596
2024-11-26,-0.014904570961,0.055979055881,0.974927912182,-0.222520933956,-0.555681972476,0.831394939523
2024-11-27,0.047862458767,-0.262523012128,0.433883739118,-0.900968867902,-0.541298452104,0.840830533312
2024-11-28,-0.018907154812,-0.284896884381,-0.433883739118,-0.900968867902,-0.526754752811,0.850017311819
2024-11-29,0.024041588372,0.025633237914,-0.974927912182,-0.222520933956,-0.512055178311,0.858952556527
2024-11-30,-0.024126817990,-0.156975730433,-0.781831482468,0.623489801859,-0.497204078447,0.867633623355
2024-12-01,-0.002838222040,0.048657185775,0.000000000000,1.000000000000,-0.482205847896,0.876057943434
2024-12-02,-0.048899531166,0.682617033600,0.781831482468,0.623489801859,-0.467064924877,0.884223023874
2024-12-03,0.036721172257,0.130734917350,0.974927912182,-0.222520933956,-0.451785789833,0.892126448495
2024-12-04,-0.021934007364,-0.246337736703,0.433883739118,-0.900968867902,-0.436372964105,0.899765878548
2024-12-05,0.021072773642,0.294715681048,-0.433883739118,-0.900968867902,-0.420831008596,0.907139053401
2024-12-06,0.012960035457,-0.271033640948,-0.974927912182,-0.222520933956,-0.405164522421,0.914243791213
2024-12-07,0.006294765367,-0.518913704114,-0.781831482468,0.623489801859,-0.389378141545,0.921077989579
2024-12-08,-0.007893751107,-0.222506793528,0.000000000000,1.000000000000,-0.373476537413,0.927639626149
2024-12-09,-0.085206951701,0.988305568801,0.781831482468,0.623489801859,-0.357464415565,0.933926759229
2024-12-10,-0.016313545469,-0.022341877024,0.974927912182,-0.222520933956,-0.341346514245,0.939937528356
2024-12-11,0.061760408464,-0.405151844596,0.433883739118,-0.900968867902,-0.325127603000,0.945670154847
2024-12-12,-0.001848822018,-0.129022674025,-0.433883739118,-0.900968867902,-0.308812481266,0.951122942324
2024-12-13,-0.009690701960,-0.202758381036,-0.974927912182,-0.222520933956,-0.292405976951,0.956294277220
2024-12-14,-0.022473546851,-0.320296944041,-0.781831482468,0.623489801859,-0.275912945003,0.961182629254
2024-12-15,0.017213156977,0.015007727938,0.000000000000,1.000000000000,-0.259338265975,0.965786551884
2024-12-16,-0.033288668176,0.535179149260,0.781831482468,0.623489801859,-0.242686844583,0.970104682736
2024-12-17,0.029521628519,0.239749033576,0.974927912182,-0.222520933956,-0.225963608248,0.974135744005
2024-12-18,-0.076621998174,0.066611641013,0.433883739118,-0.900968867902,-0.209173505646,0.977878542834
2024-12-19,-0.060403923126,0.154998946697,-0.433883739118,-0.900968867902,-0.192321505239,0.981331971670
2024-12-20,-0.000393004679,0.176847442926,-0.974927912182,-0.222520933956,-0.175412593804,0.984495008588
2024-12-21,-0.068769524077,-0.581157782159,-0.781831482468,0.623489801859,-0.158451774961,0.987366717594
2024-12-22,-0.006266303685,-0.293995524311,0.000000000000,1.000000000000,-0.141444067688,0.989946248902
2024-12-23,0.051832050190,0.207218284192,0.781831482468,0.623489801859,-0.124394504840,0.992232839189
2024-12-24,0.037421159909,-0.366427092800,0.974927912182,-0.222520933956,-0.107308131656,0.994225811816
2024-12-25,0.002484619214,-0.238456531176,0.433883739118,-0.900968867902,-0.090190004270,0.995924577029
2024-12-26,-0.048031210372,0.063511984867,-0.433883739118,-0.900968867902,-0.073045188211,0.997328632136
2024-12-27,-0.023598318390,-0.027037041461,-0.974927912182,-0.222520933956,-0.055878756905,0.998437561657
2024-12-28,0.059065837151,-0.255926749569,-0.781831482468,0.623489801859,-0.038695790177,0.999251037439
2024-12-29,-0.027391784389,0.003267887062,0.000000000000,1.000000000000,-0.021501372741,0.999768818763
2024-12-30,0.006743073460,0.404747748659,0.781831482468,0.623489801859,-0.004300592703,0.999990752408
2024-12-31,-0.009274848092,0.009267983080,0.974927912182,-0.222520933956,0.012901459949,0.999916772702
2025-01-01,0.024061683960,-0.343394366808,0.433883739118,-0.900968867902,0.017201575418,0.999852041956
2025-01-02,0.069210382588,0.598890446427,-0.433883739118,-0.900968867902,0.034398060614,0.999408211606
2025-01-03,0.046917880957,-0.040008704642,-0.974927912182,-0.222520933956,0.051584366869,0.998668640288
2025-01-04,-0.005177184243,-0.513466679554,-0.781831482468,0.623489801859,0.068755408481,0.997633546852
2025-01-05,-0.015019675349,-0.011768198753,0.000000000000,1.000000000000,0.085906104261,0.996303237599
2025-01-06,0.024668187106,0.349099472438,0.781831482468,0.623489801859,0.103031379043,0.994678106189
2025-01-07,-0.078399754980,0.246561859762,0.974927912182,-0.222520933956,0.120126165182,0.992758633525
2025-01-08,-0.023369390444,0.142382620626,0.433883739118,-0.900968867902,0.137185404057,0.990545387609
2025-01-09,-0.065545049655,-0.275965579516,-0.433883739118,-0.900968867902,0.154204047563,0.988039023377
2025-01-10,0.013708553174,-0.020292788949,-0.974927912182,-0.222520933956,0.171177059610,0.985240282501
2025-01-11,0.002217062221,-0.542119361445,-0.781831482468,0.623489801859,0.188099417612,0.982149993175
2025-01-12,0.003000168350,-0.342269997168,0.000000000000,1.000000000000,0.204966113969,0.978769069865
2025-01-13,-0.030832205749,1.219116129040,0.781831482468,0.623489801859,0.221772157556,0.975098513040
2025-01-14,0.025185295406,-0.642562425075,0.974927912182,-0.222520933956,0.238512575194,0.971139408877
2025-01-15,0.093674360647,0.393020631360,0.433883739118,-0.900968867902,0.255182413123,0.966892928939
2025-01-16,0.025491662341,0.404138450970,-0.433883739118,-0.900968867902,0.271776738471,0.962360329828
2025-01-17,0.038968741201,-0.175336664918,-0.974927912182,-0.222520933956,0.288290640710,0.957542952812
2025-01-18,0.175941123880,1.510781274725,-0.781831482468,0.623489801859,0.304719233109,0.952442223431
2025-01-19,-0.044043615921,0.358144950845,0.000000000000,1.000000000000,0.321057654185,0.947059651072
2025-01-20,-0.033832434964,-0.379777269934,0.781831482468,0.623489801859,0.337301069136,0.941396828526
2025-01-21,0.033143505389,-0.752199771591,0.974927912182,-0.222520933956,0.353444671274,0.935455431513
2025-01-22,0.026884559695,-0.185862602622,0.433883739118,-0.900968867902,0.369483683447,0.929237218188
2025-01-23,-0.014812178325,0.042297705061,-0.433883739118,-0.900968867902,0.385413359454,0.922744028620
2025-01-24,-0.000370859660,-0.213553682364,-0.974927912182,-0.222520933956,0.401228985448,0.915977784248
2025-01-25,0.010648594096,-0.396142450633,-0.781831482468,0.623489801859,0.416925881329,0.908940487314
2025-01-26,-0.061151596240,-0.186608788511,0.000000000000,1.000000000000,0.432499402134,0.901634220265
2025-01-27,-0.024410958134,0.943773186782,0.781831482468,0.623489801859,0.447944939408,0.894061145145
2025-01-28,-0.034054127502,-0.743378126020,0.974927912182,-0.222520933956,0.463257922567,0.886223502949
2025-01-29,0.003255934307,0.053452753697,0.433883739118,-0.900968867902,0.478433820255,0.878123612959
2025-01-30,0.047456329841,-0.149761621596,-0.433883739118,-0.900968867902,0.493468141677,0.869763872065
2025-01-31,-0.031384983953,-0.136933859166,-0.974927912182,-0.222520933956,0.508356437938,0.861146754048
2025-02-01,-0.080204489493,-0.131121279298,-0.781831482468,0.623489801859,0.523094303349,0.852274808852
2025-02-02,-0.051175815180,0.866185224234,0.000000000000,1.000000000000,0.537677376741,0.843150661828
2025-02-03,0.062175566423,0.593185747174,0.781831482468,0.623489801859,0.552101342746,0.833777012959
2025-02-04,-0.042807634545,-0.733501156746,0.974927912182,-0.222520933956,0.566361933081,0.824156636057
2025-02-05,-0.055108875102,-0.649838825058,0.433883739118,-0.900968867902,0.580454927809,0.814292377947
2025-02-06,-0.032228225907,0.028353363562,-0.433883739118,-0.900968867902,0.594376156585,0.804187157621
2025-02-07,0.012734753071,0.154405446858,-0.974927912182,-0.222520933956,0.608121499894,0.793843965378
2025-02-08,0.037754164963,-0.654451606636,-0.781831482468,0.623489801859,0.621686890267,0.783265861934
2025-02-09,0.004487210755,0.347876607267,0.000000000000,1.000000000000,0.635068313487,0.772455977519
2025-02-10,-0.000704520203,0.194407106848,0.781831482468,0.623489801859,0.648261809776,0.761417510953
2025-02-11,-0.011919609821,-0.049614790367,0.974927912182,-0.222520933956,0.661263474966,0.750153728696
2025-02-12,-0.006123075525,0.093555472507,0.433883739118,-0.900968867902,0.674069461655,0.738667963881
2025-02-13,-0.011823478653,-0.442916456244,-0.433883739118,-0.900968867902,0.686675980345,0.726963615332
2025-02-14,0.027764273653,0.303468566858,-0.974927912182,-0.222520933956,0.699079300566,0.715044146554
2025-02-15,-0.027655602609,-0.691511624165,-0.781831482468,0.623489801859,0.711275751974,0.702913084708
2025-02-16,-0.031314177734,0.144955910128,0.000000000000,1.000000000000,0.723261725444,0.690574019572
2025-02-17,-0.058986866335,0.698608044690,0.781831482468,0.623489801859,0.735033674133,0.678030602474
2025-02-18,-0.049641667529,0.430753747418,0.974927912182,-0.222520933956,0.746588114532,0.665286545211
2025-02-19,-0.000434708050,-0.586739723437,0.433883739118,-0.900968867902,0.757921627497,0.652345618957
2025-02-20,0.040799098509,-0.105014653570,-0.433883739118,-0.900968867902,0.769030859259,0.639211653138
2025-02-21,-0.041504456832,0.336146035293,-0.974927912182,-0.222520933956,0.779912522417,0.625888534308
2025-02-22,0.019183593235,-0.837881317642,-0.781831482468,0.623489801859,0.790563396912,0.612380204990
2025-02-23,-0.024250034857,-0.223226304072,0.000000000000,1.000000000000,0.800980330978,0.598690662518
2025-02-24,-0.168437819834,1.471641360218,0.781831482468,0.623489801859,0.811160242079,0.584823957846
2025-02-25,0.014808318677,0.279694440507,0.974927912182,-0.222520933956,0.821100117813,0.570784194357
2025-02-26,-0.066536751156,-0.641879142732,0.433883739118,-0.900968867902,0.830797016812,0.556575526641
2025-02-27,0.020477519700,-0.277910911383,-0.433883739118,-0.900968867902,0.840248069608,0.542202159273
2025-02-28,0.072912946040,0.706172044859,-0.974927912182,-0.222520933956,0.849450479481,0.527668345563
2025-03-01,-0.029856339774,-0.825281212157,-0.781831482468,0.623489801859,0.858401523292,0.512978386299
2025-03-02,0.217004672311,1.250294539212,0.000000000000,1.000000000000,0.867098552281,0.498136628478
2025-03-03,-0.228587832167,-0.222203927982,0.781831482468,0.623489801859,0.875538992859,0.483147464015
2025-03-04,0.020182716774,-0.139837174777,0.974927912182,-0.222520933956,0.883720347362,0.468015328444
2025-03-05,0.009277525514,-0.579305776380,0.433883739118,-0.900968867902,0.891640194797,0.452744699607
2025-03-06,-0.020110155226,-0.068382235944,-0.433883739118,-0.900968867902,0.899296191553,0.437340096330
2025-03-07,-0.029348253343,0.370645525683,-0.974927912182,-0.222520933956,0.906686072098,0.421806077083
2025-03-08,-0.016419339393,-0.986577843218,-0.781831482468,0.623489801859,0.913807649647,0.406147238631
2025-03-09,-0.079826283134,0.412333539813,0.000000000000,1.000000000000,0.920658816810,0.390368214676
2025-03-10,-0.066577748233,0.475815694781,0.781831482468,0.623489801859,0.927237546218,0.374473674487
2025-03-11,0.057269069245,-0.048320497470,0.974927912182,-0.222520933956,0.933541891118,0.358468321512
2025-03-12,0.010477066305,-0.246063774837,0.433883739118,-0.900968867902,0.939569985953,0.342356891995
2025-03-13,-0.026392089077,-0.359280771996,-0.433883739118,-0.900968867902,0.945320046913,0.326144153564
2025-03-14,0.078202815204,0.096382233436,-0.974927912182,-0.222520933956,0.950790372463,0.309834903832
2025-03-15,0.019300690005,-0.538871778667,-0.781831482468,0.623489801859,0.955979343844,0.293433968967
2025-03-16,-0.075824061894,0.286577572852,0.000000000000,1.000000000000,0.960885425557,0.276946202269
2025-03-17,0.017120939292,0.012457797373,0.781831482468,0.623489801859,0.965507165814,0.260376482734
2025-03-18,-0.022496242712,0.018700846131,0.974927912182,-0.222520933956,0.969843196967,0.243729713610
2025-03-19,0.078694424155,0.334001058229,0.433883739118,-0.900968867902,0.973892235915,0.227010820941
2025-03-20,-0.061412340622,-0.359845299220,-0.433883739118,-0.900968867902,0.977653084482,0.210224752119
2025-03-21,0.007292162817,-0.041056415225,-0.974927912182,-0.222520933956,0.981124629772,0.193376474410
2025-03-22,0.000425605189,-0.496416563112,-0.781831482468,0.623489801859,0.984305844499,0.176470973492
2025-03-23,0.031519893451,0.170612485609,0.000000000000,1.000000000000,0.987195787291,0.159513251973
2025-03-24,0.060500408194,0.899663134260,0.781831482468,0.623489801859,0.989793602967,0.142508327916
2025-03-25,0.020709844239,-0.160025886541,0.974927912182,-0.222520933956,0.992098522792,0.125461233353
2025-03-26,-0.046457106203,-0.150930853363,0.433883739118,-0.900968867902,0.994109864702,0.108377012792
2025-03-27,0.007682688406,-0.147469217857,-0.433883739118,-0.900968867902,0.995827033510,0.091260721729
2025-03-28,-0.066680459325,0.283661139217,-0.974927912182,-0.222520933956,0.997249521077,0.074117425151
2025-03-29,-0.038077864709,-0.449741373486,-0.781831482468,0.623489801859,0.998376906467,0.056952196034
2025-03-30,0.000441238903,-0.318279776801,0.000000000000,1.000000000000,0.999208856068,0.039770113846
2025-03-31,0.000413083201,0.671146202827,0.781831482468,0.623489801859,0.999745123693,0.022576263042
2025-04-01,0.015819236176,-0.068870249784,0.974927912182,-0.222520933956,0.999985550651,0.005375731558
2025-04-02,-0.073054490371,0.589965395853,0.433883739118,-0.900968867902,0.999930065796,-0.011826390692
2025-04-03,-0.005929472587,-0.153133160706,-0.433883739118,-0.900968867902,0.999578685548,-0.029025013322
2025-04-04,0.047751122261,0.112085778846,-0.974927912182,-0.222520933956,0.998931513885,-0.046215046984
2025-04-05,-0.020802464481,-1.133667806732,-0.781831482468,0.623489801859,0.997988742316,-0.063391404870
2025-04-06,-0.128929168573,0.829270732308,0.000000000000,1.000000000000,0.996750649821,-0.080549004219
2025-04-07,0.011201269871,0.815991760583,0.781831482468,0.623489801859,0.995217602774,-0.097682767822
2025-04-08,-0.013093302384,-0.479108616561,0.974927912182,-0.222520933956,0.993390054826,-0.114787625522
2025-04-09,0.120780405102,0.281803654547,0.433883739118,-0.900968867902,0.991268546779,-0.131858515717
2025-04-10,-0.053955782504,-0.498480673054,-0.433883739118,-0.900968867902,0.988853706421,-0.148890386856
2025-04-11,0.074529591680,-0.086470757302,-0.974927912182,-0.222520933956,0.986146248342,-0.165878198935
2025-04-12,0.084593187039,0.033768453523,-0.781831482468,0.623489801859,0.983146973722,-0.182816924985
2025-04-13,-0.028216445525,-0.068500611424,0.000000000000,1.000000000000,0.979856770096,-0.199701552566
2025-04-14,0.005658089608,0.147500908063,0.781831482468,0.623489801859,0.976276611087,-0.216527085245
2025-04-15,-0.023847489227,-0.301967734706,0.974927912182,-0.222520933956,0.972407556122,-0.233288544075
2025-04-16,0.040256142109,0.307150753523,0.433883739118,-0.900968867902,0.968250750117,-0.249980969073
2025-04-17,0.024416565427,-0.238547781202,-0.433883739118,-0.900968867902,0.963807423137,-0.266599420679
2025-04-18,-0.004652602899,-0.492169514266,-0.974927912182,-0.222520933956,0.959078890034,-0.283138981228
2025-04-19,0.041468799327,0.163550373419,-0.781831482468,0.623489801859,0.954066550058,-0.299594756397
2025-04-20,-0.014237972276,0.102784141933,0.000000000000,1.000000000000,0.948771886440,-0.315961876658
2025-04-21,-0.007798127770,0.397963747173,0.781831482468,0.623489801859,0.943196465957,-0.332235498716
2025-04-22,0.084374983151,0.112808938868,0.974927912182,-0.222520933956,0.937341938464,-0.348410806945
2025-04-23,0.016094899659,0.008411226304,0.433883739118,-0.900968867902,0.931210036412,-0.364483014810
2025-04-24,0.007585373678,-0.185621795915,-0.433883739118,-0.900968867902,0.924802574329,-0.380447366288
2025-04-25,-0.009159303610,0.122550495043,-0.974927912182,-0.222520933956,0.918121448284,-0.396299137269
2025-04-26,-0.010830333519,-0.729017423422,-0.781831482468,0.623489801859,0.911168635333,-0.412033636959
2025-04-27,-0.007014548846,-0.054308143551,0.000000000000,1.000000000000,0.903946192922,-0.427646209268
2025-04-28,-0.002944702891,0.639135005887,0.781831482468,0.623489801859,0.896456258291,-0.443132234183
2025-04-29,-0.009394271877,-0.284852745908,0.974927912182,-0.222520933956,0.888701047829,-0.458487129140
2025-04-30,0.008265613670,0.049152187494,0.433883739118,-0.900968867902,0.880682856430,-0.473706350380
2025-05-01,0.021464770178,0.066371095091,-0.433883739118,-0.900968867902,0.872404056805,-0.488785394289
2025-05-02,-0.018713066457,-0.132646932591,-0.974927912182,-0.222520933956,0.863867098784,-0.503719798736
2025-05-03,-0.008506065844,-0.588716020086,-0.781831482468,0.623489801859,0.855074508590,-0.518505144391
2025-05-04,-0.019348542621,0.043337051099,0.000000000000,1.000000000000,0.846028888092,-0.533137056032
2025-05-05,0.018671108275,0.313255805152,0.781831482468,0.623489801859,0.836732914034,-0.547611203840
2025-05-06,0.000475447839,0.197797639486,0.974927912182,-0.222520933956,0.827189337246,-0.561923304683
2025-05-07,0.003043350150,0.458714915347,0.433883739118,-0.900968867902,0.817400981825,-0.576069123380
2025-05-08,0.107741703752,0.389519805391,-0.433883739118,-0.900968867902,0.807370744302,-0.590044473955
2025-05-09,0.052671203589,0.156472213572,-0.974927912182,-0.222520933956,0.797101592787,-0.603845220877
2025-05-10,0.027358145783,-0.619116327452,-0.781831482468,0.623489801859,0.786596566087,-0.617467280284
2025-05-11,-0.026212108714,0.003209039337,0.000000000000,1.000000000000,0.775858772807,-0.630906621188
2025-05-12,0.007034441634,0.544820912148,0.781831482468,0.623489801859,0.764891390434,-0.644159266672
2025-05-13,0.054490792461,-0.294535011887,0.974927912182,-0.222520933956,0.753697664393,-0.657221295066
2025-05-14,-0.040464152605,-0.114486815799,0.433883739118,-0.900968867902,0.742280907087,-0.670088841106
2025-05-15,-0.044547752720,-0.058795846911,-0.433883739118,-0.900968867902,0.730644496918,-0.682758097076
2025-05-16,-0.009966312940,-0.218123010227,-0.974927912182,-0.222520933956,0.718791877288,-0.695225313941
2025-05-17,-0.008420513051,-0.227747094829,-0.781831482468,0.623489801859,0.706726555578,-0.707486802450
2025-05-18,0.046901989410,0.328493238771,0.000000000000,1.000000000000,0.694452102109,-0.719538934233
2025-05-19,-0.041292544152,0.151524814832,0.781831482468,0.623489801859,0.681972149090,-0.731378142868
2025-05-20,0.009658468554,-0.172182590494,0.974927912182,-0.222520933956,0.669290389541,-0.743000924944
2025-05-21,0.030385558818,0.327588496973,0.433883739118,-0.900968867902,0.656410576198,-0.754403841093
2025-05-22,0.034013923477,-0.067202239800,-0.433883739118,-0.900968867902,0.643336520404,-0.765583517008
2025-05-23,-0.033186936049,0.421362778472,-0.974927912182,-0.222520933956,0.630072090984,-0.776536644443
2025-05-24,0.012673412495,-0.913791039681,-0.781831482468,0.623489801859,0.616621213096,-0.787259982192
2025-05-25,-0.001801899205,0.122850305172,0.000000000000,1.000000000000,0.602987867069,-0.797750357046
2025-05-26,-0.004663461678,-0.167073450846,0.781831482468,0.623489801859,0.589176087232,-0.808004664735
2025-05-27,0.010845499670,0.262980155432,0.974927912182,-0.222520933956,0.575189960712,-0.818019870844
2025-05-28,-0.026509075008,-0.078595001551,0.433883739118,-0.900968867902,0.561033626228,-0.827793011713
2025-05-29,-0.033071180519,0.007432039076,-0.433883739118,-0.900968867902,0.546711272869,-0.837321195312
2025-05-30,-0.064165349824,0.247765292603,-0.974927912182,-0.222520933956,0.532227138847,-0.846601602098
2025-05-31,0.002584021092,-0.459177637047,-0.781831482468,0.623489801859,0.517585510253,-0.855631485849
2025-06-01,0.007287015520,-0.097841239255,0.000000000000,1.000000000000,0.502790719779,-0.864408174478
2025-06-02,-0.004997006703,0.183987919262,0.781831482468,0.623489801859,0.487847145442,-0.872929070821
2025-06-03,-0.010596791474,0.197159263780,0.974927912182,-0.222520933956,0.472759209286,-0.881191653407
2025-06-04,-0.012850856407,-0.327815625291,0.433883739118,-0.900968867902,0.457531376074,-0.889193477207
2025-06-05,-0.059209094919,0.554464154437,-0.433883739118,-0.900968867902,0.442168151967,-0.896932174351
2025-06-06,0.023048434188,-0.523169155122,-0.974927912182,-0.222520933956,0.426674083190,-0.904405454834
2025-06-07,0.014903499507,-0.382776115609,-0.781831482468,0.623489801859,0.411053754687,-0.911611107193
2025-06-08,0.015177473879,0.016883751011,0.000000000000,1.000000000000,0.395311788765,-0.918546999159
2025-06-09,0.055248729745,0.648763857487,0.781831482468,0.623489801859,0.379452843725,-0.925211078289
2025-06-10,0.024161316120,0.282035881615,0.974927912182,-0.222520933956,0.363481612483,-0.931601372577
2025-06-11,-0.024364896415,0.078908579886,0.433883739118,-0.900968867902,0.347402821184,-0.937715991030
2025-06-12,-0.052688988000,-0.370023449391,-0.433883739118,-0.900968867902,0.331221227802,-0.943553124235
2025-06-13,-0.027613347041,0.551572182112,-0.974927912182,-0.222520933956,0.314941620729,-0.949111044890
2025-06-14,-0.026345850699,-1.078225606328,-0.781831482468,0.623489801859,0.298568817364,-0.954388108318
2025-06-15,0.054120970709,0.511299329596,0.000000000000,1.000000000000,0.282107662682,-0.959382752949
2025-06-16,-0.012805554879,0.251485870723,0.781831482468,0.623489801859,0.265563027804,-0.964093500789
2025-06-17,-0.020898192769,-0.027083080040,0.974927912182,-0.222520933956,0.248939808554,-0.968518957851
2025-06-18,-0.009497989591,-0.250499615888,0.433883739118,-0.900968867902,0.232242924009,-0.972657814572
2025-06-19,0.004896349717,-0.241448378353,-0.433883739118,-0.900968867902,0.215477315047,-0.976508846197
2025-06-20,-0.048072730325,0.400563595713,-0.974927912182,-0.222520933956,0.198647942880,-0.980070913143
2025-06-21,-0.036379203584,-0.209308962104,-0.781831482468,0.623489801859,0.181759787591,-0.983342961339
2025-06-22,-0.026580486976,0.402833508933,0.000000000000,1.000000000000,0.164817846657,-0.986324022532
2025-06-23,0.095789864608,0.140443653540,0.781831482468,0.623489801859,0.147827133471,-0.989013214578
2025-06-24,0.007619009116,-0.436931834148,0.974927912182,-0.222520933956,0.130792675857,-0.991409741702
2025-06-25,-0.016924364225,-0.180960197692,0.433883739118,-0.900968867902,0.113719514586,-0.993512894734
2025-06-26,-0.031466272897,0.117226842976,-0.433883739118,-0.900968867902,0.096612701881,-0.995322051316
2025-06-27,0.022270128292,-0.045150508974,-0.974927912182,-0.222520933956,0.079477299924,-0.996836676089
2025-06-28,0.058962582459,-0.155681152173,-0.781831482468,0.623489801859,0.062318379354,-0.998056320853
2025-06-29,0.016605829457,-0.145083876325,0.000000000000,1.000000000000,0.045141017774,-0.998980624694
2025-06-30,0.008972922754,0.657244038942,0.781831482468,0.623489801859,0.027950298240,-0.999609314096
2025-07-01,-0.051782566909,-0.277828423181,0.974927912182,-0.222520933956,0.010751307764,-0.999942203020
2025-07-02,0.035443584829,0.090904591889,0.433883739118,-0.900968867902,-0.006450864198,-0.999979192959
2025-07-03,0.001143447238,-0.050392843653,-0.433883739118,-0.900968867902,-0.023651127245,-0.999720272966
2025-07-04,-0.030906438365,-0.047138712468,-0.974927912182,-0.222520933956,-0.040844391543,-0.999165519661
2025-07-05,-0.000827286961,-0.816798901892,-0.781831482468,0.623489801859,-0.058025569329,-0.998315097203
2025-07-06,0.028257558280,0.614755863045,0.000000000000,1.000000000000,-0.075189576415,-0.997169257247
2025-07-07,-0.019955057068,0.225715247637,0.781831482468,0.623489801859,-0.092331333695,-0.995728338865
2025-07-08,0.019543142615,0.059411522322,0.974927912182,-0.222520933956,-0.109445768649,-0.993992768447
2025-07-09,0.035404917064,0.202884563490,0.433883739118,-0.900968867902,-0.126527816839,-0.991963059577
2025-07-10,0.042211873645,0.180923815507,-0.433883739118,-0.900968867902,-0.143572423412,-0.989639812879
2025-07-11,-0.007214660228,0.218472667359,-0.974927912182,-0.222520933956,-0.160574544595,-0.987023715839
2025-07-12,-0.013589504710,-0.625746435408,-0.781831482468,0.623489801859,-0.177529149187,-0.984115542601
2025-07-13,0.003163742758,0.018431320958,0.000000000000,1.000000000000,-0.194431220048,-0.980916153741
2025-07-14,0.006685095051,0.612212537358,0.781831482468,0.623489801859,-0.211275755582,-0.977426496010
2025-07-15,0.010270383934,-0.087465947749,0.974927912182,-0.222520933956,-0.228057771222,-0.973647602054
2025-07-16,0.057814312970,0.253116627240,0.433883739118,-0.900968867902,-0.244772300897,-0.969580590108
2025-07-17,0.011928926050,-0.061518719411,-0.433883739118,-0.900968867902,-0.261414398511,-0.965226663666
2025-07-18,0.008998025686,0.064366860014,-0.974927912182,-0.222520933956,-0.277979139399,-0.960587111125
2025-07-19,-0.001759583031,-0.728061426057,-0.781831482468,0.623489801859,-0.294461621787,-0.955663305403
2025-07-20,0.024963396759,0.467539192351,0.000000000000,1.000000000000,-0.310856968244,-0.950456703535
2025-07-21,0.076576124708,0.544557631532,0.781831482468,0.623489801859,-0.327160327122,-0.944968846236
2025-07-22,0.048336065454,0.257808588167,0.974927912182,-0.222520933956,-0.343366873996,-0.939201357453
2025-07-23,-0.081805866459,-0.307186776322,0.433883739118,-0.900968867902,-0.359471813088,-0.933155943878
2025-07-24,-0.037284409885,-0.179054730551,-0.433883739118,-0.900968867902,-0.375470378688,-0.926834394446
2025-07-25,0.022598473929,-0.035170609763,-0.974927912182,-0.222520933956,-0.391357836561,-0.920238579805
2025-07-26,-0.010039449973,-0.829933910481,-0.781831482468,0.623489801859,-0.407129485354,-0.913370451764
2025-07-27,0.020445714148,0.226997042484,0.000000000000,1.000000000000,-0.422780657983,-0.906232042711
2025-07-28,-0.033358013859,0.458647551720,0.781831482468,0.623489801859,-0.438306723013,-0.898825465016
2025-07-29,-0.006630030910,-0.317052832295,0.974927912182,-0.222520933956,-0.453703086031,-0.891152910406
2025-07-30,-0.020284812221,0.112147981948,0.433883739118,-0.900968867902,-0.468965191008,-0.883216649313
2025-07-31,-0.030104485349,-0.109715454574,-0.433883739118,-0.900968867902,-0.484088521639,-0.875019030203
2025-08-01,-0.056962701638,0.409749930829,-0.974927912182,-0.222520933956,-0.499068602689,-0.866562478885
2025-08-02,-0.027348430969,-0.610137167535,-0.781831482468,0.623489801859,-0.513901001309,-0.857849497787
2025-08-03,0.021670902632,-0.185015468950,0.000000000000,1.000000000000,-0.528581328356,-0.848882665221
2025-08-04,0.045096080085,0.295984943263,0.781831482468,0.623489801859,-0.543105239683,-0.839664634618
2025-08-05,-0.031960145191,0.000280114715,0.974927912182,-0.222520933956,-0.557468437433,-0.830198133741
2025-08-06,0.024555200531,-0.256815983558,0.433883739118,-0.900968867902,-0.571666671303,-0.820485963879
2025-08-07,0.042546530136,0.295752618818,-0.433883739118,-0.900968867902,-0.585695739807,-0.810530999019
2025-08-08,0.007255487889,0.237527476327,-0.974927912182,-0.222520933956,-0.599551491520,-0.800336184998
2025-08-09,0.019157856999,-0.214497486356,-0.781831482468,0.623489801859,-0.613229826300,-0.789904538622
2025-08-10,0.014986688237,0.237753846225,0.000000000000,1.000000000000,-0.626726696508,-0.779239146786
2025-08-11,-0.044296853279,0.090228721592,0.781831482468,0.623489801859,-0.640038108204,-0.768343165549
2025-08-12,0.092090212870,0.157859790016,0.974927912182,-0.222520933956,-0.653160122327,-0.757219819208
2025-08-13,0.049488632988,0.317658936508,0.433883739118,-0.900968867902,-0.666088855861,-0.745872399340
2025-08-14,-0.045695471095,0.214668620137,-0.433883739118,-0.900968867902,-0.678820482986,-0.734304263830
2025-08-15,-0.036187949602,-0.646056816746,-0.974927912182,-0.222520933956,-0.691351236209,-0.722518835873
2025-08-16,0.021442382516,-0.726719682574,-0.781831482468,0.623489801859,-0.703677407479,-0.710519602969
2025-08-17,0.007339021502,0.127608604681,0.000000000000,1.000000000000,-0.715795349283,-0.698310115884
2025-08-18,-0.043268133101,0.404730013030,0.781831482468,0.623489801859,-0.727701475726,-0.685893987600
2025-08-19,-0.038746170152,-0.054791200975,0.974927912182,-0.222520933956,-0.739392263596,-0.673274892250
2025-08-20,0.063117312897,0.047667743707,0.433883739118,-0.900968867902,-0.750864253399,-0.660456564028
2025-08-21,-0.039724364709,-0.155342762892,-0.433883739118,-0.900968867902,-0.762114050389,-0.647442796083
2025-08-22,0.107034705138,0.645381023703,-0.974927912182,-0.222520933956,-0.773138325571,-0.634237439398
2025-08-23,0.016260466902,-0.267976809690,-0.781831482468,0.623489801859,-0.783933816683,-0.620844401651
2025-08-24,0.009349433993,0.378673029539,0.000000000000,1.000000000000,-0.794497329167,-0.607267646057
2025-08-25,-0.094562761196,0.130054062406,0.781831482468,0.623489801859,-0.804825737108,-0.593511190196
2025-08-26,0.045033802854,-0.485205972326,0.974927912182,-0.222520933956,-0.814915984166,-0.579579104826
2025-08-27,0.035198112919,0.472469990974,0.433883739118,-0.900968867902,-0.824765084473,-0.565475512674
2025-08-28,0.055041311310,-0.064446024879,-0.433883739118,-0.900968867902,-0.834370123523,-0.551204587220
2025-08-29,-0.043787152799,0.151509997064,-0.974927912182,-0.222520933956,-0.843728259029,-0.536770551461
2025-08-30,-0.011565814461,-0.880187575940,-0.781831482468,0.623489801859,-0.852836721769,-0.522177676660
2025-08-31,-0.009890990662,-0.147573647878,0.000000000000,1.000000000000,-0.861692816403,-0.507430281083
2025-09-01,-0.018872261628,0.366240009984,0.781831482468,0.623489801859,-0.870293922269,-0.492532728722
2025-09-02,0.060882092326,0.173227556185,0.974927912182,-0.222520933956,-0.878637494161,-0.477489428003
2025-09-03,0.006019469410,-0.213581826906,0.433883739118,-0.900968867902,-0.886721063083,-0.462304830480
2025-09-04,-0.039618044508,-0.284424732486,-0.433883739118,-0.900968867902,-0.894542236976,-0.446983429520
2025-09-05,0.004621700766,0.394885813037,-0.974927912182,-0.222520933956,-0.902098701430,-0.431529758971
2025-09-06,-0.016110585931,-0.934064607964,-0.781831482468,0.623489801859,-0.909388220365,-0.415948391825
2025-09-07,0.030598189099,0.306368212991,0.000000000000,1.000000000000,-0.916408636694,-0.400243938857
2025-09-08,0.036700335525,0.880648813166,0.781831482468,0.623489801859,-0.923157872965,-0.384421047269
2025-09-09,0.014205254447,-0.129916780396,0.974927912182,-0.222520933956,-0.929633931968,-0.368484399308
2025-09-10,0.030535678771,0.030398164296,0.433883739118,-0.900968867902,-0.935834897335,-0.352438710885
2025-09-11,0.021069115816,0.054761435731,-0.433883739118,-0.900968867902,-0.941758934099,-0.336288730177
2025-09-12,0.057533460552,0.305849607522,-0.974927912182,-0.222520933956,-0.947404289244,-0.320039236223
2025-09-13,0.001206922355,-0.553569178727,-0.781831482468,0.623489801859,-0.952769292217,-0.303695037511
2025-09-14,-0.008437151746,0.224208859073,0.000000000000,1.000000000000,-0.957852355428,-0.287260970551
2025-09-15,-0.026111970619,0.068106027055,0.781831482468,0.623489801859,-0.962651974716,-0.270741898448
2025-09-16,0.011168186634,-0.286631239214,0.974927912182,-0.222520933956,-0.967166729798,-0.254142709461
2025-09-17,0.032660047721,0.326072380680,0.433883739118,-0.900968867902,-0.971395284684,-0.237468315558
2025-09-18,0.011288277909,-0.118240736233,-0.433883739118,-0.900968867902,-0.975336388077,-0.220723650961
2025-09-19,-0.037374225707,-0.208838044153,-0.974927912182,-0.222520933956,-0.978988873741,-0.203913670683
2025-09-20,0.004349228350,-0.758625386386,-0.781831482468,0.623489801859,-0.982351660847,-0.187043349070
2025-09-21,-0.012672290345,-0.001609533113,0.000000000000,1.000000000000,-0.985423754292,-0.170117678320
2025-09-22,-0.070385633498,1.236945419159,0.781831482468,0.623489801859,-0.988204244994,-0.153141667013
2025-09-23,-0.031227455357,-0.495548492260,0.974927912182,-0.222520933956,-0.990692310162,-0.136120338623
2025-09-24,-0.009218237741,0.127621382329,0.433883739118,-0.900968867902,-0.992887213536,-0.119058730034
2025-09-25,-0.095959303967,0.385255270163,-0.433883739118,-0.900968867902,-0.994788305609,-0.101961890052
2025-09-26,0.065251705300,-0.175266505726,-0.974927912182,-0.222520933956,-0.996395023819,-0.084834877906
2025-09-27,-0.008652882706,-0.945132907645,-0.781831482468,0.623489801859,-0.997706892710,-0.067682761755
2025-09-28,0.034539059642,0.106554305210,0.000000000000,1.000000000000,-0.998723524080,-0.050510617185
2025-09-29,0.010928409429,0.432663638202,0.781831482468,0.623489801859,-0.999444617092,-0.033323525712
2025-09-30,-0.020438468664,-0.001872337082,0.974927912182,-0.222520933956,-0.999869958362,-0.016126573271
2025-10-01,0.060111885673,0.184288599474,0.433883739118,-0.900968867902,-0.999999422025,0.001075151283
2025-10-02,0.057759993088,0.156548605475,-0.433883739118,-0.900968867902,-0.999832969770,0.018276557682
2025-10-03,-0.007929374125,-0.039684758705,-0.974927912182,-0.222520933956,-0.999370650854,0.035472555753
2025-10-04,-0.021687218526,-0.713045876817,-0.781831482468,0.623489801859,-0.998612602084,0.052658056925
2025-10-05,0.002619301454,0.448902532534,0.000000000000,1.000000000000,-0.997559047779,0.069827975730
2025-10-06,0.016980214481,0.053020071832,0.781831482468,0.623489801859,-0.996210299702,0.086977231314
2025-10-07,-0.053139911697,0.216489439594,0.974927912182,-0.222520933956,-0.994566756971,0.104100748935
2025-10-08,0.038344590497,-0.260328334726,0.433883739118,-0.900968867902,-0.992628905935,0.121193461471
2025-10-09,-0.036041567948,0.093117369702,-0.433883739118,-0.900968867902,-0.990397320035,0.138250310911
2025-10-10,-0.158155374769,0.753438616687,-0.974927912182,-0.222520933956,-0.987872659635,0.155266249860
2025-10-11,-0.057879112478,-0.267106699756,-0.781831482468,0.623489801859,-0.985055671822,0.172236243028
2025-10-12,0.103694026290,-0.085496032146,0.000000000000,1.000000000000,-0.981947190187,0.189155268720
2025-10-13,0.053520511646,-0.028161363987,0.781831482468,0.623489801859,-0.978548134580,0.206018320325
2025-10-14,-0.028758333075,0.170396999008,0.974927912182,-0.222520933956,-0.974859510837,0.222820407795
2025-10-15,-0.042573164151,-0.320826833237,0.433883739118,-0.900968867902,-0.970882410481,0.239556559121
2025-10-16,-0.049297806830,0.017606975589,-0.433883739118,-0.900968867902,-0.966618010400,0.256221821807
2025-10-17,-0.014475233552,0.035108151900,-0.974927912182,-0.222520933956,-0.962067572498,0.272811264334
2025-10-18,0.030435556411,-0.928816658693,-0.781831482468,0.623489801859,-0.957232443323,0.289319977619
2025-10-19,0.000734616173,0.168546186999,0.000000000000,1.000000000000,-0.952114053668,0.305743076467
2025-10-20,0.010342959086,0.227233170658,0.781831482468,0.623489801859,-0.946713918146,0.322075701021
2025-10-21,-0.021760112666,0.293560159621,0.974927912182,-0.222520933956,-0.941033634745,0.338313018192
2025-10-22,-0.030171372070,-0.109515725112,0.433883739118,-0.900968867902,-0.935074884352,0.354450223099
2025-10-23,0.060524748961,-0.143212522827,-0.433883739118,-0.900968867902,-0.928839430256,0.370482540482
2025-10-24,0.011284493032,-0.082457992134,-0.974927912182,-0.222520933956,-0.922329117629,0.386405226121
2025-10-25,0.002477542912,-0.613562892516,-0.781831482468,0.623489801859,-0.915545872978,0.402213568237
2025-10-26,0.030394229040,0.405094920480,0.000000000000,1.000000000000,-0.908491703573,0.417902888887
2025-10-27,-0.006454419246,0.345427587449,0.781831482468,0.623489801859,-0.901168696856,0.433468545349
2025-10-28,-0.021868058844,0.186747099510,0.974927912182,-0.222520933956,-0.893579019824,0.448905931494
2025-10-29,-0.000164182002,-0.004434056495,0.433883739118,-0.900968867902,-0.885724918384,0.464210479152
2025-10-30,-0.051650223414,0.075406078231,-0.433883739118,-0.900968867902,-0.877608716690,0.479377659461
2025-10-31,0.013904564317,-0.421591214979,-0.974927912182,-0.222520933956,-0.869232816457,0.494402984208
2025-11-01,-0.004440292396,-0.731537529057,-0.781831482468,0.623489801859,-0.860599696250,0.509282007157
2025-11-02,0.007727989152,0.158653807627,0.000000000000,1.000000000000,-0.851711910747,0.524010325368
2025-11-03,-0.122981847214,1.143429098576,0.781831482468,0.623489801859,-0.842572089987,0.538583580492
2025-11-04,-0.066511093859,0.150394872779,0.974927912182,-0.222520933956,-0.833182938589,0.552997460070
2025-11-05,0.045061586934,-0.476480358581,0.433883739118,-0.900968867902,-0.823547234956,0.567247698803
2025-11-06,-0.047234203444,-0.272221624687,-0.433883739118,-0.900968867902,-0.813667830446,0.581330079815
2025-11-07,0.041943022235,0.169241049840,-0.974927912182,-0.222520933956,-0.803547648534,0.595240435904
2025-11-08,-0.022549715054,-0.552872285945,-0.781831482468,0.623489801859,-0.793189683945,0.608974650772
2025-11-09,0.039386325164,0.183488122068,0.000000000000,1.000000000000,-0.782597001768,0.622528660243
2025-11-10,0.017559096184,0.178408700039,0.781831482468,0.623489801859,-0.771772736547,0.635898453468
2025-11-11,-0.079552775715,0.133981078920,0.974927912182,-0.222520933956,-0.760720091356,0.649080074110
2025-11-12,-0.008487125700,-0.036514328151,0.433883739118,-0.900968867902,-0.749442336852,0.662069621515
2025-11-13,-0.054667566519,0.207011019194,-0.433883739118,-0.900968867902,-0.737942810303,0.674863251868
2025-11-14,-0.045336923011,0.105159275354,-0.974927912182,-0.222520933956,-0.726224914604,0.687457179327
2025-11-15,0.006172272385,-0.862355718987,-0.781831482468,0.623489801859,-0.714292117269,0.699847677146
2025-11-16,-0.016398218304,0.314073058554,0.000000000000,1.000000000000,-0.702147949405,0.712031078779
2025-11-17,-0.047880313728,0.439803519939,0.781831482468,0.623489801859,-0.689796004666,0.724003778959
2025-11-18,0.072693823039,0.009523251320,0.974927912182,-0.222520933956,-0.677239938191,0.735762234774
2025-11-19,-0.028453803891,-0.208921961246,0.433883739118,-0.900968867902,-0.664483465523,0.747302966705
2025-11-20,-0.024048460227,0.347112001726,-0.433883739118,-0.900968867902,-0.651530361507,0.758622559666
2025-11-21,-0.038297117665,0.170961494930,-0.974927912182,-0.222520933956,-0.638384459175,0.769717664007
2025-11-22,-0.007414963513,-1.060552820533,-0.781831482468,0.623489801859,-0.625049648610,0.780584996507
2025-11-23,0.024425497010,0.090080877359,0.000000000000,1.000000000000,-0.611529875799,0.791221341348
2025-11-24,0.056997679421,0.459288557119,0.781831482468,0.623489801859,-0.597829141459,0.801623551065
2025-11-25,0.003749452336,-0.292796667101,0.974927912182,-0.222520933956,-0.583951499858,0.811788547476
2025-11-26,0.029239395596,0.172516493138,0.433883739118,-0.900968867902,-0.569901057613,0.821713322596
2025-11-27,-0.015259913178,-0.449916566765,-0.433883739118,-0.900968867902,-0.555681972476,0.831394939523
2025-11-28,-0.024844934301,0.352752291439,-0.974927912182,-0.222520933956,-0.541298452104,0.840830533312
2025-11-29,-0.009569516158,-0.694900042380,-0.781831482468,0.623489801859,-0.526754752811,0.850017311819
2025-11-30,-0.018668622037,0.251836716849,0.000000000000,1.000000000000,-0.512055178311,0.858952556527
2025-12-01,-0.052693601613,0.687474613100,0.781831482468,0.623489801859,-0.497204078447,0.867633623355
2025-12-02,0.090234069741,-0.006221165068,0.974927912182,-0.222520933956,-0.482205847896,0.876057943434
2025-12-03,0.043906120967,-0.060824466016,0.433883739118,-0.900968867902,-0.467064924877,0.884223023874
2025-12-04,-0.041455053288,-0.299736452551,-0.433883739118,-0.900968867902,-0.451785789833,0.892126448495
2025-12-05,-0.041803693122,0.056985624160,-0.974927912182,-0.222520933956,-0.436372964105,0.899765878548
2025-12-06,-0.007336525767,-0.793390204442,-0.781831482468,0.623489801859,-0.420831008596,0.907139053401
2025-12-07,-0.001927703432,0.618200107077,0.000000000000,1.000000000000,-0.405164522421,0.914243791213
2025-12-08,0.008928377125,0.208244063526,0.781831482468,0.623489801859,-0.389378141545,0.921077989579
2025-12-09,0.034101580776,0.220062125594,0.974927912182,-0.222520933956,-0.373476537413,0.927639626149
2025-12-10,-0.010442806196,0.013543037905,0.433883739118,-0.900968867902,-0.357464415565,0.933926759229
2025-12-11,-0.000714394360,-0.019732029347,-0.433883739118,-0.900968867902,-0.341346514245,0.939937528356
2025-12-12,-0.030127578662,-0.099331171565,-0.974927912182,-0.222520933956,-0.325127603000,0.945670154847
2025-12-13,0.006952363522,-0.959211301817,-0.781831482468,0.623489801859,-0.308812481266,0.951122942324
2025-12-14,-0.028673172805,0.206776534636,0.000000000000,1.000000000000,-0.292405976951,0.956294277220
2025-12-15,-0.013403933494,0.721281458437,0.781831482468,0.623489801859,-0.275912945003,0.961182629254
2025-12-16,0.011626892307,-0.267407536273,0.974927912182,-0.222520933956,-0.259338265975,0.965786551884
2025-12-17,-0.048599939108,0.330345551221,0.433883739118,-0.900968867902,-0.242686844583,0.970104682736
2025-12-18,-0.029254653175,0.067888633694,-0.433883739118,-0.900968867902,-0.225963608248,0.974135744005
2025-12-19,0.053907244707,-0.145551652673,-0.974927912182,-0.222520933956,-0.209173505646,0.977878542834
2025-12-20,-0.003045320212,-1.085542917839,-0.781831482468,0.623489801859,-0.192321505239,0.981331971670
2025-12-21,0.001449279129,0.315533161361,0.000000000000,1.000000000000,-0.175412593804,0.984495008588
2025-12-22,-0.001511318494,0.448428017020,0.781831482468,0.623489801859,-0.158451774961,0.987366717594
2025-12-23,-0.015573715338,-0.170580342809,0.974927912182,-0.222520933956,-0.141444067688,0.989946248902
2025-12-24,-0.011356379905,-0.287488773869,0.433883739118,-0.900968867902,-0.124394504840,0.992232839189
2025-12-25,-0.020722052855,-0.052966215859,-0.433883739118,-0.900968867902,-0.107308131656,0.994225811816
2025-12-26,0.018574946820,0.543772931602,-0.974927912182,-0.222520933956,-0.090190004270,0.995924577029
2025-12-27,0.019865528712,-0.792306198170,-0.781831482468,0.623489801859,-0.073045188211,0.997328632136
2025-12-28,0.004415855432,0.157714657703,0.000000000000,1.000000000000,-0.055878756905,0.998437561657
2025-12-29,-0.016705357085,0.888470874327,0.781831482468,0.623489801859,-0.038695790177,0.999251037439
2025-12-30,0.014562189400,-0.453132306251,0.974927912182,-0.222520933956,-0.021501372741,0.999768818763
2025-12-31,-0.003583206353,0.158127868936,0.433883739118,-0.900968867902,-0.004300592703,0.999990752408
2026-01-01,0.018123457754,-0.387635333591,-0.433883739118,-0.900968867902,0.017201575418,0.999852041956
2026-01-02,0.041509639723,0.605162581592,-0.974927912182,-0.222520933956,0.034398060614,0.999408211606
2026-01-03,0.008776764107,-0.598932675488,-0.781831482468,0.623489801859,0.051584366869,0.998668640288
2026-01-04,0.004499555135,0.185725718081,0.000000000000,1.000000000000,0.068755408481,0.997633546852
2026-01-05,0.030090679219,0.555999448908,0.781831482468,0.623489801859,0.085906104261,0.996303237599
2026-01-06,0.022276617905,0.121821792682,0.974927912182,-0.222520933956,0.103031379043,0.994678106189
2026-01-07,-0.034503805413,-0.407061447638,0.433883739118,-0.900968867902,0.120126165182,0.992758633525
2026-01-08,0.014423857003,0.200214627949,-0.433883739118,-0.900968867902,0.137185404057,0.990545387609
2026-01-09,-0.018515652095,0.046196842904,-0.974927912182,-0.222520933956,0.154204047563,0.988039023377
2026-01-10,-0.000216502578,-1.120367581033,-0.781831482468,0.623489801859,0.171177059610,0.985240282501
2026-01-11,0.027350682938,0.657424608676,0.000000000000,1.000000000000,0.188099417612,0.982149993175
2026-01-12,-0.002543035693,0.660500156572,0.781831482468,0.623489801859,0.204966113969,0.978769069865
2026-01-13,0.043766212215,0.107085490389,0.974927912182,-0.222520933956,0.221772157556,0.975098513040
2026-01-14,0.009530178803,-0.064782021637,0.433883739118,-0.900968867902,0.238512575194,0.971139408877
2026-01-15,-0.030584119560,-0.320154035308,-0.433883739118,-0.900968867902,0.255182413123,0.966892928939
2026-01-16,0.017605557413,-0.234225045076,-0.974927912182,-0.222520933956,0.271776738471,0.962360329828
2026-01-17,-0.007864563058,-0.653456414445,-0.781831482468,0.623489801859,0.288290640710,0.957542952812
2026-01-18,-0.040685951967,0.451344195088,0.000000000000,1.000000000000,0.304719233109,0.952442223431
2026-01-19,-0.034328010640,0.519810506475,0.781831482468,0.623489801859,0.321057654185,0.947059651072
2026-01-20,-0.058948830263,0.118122858037,0.974927912182,-0.222520933956,0.337301069136,0.941396828526
2026-01-21,0.028802981703,-0.038358670339,0.433883739118,-0.900968867902,0.353444671274,0.935455431513
2026-01-22,-0.008466225782,-0.525993453852,-0.433883739118,-0.900968867902,0.369483683447,0.929237218188
2026-01-23,-0.007250301371,0.159102547627,-0.974927912182,-0.222520933956,0.385413359454,0.922744028620
2026-01-24,-0.002419368473,-0.843237404487,-0.781831482468,0.623489801859,0.401228985448,0.915977784248
2026-01-25,-0.067397848500,1.194188407428,0.000000000000,1.000000000000,0.416925881329,0.908940487314
2026-01-26,0.044194833579,-0.224479668707,0.781831482468,0.623489801859,0.432499402134,0.901634220265
2026-01-27,0.023210701103,-0.148611324303,0.974927912182,-0.222520933956,0.447944939408,0.894061145145
2026-01-28,-0.015357585241,-0.038431187925,0.433883739118,-0.900968867902,0.463257922567,0.886223502949
2026-01-29,-0.061922792046,0.533636273080,-0.433883739118,-0.900968867902,0.478433820255,0.878123612959
2026-01-30,-0.002066055322,0.120592710104,-0.974927912182,-0.222520933956,0.493468141677,0.869763872065
2026-01-31,-0.107114289027,0.336033653551,-0.781831482468,0.623489801859,0.508356437938,0.861146754048
2026-02-01,-0.044518253877,-0.561909292256,0.000000000000,1.000000000000,0.523094303349,0.852274808852
2026-02-02,0.035271518762,0.244877612969,0.781831482468,0.623489801859,0.537677376741,0.843150661828
2026-02-03,-0.068403400946,-0.176608488942,0.974927912182,-0.222520933956,0.552101342746,0.833777012959
2026-02-04,-0.058400533434,0.206897600259,0.433883739118,-0.900968867902,0.566361933081,0.824156636057
2026-02-05,-0.162998338685,0.388240401215,-0.433883739118,-0.900968867902,0.580454927809,0.814292377947
2026-02-06,0.112127426992,0.099686006766,-0.974927912182,-0.222520933956,0.594376156585,0.804187157621
2026-02-07,0.001999450719,-0.808077077370,-0.781831482468,0.623489801859,0.608121499894,0.793843965378
2026-02-08,-0.006820642271,-0.527468170488,0.000000000000,1.000000000000,0.621686890267,0.783265861934
2026-02-09,-0.003940510485,0.283527237371,0.781831482468,0.623489801859,0.635068313487,0.772455977519
2026-02-10,-0.044652645208,-0.347409758987,0.974927912182,-0.222520933956,0.648261809776,0.761417510953
2026-02-11,-0.045160760925,0.402329563576,0.433883739118,-0.900968867902,0.661263474966,0.750153728696
2026-02-12,-0.011494949224,-0.154726791500,-0.433883739118,-0.900968867902,0.674069461655,0.738667963881
2026-02-13,0.073483126573,-0.006579347993,-0.974927912182,-0.222520933956,0.686675980345,0.726963615332
2026-02-14,0.044513608756,-0.215246277011,-0.781831482468,0.623489801859,0.699079300566,0.715044146554
2026-02-15,-0.024756264418,0.345394353233,0.000000000000,1.000000000000,0.711275751974,0.702913084708
2026-02-16,0.004914250489,-0.169195565170,0.781831482468,0.623489801859,0.723261725444,0.690574019572
2026-02-17,-0.014347436417,-0.104007900341,0.974927912182,-0.222520933956,0.735033674133,0.678030602474
2026-02-18,-0.043549239324,0.033091869294,0.433883739118,-0.900968867902,0.746588114532,0.665286545211
2026-02-19,0.010079380034,-0.128111500346,-0.433883739118,-0.900968867902,0.757921627497,0.652345618957
2026-02-20,0.026845669748,0.291943536271,-0.974927912182,-0.222520933956,0.769030859259,0.639211653138
2026-02-21,0.006782948020,-0.649021412188,-0.781831482468,0.623489801859,0.779912522417,0.625888534308
2026-02-22,-0.028813040129,0.005059564083,0.000000000000,1.000000000000,0.790563396912,0.612380204990
2026-02-23,-0.062777852290,0.894492428106,0.781831482468,0.623489801859,0.800980330978,0.598690662518
2026-02-24,0.016368812810,-0.315792919784,0.974927912182,-0.222520933956,0.811160242079,0.584823957846
2026-02-25,0.106467256407,0.467698144606,0.433883739118,-0.900968867902,0.821100117813,0.570784194357
2026-02-26,-0.023087327092,-0.330685783995,-0.433883739118,-0.900968867902,0.830797016812,0.556575526641
2026-02-27,-0.047162555704,-0.073650249148,-0.974927912182,-0.222520933956,0.840248069608,0.542202159273
2026-02-28,0.029039193444,0.210116037710,-0.781831482468,0.623489801859,0.849450479481,0.527668345563
2026-03-01,-0.009390360576,-0.020402750870,0.000000000000,1.000000000000,0.858401523292,0.512978386299
2026-03-02,0.035922112799,0.156511449966,0.781831482468,0.623489801859,0.867098552281,0.498136628478
2026-03-03,0.004436765548,-0.120600328819,0.974927912182,-0.222520933956,0.875538992859,0.483147464015
2026-03-04,0.042901467424,0.356565311823,0.433883739118,-0.900968867902,0.883720347362,0.468015328444
2026-03-05,-0.023876956370,-0.436997865437,-0.433883739118,-0.900968867902,0.891640194797,0.452744699607
2026-03-06,-0.046258931714,-0.176676217512,-0.974927912182,-0.222520933956,0.899296191553,0.437340096330
2026-03-07,-0.017894324828,-0.668719670677,-0.781831482468,0.623489801859,0.906686072098,0.421806077083
2026-03-08,-0.018875847388,0.338158305246,0.000000000000,1.000000000000,0.913807649647,0.406147238631
2026-03-09,0.039769522212,0.450564112031,0.781831482468,0.623489801859,0.920658816810,0.390368214676
2026-03-10,0.010564372984,0.029312767085,0.974927912182,-0.222520933956,0.927237546218,0.374473674487
2026-03-11,0.008430376358,-0.091992027471,0.433883739118,-0.900968867902,0.933541891118,0.358468321512
2026-03-12,0.003492498373,-0.056833254232,-0.433883739118,-0.900968867902,0.939569985953,0.342356891995
2026-03-13,0.014689918374,0.424944306807,-0.974927912182,-0.222520933956,0.945320046913,0.326144153564
2026-03-14,-0.000937482656,-0.970980790607,-0.781831482468,0.623489801859,0.950790372463,0.309834903832
2026-03-15,0.046382302943,0.413560610433,0.000000000000,1.000000000000,0.955979343844,0.293433968967
2026-03-16,0.042153893437,0.685942172607,0.781831482468,0.623489801859,0.960885425557,0.276946202269
2026-03-17,-0.015898894834,-0.428447482201,0.974927912182,-0.222520933956,0.965507165814,0.260376482734
2026-03-18,-0.050237425778,0.021514889079,0.433883739118,-0.900968867902,0.969843196967,0.243729713610
2026-03-19,-0.012826749254,-0.170109838535,-0.433883739118,-0.900968867902,0.973892235915,0.227010820941
2026-03-20,0.010468462117,-0.167478622075,-0.974927912182,-0.222520933956,0.977653084482,0.210224752119
2026-03-21,-0.026938388907,-0.484900217502,-0.781831482468,0.623489801859,0.981124629772,0.193376474410
2026-03-22,-0.015404328184,0.448169887765,0.000000000000,1.000000000000,0.984305844499,0.176470973492
2026-03-23,0.059670282493,0.597829853307,0.781831482468,0.623489801859,0.987195787291,0.159513251973
2026-03-24,-0.006602664189,-0.267087653364,0.974927912182,-0.222520933956,0.989793602967,0.142508327916
2026-03-25,0.009705795275,-0.100404588596,0.433883739118,-0.900968867902,0.992098522792,0.125461233353
2026-03-26,-0.059116017089,0.132021171732,-0.433883739118,-0.900968867902,0.994109864702,0.108377012792
2026-03-27,-0.040428572286,-0.147244543301,-0.974927912182,-0.222520933956,0.995827033510,0.091260721729
2026-03-28,-0.012157942833,-0.483268351113,-0.781831482468,0.623489801859,0.997249521077,0.074117425151
2026-03-29,-0.007259061853,0.051277038286,0.000000000000,1.000000000000,0.998376906467,0.056952196034
2026-03-30,0.012469488756,0.508379250330,0.781831482468,0.623489801859,0.999208856068,0.039770113846
2026-03-31,0.008002517655,0.192333085306,0.974927912182,-0.222520933956,0.999745123693,0.022576263042
2026-04-01,-0.023265583455,0.052452103204,0.433883739118,-0.900968867902,0.999985550651,0.005375731558
2026-04-02,-0.028025440027,-0.032981809922,-0.433883739118,-0.900968867902,0.999930065796,-0.011826390692
2026-04-03,0.017791455015,-0.498105680896,-0.974927912182,-0.222520933956,0.999578685548,-0.029025013322
2026-04-04,0.005457799679,-0.341695498045,-0.781831482468,0.623489801859,0.998931513885,-0.046215046984
2026-04-05,0.012862510890,0.130122205767,0.000000000000,1.000000000000,0.997988742316,-0.063391404870
2026-04-06,-0.021023678657,0.379388387732,0.781831482468,0.623489801859,0.996750649821,-0.080549004219
2026-04-07,0.066326486548,0.432773276916,0.974927912182,-0.222520933956,0.995217602774,-0.097682767822
2026-04-08,-0.036457940834,-0.153540022651,0.433883739118,-0.900968867902,0.993390054826,-0.114787625522
2026-04-09,0.008633239266,-0.046352793387,-0.433883739118,-0.900968867902,0.991268546779,-0.131858515717
2026-04-10,0.018209995947,1.045861705268,-0.974927912182,-0.222520933956,0.988853706421,-0.148890386856
2026-04-11,0.001417064861,-0.095998195386,-0.781831482468,0.623489801859,0.986146248342,-0.165878198935
2026-04-12,-0.041013124628,-1.087151864191,0.000000000000,1.000000000000,0.983146973722,-0.182816924985
2026-04-13,0.060917524550,0.244734113706,0.781831482468,0.623489801859,0.979856770096,-0.199701552566
2026-04-14,-0.033822563139,0.140424887311,0.974927912182,-0.222520933956,0.976276611087,-0.216527085245
2026-04-15,0.013571609582,-0.208567659921,0.433883739118,-0.900968867902,0.972407556122,-0.233288544075
2026-04-16,0.046869504477,0.290121689609,-0.433883739118,-0.900968867902,0.968250750117,-0.249980969073
2026-04-17,-0.001349858225,0.037858533211,-0.974927912182,-0.222520933956,0.963807423137,-0.266599420679
2026-04-18,-0.030519794588,-0.578646430960,-0.781831482468,0.623489801859,0.959078890034,-0.283138981228
2026-04-19,-0.030886052742,0.201982962165,0.000000000000,1.000000000000,0.954066550058,-0.299594756397
2026-04-20,0.020745117358,-0.023376211471,0.781831482468,0.623489801859,0.948771886440,-0.315961876658
2026-04-21,0.008129135362,-0.057794695176,0.974927912182,-0.222520933956,0.943196465957,-0.332235498716
2026-04-22,0.010250269679,0.221835057755,0.433883739118,-0.900968867902,0.937341938464,-0.348410806945
2026-04-23,-0.008953936643,-0.073077256234,-0.433883739118,-0.900968867902,0.931210036412,-0.364483014810
2026-04-24,0.001053765410,-0.252459184006,-0.974927912182,-0.222520933956,0.924802574329,-0.380447366288
2026-04-25,-0.000936330319,-0.394097445201,-0.781831482468,0.623489801859,0.918121448284,-0.396299137269
2026-04-26,0.009464013106,0.177908783281,0.000000000000,1.000000000000,0.911168635333,-0.412033636959
2026-04-27,-0.025062356679,0.472916599235,0.781831482468,0.623489801859,0.903946192922,-0.427646209268
2026-04-28,-0.009224553282,-0.369146980718,0.974927912182,-0.222520933956,0.896456258291,-0.443132234183
2026-04-29,-0.012116422781,0.319818681678,0.433883739118,-0.900968867902,0.888701047829,-0.458487129140
2026-04-30,-0.000037492095,-0.300000718717,-0.433883739118,-0.900968867902,0.880682856430,-0.473706350380
2026-05-01,0.008392932890,0.046076049337,-0.974927912182,-0.222520933956,0.872404056805,-0.488785394289
2026-05-02,0.006584640917,-0.343482245476,-0.781831482468,0.623489801859,0.863867098784,-0.503719798736
2026-05-03,-0.004483841498,0.081214626925,0.000000000000,1.000000000000,0.855074508590,-0.518505144391
2026-05-04,0.002265437851,0.687245871628,0.781831482468,0.623489801859,0.846028888092,-0.533137056032
2026-05-05,0.026165971386,-0.192919378044,0.974927912182,-0.222520933956,0.836732914034,-0.547611203840
2026-05-06,0.032212528023,0.249790353002,0.433883739118,-0.900968867902,0.827189337246,-0.561923304683
2026-05-07,-0.008338377677,-0.171900363069,-0.433883739118,-0.900968867902,0.817400981825,-0.576069123380
2026-05-08,0.039316910568,-0.039026199764,-0.974927912182,-0.222520933956,0.807370744302,-0.590044473955
2026-05-09,0.012919943011,-0.208672409461,-0.781831482468,0.623489801859,0.797101592787,-0.603845220877
2026-05-10,0.034623154917,0.230949796679,0.000000000000,1.000000000000,0.786596566087,-0.617467280284
2026-05-11,0.009528176157,0.118472222816,0.781831482468,0.623489801859,0.775858772807,-0.630906621188
2026-05-12,-0.031999659981,-0.231769270166,0.974927912182,-0.222520933956,0.764891390434,-0.644159266672
2026-05-13,-0.034516303961,0.082274346548,0.433883739118,-0.900968867902,0.753697664393,-0.657221295066
2026-05-14,0.011605554496,-0.103736494596,-0.433883739118,-0.900968867902,0.742280907087,-0.670088841106
2026-05-15,-0.032518848775,-0.040350636210,-0.974927912182,-0.222520933956,0.730644496918,-0.682758097076
2026-05-16,-0.030318922697,-0.245564187966,-0.781831482468,0.623489801859,0.718791877288,-0.695225313941
2026-05-17,-0.015882198736,-0.064568923474,0.000000000000,1.000000000000,0.706726555578,-0.707486802450
2026-05-18,0.001454182853,0.273986820460,0.781831482468,0.623489801859,0.694452102109,-0.719538934233
2026-05-19,-0.012840998457,-0.328265726291,0.974927912182,-0.222520933956,0.681972149090,-0.731378142868
2026-05-20,0.021537749338,0.232703743099,0.433883739118,-0.900968867902,0.669290389541,-0.743000924944
2026-05-21,0.012867121967,0.101217578283,-0.433883739118,-0.900968867902,0.656410576198,-0.754403841093
2026-05-22,-0.033235984739,-0.125677975308,-0.974927912182,-0.222520933956,0.643336520404,-0.765583517008
2026-05-23,0.015902315780,0.175744429630,-0.781831482468,0.623489801859,0.630072090984,-0.776536644443
2026-05-24,-0.004783754264,-0.265569982637,0.000000000000,1.000000000000,0.616621213096,-0.787259982192
2026-05-25,-0.002809691338,-0.104055264789,0.781831482468,0.623489801859,0.602987867069,-0.797750357046
2026-05-26,-0.016892613869,0.270640794571,0.974927912182,-0.222520933956,0.589176087232,-0.808004664735
2026-05-27,-0.014683690508,-0.097588800634,0.433883739118,-0.900968867902,0.575189960712,-0.818019870844
2026-05-28,-0.004657018263,0.102240785938,-0.433883739118,-0.900968867902,0.561033626228,-0.827793011713
2026-05-29,-0.000645937577,-0.093882470953,-0.974927912182,-0.222520933956,0.546711272869,-0.837321195312
2026-05-30,0.007475812339,-0.391879321639,-0.781831482468,0.623489801859,0.532227138847,-0.846601602098
2026-05-31,-0.003020925215,-0.022287020498,0.000000000000,1.000000000000,0.517585510253,-0.855631485849
2026-06-01,-0.014827562182,0.533491395375,0.781831482468,0.623489801859,0.502790719779,-0.864408174478
2026-06-02,-0.089529131558,0.174034218545,0.974927912182,-0.222520933956,0.487847145442,-0.872929070821
2026-06-03,-0.034725800458,-0.036329307089,0.433883739118,-0.900968867902,0.472759209286,-0.881191653407
2026-06-04,-0.041243336461,0.247284711487,-0.433883739118,-0.900968867902,0.457531376074,-0.889193477207
2026-06-05,-0.079190389747,0.173529729820,-0.974927912182,-0.222520933956,0.442168151967,-0.896932174351
2026-06-06,-0.020643186825,-0.753254685692,-0.781831482468,0.623489801859,0.426674083190,-0.904405454834
2026-06-07,0.064159163485,-0.129625424100,0.000000000000,1.000000000000,0.411053754687,-0.911611107193
2026-06-08,0.007277286498,0.038977890572,0.781831482468,0.623489801859,0.395311788765,-0.918546999159
2026-06-09,-0.027824122599,-0.012488825419,0.974927912182,-0.222520933956,0.379452843725,-0.925211078289
2026-06-10,-0.028117105905,-0.008443171689,0.433883739118,-0.900968867902,0.363481612483,-0.931601372577
2026-06-11,0.056346174608,-0.069745915920,-0.433883739118,-0.900968867902,0.347402821184,-0.937715991030
2026-06-12,-0.001089021899,-0.034787767570,-0.974927912182,-0.222520933956,0.331221227802,-0.943553124235
2026-06-13,0.031317704284,-0.527010046689,-0.781831482468,0.623489801859,0.314941620729,-0.949111044890
2026-06-14,0.032756611162,0.094062425733,0.000000000000,1.000000000000,0.298568817364,-0.954388108318
2026-06-15,0.038768002141,0.567625071877,0.781831482468,0.623489801859,0.282107662682,-0.959382752949
2026-06-16,-0.007673993258,-0.269770665868,0.974927912182,-0.222520933956,0.265563027804,-0.964093500789
2026-06-17,-0.020404652573,0.171954967482,0.433883739118,-0.900968867902,0.248939808554,-0.968518957851
2026-06-18,-0.032561935284,-0.135521858073,-0.433883739118,-0.900968867902,0.232242924009,-0.972657814572
2026-06-19,0.001350707640,-0.271195796491,-0.974927912182,-0.222520933956,0.215477315047,-0.976508846197
2026-06-20,0.048325877958,0.152521539732,-0.781831482468,0.623489801859,0.198647942880,-0.980070913143
2026-06-21,-0.010364671422,-0.044984728718,0.000000000000,1.000000000000,0.181759787591,-0.983342961339
2026-06-22,-0.007067271081,0.226845678545,0.781831482468,0.623489801859,0.164817846657,-0.986324022532
2026-06-23,-0.031997798782,-0.150580149257,0.974927912182,-0.222520933956,0.147827133471,-0.989013214578
2026-06-24,-0.024141727513,0.456507422744,0.433883739118,-0.900968867902,0.130792675857,-0.991409741702
2026-06-25,-0.006025680681,0.060097773569,-0.433883739118,-0.900968867902,0.113719514586,-0.993512894734
2026-06-26,0.061152508565,0.250583920117,-0.974927912182,-0.222520933956,0.096612701881,-0.995322051316
2026-06-27,-0.020031909112,-0.868407004933,-0.781831482468,0.623489801859,0.079477299924,-0.996836676089
2026-06-28,0.012732621803,-0.043239814498,0.000000000000,1.000000000000,0.062318379354,-0.998056320853
2026-06-29,0.049700902442,0.804481362529,0.781831482468,0.623489801859,0.045141017774,-0.998980624694
2026-06-30,-0.019176266318,-0.355886404339,0.974927912182,-0.222520933956,0.027950298240,-0.999609314096
