timestamp,price_log_return,volume_log_change,day_wk_sin,day_wk_cos,day_yr_sin,day_yr_cos
2022-07-02,0.015648595560,-0.115413966172,-0.781831482468,0.623489801859,-0.006450864198,-0.999979192959
2022-07-03,-0.000474874423,-0.295617555163,0.000000000000,1.000000000000,-0.023651127245,-0.999720272966
2022-07-04,0.075143729681,0.229922127561,0.781831482468,0.623489801859,-0.040844391543,-0.999165519661
2022-07-05,0.002332338563,0.154638232846,0.974927912182,-0.222520933956,-0.058025569329,-0.998315097203
2022-07-06,0.008351911719,0.061525777721,0.433883739118,-0.900968867902,-0.075189576415,-0.997169257247
2022-07-07,0.069033313167,-0.068198023855,-0.433883739118,-0.900968867902,-0.092331333695,-0.995728338865
2022-07-08,0.012287478455,0.179792891295,-0.974927912182,-0.222520933956,-0.109445768649,-0.993992768447
2022-07-09,0.108488439291,0.294783065449,-0.781831482468,0.623489801859,-0.126527816839,-0.991963059577
2022-07-10,-0.033227249697,-0.158030448611,0.000000000000,1.000000000000,-0.143572423412,-0.989639812879
2022-07-11,-0.117664995982,0.360524591876,0.781831482468,0.623489801859,-0.160574544595,-0.987023715839
2022-07-12,-0.001006782584,-0.045979531170,0.974927912182,-0.222520933956,-0.177529149187,-0.984115542601
2022-07-13,0.096998388911,0.082285359127,0.433883739118,-0.900968867902,-0.194431220048,-0.980916153741
2022-07-14,0.131838510603,0.584764610670,-0.433883739118,-0.900968867902,-0.211275755582,-0.977426496010
2022-07-15,-0.028196073671,-0.557951640558,-0.974927912182,-0.222520933956,-0.228057771222,-0.973647602054
2022-07-16,0.079071140918,-0.104988307308,-0.781831482468,0.623489801859,-0.244772300897,-0.969580590108
2022-07-17,-0.055766369475,-0.410165663554,0.000000000000,1.000000000000,-0.261414398511,-0.965226663666
2022-07-18,0.053442120796,0.467789215938,0.781831482468,0.623489801859,-0.277979139399,-0.960587111125
2022-07-19,0.001009990471,0.286873917016,0.974927912182,-0.222520933956,-0.294461621787,-0.955663305403
2022-07-20,-0.066894221359,-0.143255274001,0.433883739118,-0.900968867902,-0.310856968244,-0.950456703535
2022-07-21,0.048421721524,-0.157476984504,-0.433883739118,-0.900968867902,-0.327160327122,-0.944968846236
2022-07-22,-0.042373020968,-0.243523286430,-0.974927912182,-0.222520933956,-0.343366873996,-0.939201357453
2022-07-23,0.009981377164,-0.109122278005,-0.781831482468,0.623489801859,-0.359471813088,-0.933155943878
2022-07-24,0.034231610104,-0.058804966563,0.000000000000,1.000000000000,-0.375470378688,-0.926834394446
2022-07-25,-0.018905955382,0.755955317445,0.781831482468,0.623489801859,-0.391357836561,-0.920238579805
2022-07-26,-0.067462290846,-0.191098359240,0.974927912182,-0.222520933956,-0.407129485354,-0.913370451764
2022-07-27,0.194201640892,0.304497358229,0.433883739118,-0.900968867902,-0.422780657983,-0.906232042711
2022-07-28,0.141754670122,0.520547307365,-0.433883739118,-0.900968867902,-0.438306723013,-0.898825465016
2022-07-29,-0.027780869103,-0.399755191201,-0.974927912182,-0.222520933956,-0.453703086031,-0.891152910406
2022-07-30,-0.029227640156,-0.261263625064,-0.781831482468,0.623489801859,-0.468965191008,-0.883216649313
2022-07-31,-0.045371473274,-0.027350531489,0.000000000000,1.000000000000,-0.484088521639,-0.875019030203
2022-08-01,0.001439614105,-0.358113767151,0.781831482468,0.623489801859,-0.499068602689,-0.866562478885
2022-08-02,-0.011205328343,0.343056954549,0.974927912182,-0.222520933956,-0.513901001309,-0.857849497787
2022-08-03,0.080313323458,0.133034972451,0.433883739118,-0.900968867902,-0.528581328356,-0.848882665221
2022-08-04,-0.017740067164,-0.429550047392,-0.433883739118,-0.900968867902,-0.543105239683,-0.839664634618
2022-08-05,0.014926122486,-0.162160711053,-0.974927912182,-0.222520933956,-0.557468437433,-0.830198133741
2022-08-06,-0.020668766024,-0.449453049157,-0.781831482468,0.623489801859,-0.571666671303,-0.820485963879
2022-08-07,0.001660181828,-0.188266211469,0.000000000000,1.000000000000,-0.585695739807,-0.810530999019
2022-08-08,0.000201579547,0.551949900702,0.781831482468,0.623489801859,-0.599551491520,-0.800336184998
2022-08-09,-0.040385748668,-0.107483805198,0.974927912182,-0.222520933956,-0.613229826300,-0.789904538622
2022-08-10,0.085682623643,0.305853090272,0.433883739118,-0.900968867902,-0.626726696508,-0.779239146786
2022-08-11,-0.026394911914,0.020999653608,-0.433883739118,-0.900968867902,-0.640038108204,-0.768343165549
2022-08-12,0.027394071696,-0.366727642588,-0.974927912182,-0.222520933956,-0.653160122327,-0.757219819208
2022-08-13,-0.024371827956,-0.081761391869,-0.781831482468,0.623489801859,-0.666088855861,-0.745872399340
2022-08-14,-0.011515923298,0.326803283785,0.000000000000,1.000000000000,-0.678820482986,-0.734304263830
2022-08-15,-0.046463781774,-0.000390705918,0.781831482468,0.623489801859,-0.691351236209,-0.722518835873
2022-08-16,-0.015898417371,-0.131047986143,0.974927912182,-0.222520933956,-0.703677407479,-0.710519602969
2022-08-17,-0.049898864256,-0.027608501705,0.433883739118,-0.900968867902,-0.715795349283,-0.698310115884
2022-08-18,-0.043509205623,-0.088709515973,-0.433883739118,-0.900968867902,-0.727701475726,-0.685893987600
2022-08-19,-0.095526744315,0.389133170889,-0.974927912182,-0.222520933956,-0.739392263596,-0.673274892250
2022-08-20,0.014473009131,-0.490509855713,-0.781831482468,0.623489801859,-0.750864253399,-0.660456564028
2022-08-21,0.028969139300,-0.054249808024,0.000000000000,1.000000000000,-0.762114050389,-0.647442796083
2022-08-22,-0.034164837293,0.283943729581,0.781831482468,0.623489801859,-0.773138325571,-0.634237439398
2022-08-23,0.021366450331,-0.158599487427,0.974927912182,-0.222520933956,-0.783933816683,-0.620844401651
2022-08-24,-0.010393109184,-0.082151923166,0.433883739118,-0.900968867902,-0.794497329167,-0.607267646057
2022-08-25,-0.002095049211,-0.052282583864,-0.433883739118,-0.900968867902,-0.804825737108,-0.593511190196
2022-08-26,-0.136146007237,0.405530227008,-0.974927912182,-0.222520933956,-0.814915984166,-0.579579104826
2022-08-27,-0.012334776130,-0.444464901860,-0.781831482468,0.623489801859,-0.824765084473,-0.565475512674
2022-08-28,-0.053710424818,-0.092542693207,0.000000000000,1.000000000000,-0.834370123523,-0.551204587220
2022-08-29,0.098747359074,0.063396035403,0.781831482468,0.623489801859,-0.843728259029,-0.536770551461
2022-08-30,-0.028996359310,0.070505394524,0.974927912182,-0.222520933956,-0.852836721769,-0.522177676660
2022-08-31,-0.003520058125,0.195385722970,0.433883739118,-0.900968867902,-0.861692816403,-0.507430281083
2022-09-01,0.028695987104,-0.313532435898,-0.433883739118,-0.900968867902,-0.870293922269,-0.492532728722
2022-09-02,0.012782007783,0.108756970464,-0.974927912182,-0.222520933956,-0.878637494161,-0.477489428003
2022-09-03,-0.015426757101,-0.615101286851,-0.781831482468,0.623489801859,-0.886721063083,-0.462304830480
2022-09-04,0.025971120205,0.066794628379,0.000000000000,1.000000000000,-0.894542236976,-0.446983429520
2022-09-05,0.018457767113,0.309698010716,0.781831482468,0.623489801859,-0.902098701430,-0.431529758971
2022-09-06,-0.119412717152,0.367480518373,0.974927912182,-0.222520933956,-0.909388220365,-0.415948391825
2022-09-07,0.045852157262,-0.435517263393,0.433883739118,-0.900968867902,-0.916408636694,-0.400243938857
2022-09-08,0.008065285807,-0.007197526719,-0.433883739118,-0.900968867902,-0.923157872965,-0.384421047269
2022-09-09,0.052928598761,0.477892597285,-0.974927912182,-0.222520933956,-0.929633931968,-0.368484399308
2022-09-10,0.025545461221,-0.216921705987,-0.781831482468,0.623489801859,-0.935834897335,-0.352438710885
2022-09-11,-0.027608585525,-0.140847855539,0.000000000000,1.000000000000,-0.941758934099,-0.336288730177
2022-09-12,0.023788619778,0.398932384210,0.781831482468,0.623489801859,-0.947404289244,-0.320039236223
2022-09-13,-0.084353846287,-0.169730451845,0.974927912182,-0.222520933956,-0.952769292217,-0.303695037511
2022-09-14,0.012315897040,-0.315701767088,0.433883739118,-0.900968867902,-0.957852355428,-0.287260970551
2022-09-15,-0.050645774295,0.158528312963,-0.433883739118,-0.900968867902,-0.962651974716,-0.270741898448
2022-09-16,-0.011005288216,-0.444143011419,-0.974927912182,-0.222520933956,-0.967166729798,-0.254142709461
2022-09-17,0.035148887798,-0.097018660641,-0.781831482468,0.623489801859,-0.971395284684,-0.237468315558
2022-09-18,-0.096112925298,0.269564994643,0.000000000000,1.000000000000,-0.975336388077,-0.220723650961
2022-09-19,0.002289436832,0.197463324842,0.781831482468,0.623489801859,-0.978988873741,-0.203913670683
2022-09-20,-0.033989210029,-0.307169041389,0.974927912182,-0.222520933956,-0.982351660847,-0.187043349070
2022-09-21,0.011778024529,0.405432924409,0.433883739118,-0.900968867902,-0.985423754292,-0.170117678320
2022-09-22,0.067144292847,-0.053410257369,-0.433883739118,-0.900968867902,-0.988204244994,-0.153141667013
2022-09-23,0.029797579905,0.013628560353,-0.974927912182,-0.222520933956,-0.990692310162,-0.136120338623
2022-09-24,-0.018721310595,-0.388881721218,-0.781831482468,0.623489801859,-0.992887213536,-0.119058730034
2022-09-25,-0.022609814517,-0.148603239900,0.000000000000,1.000000000000,-0.994788305609,-0.101961890052
2022-09-26,0.042141090821,0.567289758967,0.781831482468,0.623489801859,-0.996395023819,-0.084834877906
2022-09-27,0.077631594099,0.716596620268,0.974927912182,-0.222520933956,-0.997706892710,-0.067682761755
2022-09-28,0.025468044819,-0.300079856341,0.433883739118,-0.900968867902,-0.998723524080,-0.050510617185
2022-09-29,-0.028802511303,-0.341674308324,-0.433883739118,-0.900968867902,-0.999444617092,-0.033323525712
2022-09-30,0.011950004633,0.271469511540,-0.974927912182,-0.222520933956,-0.999869958362,-0.016126573271
2022-10-01,-0.006453457119,-0.530551447533,-0.781831482468,0.623489801859,-0.999999422025,0.001075151283
2022-10-02,-0.024439207389,0.347808754033,0.000000000000,1.000000000000,-0.999832969770,0.018276557682
2022-10-03,0.060856919359,0.168721328291,0.781831482468,0.623489801859,-0.999370650854,0.035472555753
2022-10-04,0.001139503044,0.046350565050,0.974927912182,-0.222520933956,-0.998612602084,0.052658056925
2022-10-05,0.020760855162,-0.462819610293,0.433883739118,-0.900968867902,-0.997559047779,0.069827975730
2022-10-06,0.011000531742,0.321581256169,-0.433883739118,-0.900968867902,-0.996210299702,0.086977231314
2022-10-07,-0.011415438746,-0.128216192980,-0.974927912182,-0.222520933956,-0.994566756971,0.104100748935
2022-10-08,-0.041445816821,-0.584549575840,-0.781831482468,0.623489801859,-0.992628905935,0.121193461471
2022-10-09,0.017267929999,-0.193865022688,0.000000000000,1.000000000000,-0.990397320035,0.138250310911
2022-10-10,-0.035341908576,0.324300882012,0.781831482468,0.623489801859,-0.987872659635,0.155266249860
2022-10-11,-0.066018611034,0.287215427324,0.974927912182,-0.222520933956,-0.985055671822,0.172236243028
2022-10-12,0.012132485892,-0.511992486615,0.433883739118,-0.900968867902,-0.981947190187,0.189155268720
2022-10-13,0.012261965595,1.097603800521,-0.433883739118,-0.900968867902,-0.978548134580,0.206018320325
2022-10-14,0.024689127787,-0.256478331624,-0.974927912182,-0.222520933956,-0.974859510837,0.222820407795
2022-10-15,-0.039816128419,-0.808209927284,-0.781831482468,0.623489801859,-0.970882410481,0.239556559121
2022-10-16,0.009994843705,-0.201866945623,0.000000000000,1.000000000000,-0.966618010400,0.256221821807
2022-10-17,0.047330069556,0.437163568666,0.781831482468,0.623489801859,-0.962067572498,0.272811264334
2022-10-18,0.020498501470,0.430239123298,0.974927912182,-0.222520933956,-0.957232443323,0.289319977619
2022-10-19,0.009505358091,0.165438648404,0.433883739118,-0.900968867902,-0.952114053668,0.305743076467
2022-10-20,-0.078962699495,-0.145624771220,-0.433883739118,-0.900968867902,-0.946713918146,0.322075701021
2022-10-21,-0.010808080646,0.168769255168,-0.974927912182,-0.222520933956,-0.941033634745,0.338313018192
2022-10-22,0.009900868829,-0.813456259254,-0.781831482468,0.623489801859,-0.935074884352,0.354450223099
2022-10-23,0.031421786331,0.219160996562,0.000000000000,1.000000000000,-0.928839430256,0.370482540482
2022-10-24,-0.022732433466,0.034307496222,0.781831482468,0.623489801859,-0.922329117629,0.386405226121
2022-10-25,0.067788457356,0.502503548514,0.974927912182,-0.222520933956,-0.915545872978,0.402213568237
2022-10-26,0.019416119275,1.311717388429,0.433883739118,-0.900968867902,-0.908491703573,0.417902888887
2022-10-27,0.016480541677,-0.870343993625,-0.433883739118,-0.900968867902,-0.901168696856,0.433468545349
2022-10-28,0.008260623246,0.092913955671,-0.974927912182,-0.222520933956,-0.893579019824,0.448905931494
2022-10-29,0.028163409428,-0.103905664198,-0.781831482468,0.623489801859,-0.885724918384,0.464210479152
2022-10-30,-0.023154523261,-0.268610283423,0.000000000000,1.000000000000,-0.877608716690,0.479377659461
2022-10-31,0.009787315226,-0.082009212209,0.781831482468,0.623489801859,-0.869232816457,0.494402984208
2022-11-01,0.021910446850,0.253154766656,0.974927912182,-0.222520933956,-0.860599696250,0.509282007157
2022-11-02,-0.005524899279,0.136361677285,0.433883739118,-0.900968867902,-0.851711910747,0.524010325368
2022-11-03,-0.022242720354,-0.169508167378,-0.433883739118,-0.900968867902,-0.842572089987,0.538583580492
2022-11-04,0.085508634633,0.305104980087,-0.974927912182,-0.222520933956,-0.833182938589,0.552997460070
2022-11-05,0.016716151314,-0.355317590905,-0.781831482468,0.623489801859,-0.823547234956,0.567247698803
2022-11-06,-0.080892616564,-0.156590442004,0.000000000000,1.000000000000,-0.813667830446,0.581330079815
2022-11-07,-0.009863226376,0.489722353108,0.781831482468,0.623489801859,-0.803547648534,0.595240435904
2022-11-08,-0.146396557613,0.361604472470,0.974927912182,-0.222520933956,-0.793189683945,0.608974650772
2022-11-09,-0.212790840136,-0.202920287621,0.433883739118,-0.900968867902,-0.782597001768,0.622528660243
2022-11-10,0.161782442755,-0.046949925838,-0.433883739118,-0.900968867902,-0.771772736547,0.635898453468
2022-11-11,0.056122839044,-0.162841232240,-0.974927912182,-0.222520933956,-0.760720091356,0.649080074110
2022-11-12,-0.092198314018,-0.030063050574,-0.781831482468,0.623489801859,-0.749442336852,0.662069621515
2022-11-13,0.045200262097,-0.092202719213,0.000000000000,1.000000000000,-0.737942810303,0.674863251868
2022-11-14,0.042368981266,-0.080342496847,0.781831482468,0.623489801859,-0.726224914604,0.687457179327
2022-11-15,0.036849207447,-0.173606826571,0.974927912182,-0.222520933956,-0.714292117269,0.699847677146
2022-11-16,-0.052271726447,-0.293283948209,0.433883739118,-0.900968867902,-0.702147949405,0.712031078779
2022-11-17,-0.038797417648,-0.335373208303,-0.433883739118,-0.900968867902,-0.689796004666,0.724003778959
2022-11-18,0.018785722082,0.126525467379,-0.974927912182,-0.222520933956,-0.677239938191,0.735762234774
2022-11-19,-0.014586845035,-0.450439017077,-0.781831482468,0.623489801859,-0.664483465523,0.747302966705
2022-11-20,-0.059113952779,0.146652537982,0.000000000000,1.000000000000,-0.651530361507,0.758622559666
2022-11-21,-0.045078515799,0.574937041834,0.781831482468,0.623489801859,-0.638384459175,0.769717664007
2022-11-22,0.019870364657,0.094097337669,0.974927912182,-0.222520933956,-0.625049648610,0.780584996507
2022-11-23,0.035022944633,-0.319305993431,0.433883739118,-0.900968867902,-0.611529875799,0.791221341348
2022-11-24,-0.006702424345,-0.316331282779,-0.433883739118,-0.900968867902,-0.597829141459,0.801623551065
2022-11-25,-0.006576732048,-0.075276243939,-0.974927912182,-0.222520933956,-0.583951499858,0.811788547476
2022-11-26,0.000282333890,0.047690590814,-0.781831482468,0.623489801859,-0.569901057613,0.821713322596
2022-11-27,-0.002142252556,-0.366596042738,0.000000000000,1.000000000000,-0.555681972476,0.831394939523
2022-11-28,-0.020996338824,0.207445334058,0.781831482468,0.623489801859,-0.541298452104,0.840830533312
2022-11-29,0.031119601321,-0.093993731004,0.974927912182,-0.222520933956,-0.526754752811,0.850017311819
2022-11-30,0.071889432817,0.778377845334,0.433883739118,-0.900968867902,-0.512055178311,0.858952556527
2022-12-01,0.005288757803,-0.271130791061,-0.433883739118,-0.900968867902,-0.497204078447,0.867633623355
2022-12-02,0.073829883486,0.396592626470,-0.974927912182,-0.222520933956,-0.482205847896,0.876057943434
2022-12-03,-0.040293896701,-0.463075421838,-0.781831482468,0.623489801859,-0.467064924877,0.884223023874
2022-12-04,0.028187445060,-0.401072162528,0.000000000000,1.000000000000,-0.451785789833,0.892126448495
2022-12-05,-0.015659445985,0.303909500280,0.781831482468,0.623489801859,-0.436372964105,0.899765878548
2022-12-06,0.000778251803,-0.163831418780,0.974927912182,-0.222520933956,-0.420831008596,0.907139053401
2022-12-07,-0.027194775379,0.012121354134,0.433883739118,-0.900968867902,-0.405164522421,0.914243791213
2022-12-08,0.026547830926,-0.029788243269,-0.433883739118,-0.900968867902,-0.389378141545,0.921077989579
2022-12-09,-0.004127938354,0.000170778589,-0.974927912182,-0.222520933956,-0.373476537413,0.927639626149
2022-12-10,-0.012347282487,-0.568337898661,-0.781831482468,0.623489801859,-0.357464415565,0.933926759229
2022-12-11,-0.024185123736,0.122419882795,0.000000000000,1.000000000000,-0.341346514245,0.939937528356
2022-12-12,-0.000826453307,0.279141297953,0.781831482468,0.623489801859,-0.325127603000,0.945670154847
2022-12-13,0.027155234697,0.312252773911,0.974927912182,-0.222520933956,-0.308812481266,0.951122942324
2022-12-14,-0.028309519299,-0.050904380279,0.433883739118,-0.900968867902,-0.292405976951,0.956294277220
2022-12-15,-0.020065895413,0.017555517398,-0.433883739118,-0.900968867902,-0.275912945003,0.961182629254
2022-12-16,-0.088881310633,0.141956026370,-0.974927912182,-0.222520933956,-0.259338265975,0.965786551884
2022-12-17,0.016725776798,-0.350909178851,-0.781831482468,0.623489801859,-0.242686844583,0.970104682736
2022-12-18,-0.012190287944,-0.711884095505,0.000000000000,1.000000000000,-0.225963608248,0.974135744005
2022-12-19,-0.045581172750,0.559412777775,0.781831482468,0.623489801859,-0.209173505646,0.977878542834
2022-12-20,0.050879469473,-0.134563649992,0.974927912182,-0.222520933956,-0.192321505239,0.981331971670
2022-12-21,-0.009173710627,-0.167078651201,0.433883739118,-0.900968867902,-0.175412593804,0.984495008588
2022-12-22,0.008178459522,0.168317495712,-0.433883739118,-0.900968867902,-0.158451774961,0.987366717594
2022-12-23,-0.018191902034,0.044597180326,-0.974927912182,-0.222520933956,-0.141444067688,0.989946248902
2022-12-24,-0.010302868858,-0.309809030217,-0.781831482468,0.623489801859,-0.124394504840,0.992232839189
2022-12-25,-0.009530215974,0.238527826813,0.000000000000,1.000000000000,-0.107308131656,0.994225811816
2022-12-26,0.008650589067,-0.041266292152,0.781831482468,0.623489801859,-0.090190004270,0.995924577029
2022-12-27,-0.003587914880,-0.074008906453,0.974927912182,-0.222520933956,-0.073045188211,0.997328632136
2022-12-28,-0.040450990381,0.332238773052,0.433883739118,-0.900968867902,-0.055878756905,0.998437561657
2022-12-29,0.015011014412,-0.179469410419,-0.433883739118,-0.900968867902,-0.038695790177,0.999251037439
2022-12-30,0.007828282527,-0.189683509156,-0.974927912182,-0.222520933956,-0.021501372741,0.999768818763
2022-12-31,0.013904375333,-0.106983297280,-0.781831482468,0.623489801859,-0.004300592703,0.999990752408
2023-01-01,0.015997616033,-0.189509668594,0.000000000000,1.000000000000,0.017201575418,0.999852041956
2023-01-02,0.022778366467,0.817000659009,0.781831482468,0.623489801859,0.034398060614,0.999408211606
2023-01-03,0.002681676330,-0.314466952794,0.974927912182,-0.222520933956,0.051584366869,0.998668640288
2023-01-04,0.026500477352,0.411662374105,0.433883739118,-0.900968867902,0.068755408481,0.997633546852
2023-01-05,-0.028360845156,-0.428494871744,-0.433883739118,-0.900968867902,0.085906104261,0.996303237599
2023-01-06,0.027451792641,0.020851305716,-0.974927912182,-0.222520933956,0.103031379043,0.994678106189
2023-01-07,-0.018688386559,-0.295363457694,-0.781831482468,0.623489801859,0.120126165182,0.992758633525
2023-01-08,0.027565348483,0.098971431375,0.000000000000,1.000000000000,0.137185404057,0.990545387609
2023-01-09,0.040082861858,0.822716549173,0.781831482468,0.623489801859,0.154204047563,0.988039023377
2023-01-10,-0.001816735934,-0.271174915187,0.974927912182,-0.222520933956,0.171177059610,0.985240282501
2023-01-11,0.023114169261,0.018851324812,0.433883739118,-0.900968867902,0.188099417612,0.982149993175
2023-01-12,0.041443435697,0.593991908952,-0.433883739118,-0.900968867902,0.204966113969,0.978769069865
2023-01-13,0.019844021475,-0.283559471682,-0.974927912182,-0.222520933956,0.221772157556,0.975098513040
2023-01-14,0.051381890375,0.838074307972,-0.781831482468,0.623489801859,0.238512575194,0.971139408877
2023-01-15,-0.006115431368,-0.772633005905,0.000000000000,1.000000000000,0.255182413123,0.966892928939
2023-01-16,-0.007169541215,0.152870690061,0.781831482468,0.623489801859,0.271776738471,0.962360329828
2023-01-17,-0.028722245055,-0.212531280330,0.974927912182,-0.222520933956,0.288290640710,0.957542952812
2023-01-18,-0.047756485693,0.749395946907,0.433883739118,-0.900968867902,0.304719233109,0.952442223431
2023-01-19,0.017156389389,-1.000280278002,-0.433883739118,-0.900968867902,0.321057654185,0.947059651072
2023-01-20,0.079791558165,0.126136200421,-0.974927912182,-0.222520933956,0.337301069136,0.941396828526
2023-01-21,-0.000894953873,0.358090386059,-0.781831482468,0.623489801859,0.353444671274,0.935455431513
2023-01-22,0.032932725855,0.293861583209,0.000000000000,1.000000000000,0.369483683447,0.929237218188
2023-01-23,-0.025357056664,-0.084369191238,0.781831482468,0.623489801859,0.385413359454,0.922744028620
2023-01-24,-0.065404745221,-0.279426450059,0.974927912182,-0.222520933956,0.401228985448,0.915977784248
2023-01-25,0.046772746290,-0.010840043850,0.433883739118,-0.900968867902,0.416925881329,0.908940487314
2023-01-26,0.024634220248,-0.029696536251,-0.433883739118,-0.900968867902,0.432499402134,0.901634220265
2023-01-27,0.013646862866,-0.129036364018,-0.974927912182,-0.222520933956,0.447944939408,0.894061145145
2023-01-28,-0.032676618152,-0.268964456313,-0.781831482468,0.623489801859,0.463257922567,0.886223502949
2023-01-29,0.042615312460,0.255469746801,0.000000000000,1.000000000000,0.478433820255,0.878123612959
2023-01-30,-0.061750981729,0.217859785133,0.781831482468,0.623489801859,0.493468141677,0.869763872065
2023-01-31,0.009039760710,-0.432197759450,0.974927912182,-0.222520933956,0.508356437938,0.861146754048
2023-02-01,0.036581909641,0.462077824080,0.433883739118,-0.900968867902,0.523094303349,0.852274808852
2023-02-02,0.041693550903,0.674386041442,-0.433883739118,-0.900968867902,0.537677376741,0.843150661828
2023-02-03,-0.004371348422,-0.274921232655,-0.974927912182,-0.222520933956,0.552101342746,0.833777012959
2023-02-04,0.018542539572,-0.517530242906,-0.781831482468,0.623489801859,0.566361933081,0.824156636057
2023-02-05,-0.043239295607,0.202127237352,0.000000000000,1.000000000000,0.580454927809,0.814292377947
2023-02-06,-0.036429464487,-0.150294684585,0.781831482468,0.623489801859,0.594376156585,0.804187157621
2023-02-07,0.048705604513,-0.026534928756,0.974927912182,-0.222520933956,0.608121499894,0.793843965378
2023-02-08,-0.026812298947,0.162888896714,0.433883739118,-0.900968867902,0.621686890267,0.783265861934
2023-02-09,-0.073622145845,0.535665398344,-0.433883739118,-0.900968867902,0.635068313487,0.772455977519
2023-02-10,0.006862142501,-0.718389294139,-0.974927912182,-0.222520933956,0.648261809776,0.761417510953
2023-02-11,0.019121621874,-0.603234280360,-0.781831482468,0.623489801859,0.661263474966,0.750153728696
2023-02-12,-0.021796500006,-0.064463795214,0.000000000000,1.000000000000,0.674069461655,0.738667963881
2023-02-13,-0.014210261141,0.660856669105,0.781831482468,0.623489801859,0.686675980345,0.726963615332
2023-02-14,0.050943522386,-0.205998368552,0.974927912182,-0.222520933956,0.699079300566,0.715044146554
2023-02-15,0.051935447243,0.149037041093,0.433883739118,-0.900968867902,0.711275751974,0.702913084708
2023-02-16,-0.065048429639,0.348170487839,-0.433883739118,-0.900968867902,0.723261725444,0.690574019572
2023-02-17,0.035828653581,-0.150295882773,-0.974927912182,-0.222520933956,0.735033674133,0.678030602474
2023-02-18,0.036665384812,0.279122038551,-0.781831482468,0.623489801859,0.746588114532,0.665286545211
2023-02-19,0.029931142190,0.381846500734,0.000000000000,1.000000000000,0.757921627497,0.652345618957
2023-02-20,0.021110578684,-0.654651294755,0.781831482468,0.623489801859,0.769030859259,0.639211653138
2023-02-21,-0.044373223171,-0.011314204072,0.974927912182,-0.222520933956,0.779912522417,0.625888534308
2023-02-22,-0.013960923231,-0.194705405292,0.433883739118,-0.900968867902,0.790563396912,0.612380204990
2023-02-23,0.001448405440,-0.241676495280,-0.433883739118,-0.900968867902,0.800980330978,0.598690662518
2023-02-24,-0.054987877255,0.252630346453,-0.974927912182,-0.222520933956,0.811160242079,0.584823957846
2023-02-25,-0.016174520682,-0.396489028848,-0.781831482468,0.623489801859,0.821100117813,0.570784194357
2023-02-26,0.021463923187,-0.338226702831,0.000000000000,1.000000000000,0.830797016812,0.556575526641
2023-02-27,-0.024789088443,0.296731974858,0.781831482468,0.623489801859,0.840248069608,0.542202159273
2023-02-28,0.006945469821,0.114397420126,0.974927912182,-0.222520933956,0.849450479481,0.527668345563
2023-03-01,0.053040458954,0.176456605484,0.433883739118,-0.900968867902,0.858401523292,0.512978386299
2023-03-02,-0.031456800733,-0.377304064604,-0.433883739118,-0.900968867902,0.867098552281,0.498136628478
2023-03-03,-0.056410040830,0.412343947052,-0.974927912182,-0.222520933956,0.875538992859,0.483147464015
2023-03-04,-0.018447407311,-0.624128941225,-0.781831482468,0.623489801859,0.883720347362,0.468015328444
2023-03-05,0.031876900751,0.307498555137,0.000000000000,1.000000000000,0.891640194797,0.452744699607
2023-03-06,-0.002482873561,0.021607323951,0.781831482468,0.623489801859,0.899296191553,0.437340096330
2023-03-07,0.013598776411,0.259232524833,0.974927912182,-0.222520933956,0.906686072098,0.421806077083
2023-03-08,-0.050143995252,-0.051306635598,0.433883739118,-0.900968867902,0.913807649647,0.406147238631
2023-03-09,-0.063634296847,0.019213322816,-0.433883739118,-0.900968867902,0.920658816810,0.390368214676
2023-03-10,-0.017760362727,0.276355604744,-0.974927912182,-0.222520933956,0.927237546218,0.374473674487
2023-03-11,-0.027829517427,0.184159490424,-0.781831482468,0.623489801859,0.933541891118,0.358468321512
2023-03-12,0.079580149240,-0.355871075579,0.000000000000,1.000000000000,0.939569985953,0.342356891995
2023-03-13,0.030610825303,0.477597895161,0.781831482468,0.623489801859,0.945320046913,0.326144153564
2023-03-14,0.035807996543,-0.009626276249,0.974927912182,-0.222520933956,0.950790372463,0.309834903832
2023-03-15,-0.068239621802,-0.362850430528,0.433883739118,-0.900968867902,0.955979343844,0.293433968967
2023-03-16,0.001145016216,-0.410837227466,-0.433883739118,-0.900968867902,0.960885425557,0.276946202269
2023-03-17,0.079687568977,0.289751329538,-0.974927912182,-0.222520933956,0.965507165814,0.260376482734
2023-03-18,0.011804150642,0.116765674881,-0.781831482468,0.623489801859,0.969843196967,0.243729713610
2023-03-19,0.002210258310,-0.104990013404,0.000000000000,1.000000000000,0.973892235915,0.227010820941
2023-03-20,-0.050537445116,-0.014517856683,0.781831482468,0.623489801859,0.977653084482,0.210224752119
2023-03-21,0.039811080698,-0.029094619242,0.974927912182,-0.222520933956,0.981124629772,0.193376474410
2023-03-22,-0.056798351414,0.060777037204,0.433883739118,-0.900968867902,0.984305844499,0.176470973492
2023-03-23,0.026459871708,-0.255097136201,-0.433883739118,-0.900968867902,0.987195787291,0.159513251973
2023-03-24,-0.058609989650,0.172489352024,-0.974927912182,-0.222520933956,0.989793602967,0.142508327916
2023-03-25,-0.029245110757,-0.544996249547,-0.781831482468,0.623489801859,0.992098522792,0.125461233353
2023-03-26,0.012613435439,-0.158298689584,0.000000000000,1.000000000000,0.994109864702,0.108377012792
2023-03-27,-0.025778495425,0.242751313148,0.781831482468,0.623489801859,0.995827033510,0.091260721729
2023-03-28,0.030012552786,-0.231913806943,0.974927912182,-0.222520933956,0.997249521077,0.074117425151
2023-03-29,0.021865750253,0.355459616692,0.433883739118,-0.900968867902,0.998376906467,0.056952196034
2023-03-30,-0.008887795579,0.141864034675,-0.433883739118,-0.900968867902,0.999208856068,0.039770113846
2023-03-31,0.027854670369,-0.071310982236,-0.974927912182,-0.222520933956,0.999745123693,0.022576263042
2023-04-01,-0.000043427530,-0.299561940592,-0.781831482468,0.623489801859,0.999985550651,0.005375731558
2023-04-02,-0.019111241170,-0.071529210843,0.000000000000,1.000000000000,0.999930065796,-0.011826390692
2023-04-03,-0.002186359132,0.366759264029,0.781831482468,0.623489801859,0.999578685548,-0.029025013322
2023-04-04,0.037058902874,-0.078175902362,0.974927912182,-0.222520933956,0.998931513885,-0.046215046984
2023-04-05,0.011627492750,0.006264233050,0.433883739118,-0.900968867902,0.997988742316,-0.063391404870
2023-04-06,-0.024715384324,-0.121932165860,-0.433883739118,-0.900968867902,0.996750649821,-0.080549004219
2023-04-07,-0.011287053584,0.026042941545,-0.974927912182,-0.222520933956,0.995217602774,-0.097682767822
2023-04-08,-0.015055946506,0.081853461643,-0.781831482468,0.623489801859,0.993390054826,-0.114787625522
2023-04-09,0.000189537796,-0.011324206184,0.000000000000,1.000000000000,0.991268546779,-0.131858515717
2023-04-10,0.016643183244,0.138103070969,0.781831482468,0.623489801859,0.988853706421,-0.148890386856
2023-04-11,-0.012499098600,-0.007803564556,0.974927912182,-0.222520933956,0.986146248342,-0.165878198935
2023-04-12,0.000245896158,0.084949812744,0.433883739118,-0.900968867902,0.983146973722,-0.182816924985
2023-04-13,0.042170518315,0.126087694077,-0.433883739118,-0.900968867902,0.979856770096,-0.199701552566
2023-04-14,0.017989439056,0.449854567364,-0.974927912182,-0.222520933956,0.976276611087,-0.216527085245
2023-04-15,-0.006113286338,-0.583382242268,-0.781831482468,0.623489801859,0.972407556122,-0.233288544075
2023-04-16,0.006840023424,0.159184300524,0.000000000000,1.000000000000,0.968250750117,-0.249980969073
2023-04-17,-0.030749852640,-0.145900695696,0.781831482468,0.623489801859,0.963807423137,-0.266599420679
2023-04-18,0.032673140499,0.209272297034,0.974927912182,-0.222520933956,0.959078890034,-0.283138981228
2023-04-19,-0.079876150094,0.374764969207,0.433883739118,-0.900968867902,0.954066550058,-0.299594756397
2023-04-20,-0.010722332596,-0.493033245374,-0.433883739118,-0.900968867902,0.948771886440,-0.315961876658
2023-04-21,-0.055589109479,0.070383944894,-0.974927912182,-0.222520933956,0.943196465957,-0.332235498716
2023-04-22,0.006457041951,-0.388482706421,-0.781831482468,0.623489801859,0.937341938464,-0.348410806945
2023-04-23,-0.014068321706,0.042450208683,0.000000000000,1.000000000000,0.931210036412,-0.364483014810
2023-04-24,-0.012395345810,0.094908428672,0.781831482468,0.623489801859,0.924802574329,-0.380447366288
2023-04-25,0.017123624551,-0.021907149335,0.974927912182,-0.222520933956,0.918121448284,-0.396299137269
2023-04-26,-0.018776867012,0.080964355925,0.433883739118,-0.900968867902,0.911168635333,-0.412033636959
2023-04-27,0.037939850157,-0.277737956342,-0.433883739118,-0.900968867902,0.903946192922,-0.427646209268
2023-04-28,-0.005943822672,-0.602276310132,-0.974927912182,-0.222520933956,0.896456258291,-0.443132234183
2023-04-29,0.018566565838,-0.006661671654,-0.781831482468,0.623489801859,0.888701047829,-0.458487129140
2023-04-30,-0.029337680553,0.105283457219,0.000000000000,1.000000000000,0.880682856430,-0.473706350380
2023-05-01,-0.025344793957,0.142191355182,0.781831482468,0.623489801859,0.872404056805,-0.488785394289
2023-05-02,-0.000536248160,-0.214754681000,0.974927912182,-0.222520933956,0.863867098784,-0.503719798736
2023-05-03,0.011278954669,0.204223373087,0.433883739118,-0.900968867902,0.855074508590,-0.518505144391
2023-05-04,-0.023391664354,-0.265392065908,-0.433883739118,-0.900968867902,0.846028888092,-0.533137056032
2023-05-05,0.053383819529,0.625812716293,-0.974927912182,-0.222520933956,0.836732914034,-0.547611203840
2023-05-06,-0.044615139781,-0.005438144336,-0.781831482468,0.623489801859,0.827189337246,-0.561923304683
2023-05-07,-0.006611340901,-0.720282020476,0.000000000000,1.000000000000,0.817400981825,-0.576069123380
2023-05-08,-0.058562086435,0.961147954157,0.781831482468,0.623489801859,0.807370744302,-0.590044473955
2023-05-09,-0.003697994150,-0.702471300849,0.974927912182,-0.222520933956,0.797101592787,-0.603845220877
2023-05-10,0.034450537990,0.408532482069,0.433883739118,-0.900968867902,0.786596566087,-0.617467280284
2023-05-11,-0.011638933957,0.127376964666,-0.433883739118,-0.900968867902,0.775858772807,-0.630906621188
2023-05-12,0.024620310707,-0.168534369347,-0.974927912182,-0.222520933956,0.764891390434,-0.644159266672
2023-05-13,-0.017722106165,-0.604925055042,-0.781831482468,0.623489801859,0.753697664393,-0.657221295066
2023-05-14,0.005966034071,-0.109889844740,0.000000000000,1.000000000000,0.742280907087,-0.670088841106
2023-05-15,-0.001737492697,0.367354997773,0.781831482468,0.623489801859,0.730644496918,-0.682758097076
2023-05-16,0.003879489630,-0.075651171396,0.974927912182,-0.222520933956,0.718791877288,-0.695225313941
2023-05-17,0.034338458429,0.334954085096,0.433883739118,-0.900968867902,0.706726555578,-0.707486802450
2023-05-18,-0.004820889970,0.165988910814,-0.433883739118,-0.900968867902,0.694452102109,-0.719538934233
2023-05-19,0.002871614046,-0.525132782425,-0.974927912182,-0.222520933956,0.681972149090,-0.731378142868
2023-05-20,-0.005272187995,-0.253937492878,-0.781831482468,0.623489801859,0.669290389541,-0.743000924944
2023-05-21,-0.034007610983,0.189256418554,0.000000000000,1.000000000000,0.656410576198,-0.754403841093
2023-05-22,-0.006459883872,0.235703474385,0.781831482468,0.623489801859,0.643336520404,-0.765583517008
2023-05-23,-0.000912781282,-0.003518637279,0.974927912182,-0.222520933956,0.630072090984,-0.776536644443
2023-05-24,-0.019048334090,0.157092706419,0.433883739118,-0.900968867902,0.616621213096,-0.787259982192
2023-05-25,-0.006096444253,-0.289860039374,-0.433883739118,-0.900968867902,0.602987867069,-0.797750357046
2023-05-26,0.006063694767,-0.059776435891,-0.974927912182,-0.222520933956,0.589176087232,-0.808004664735
2023-05-27,0.012929683327,-0.070939561364,-0.781831482468,0.623489801859,0.575189960712,-0.818019870844
2023-05-28,0.020471363635,0.146515288154,0.000000000000,1.000000000000,0.561033626228,-0.827793011713
2023-05-29,-0.007684512745,0.089830779386,0.781831482468,0.623489801859,0.546711272869,-0.837321195312
2023-05-30,0.005364512932,-0.081648418295,0.974927912182,-0.222520933956,0.532227138847,-0.846601602098
2023-05-31,-0.022661721037,0.063822530007,0.433883739118,-0.900968867902,0.517585510253,-0.855631485849
2023-06-01,-0.006531184513,-0.242175522700,-0.433883739118,-0.900968867902,0.502790719779,-0.864408174478
2023-06-02,0.015537293312,0.124425467863,-0.974927912182,-0.222520933956,0.487847145442,-0.872929070821
2023-06-03,0.002928993091,-0.388573595055,-0.781831482468,0.623489801859,0.472759209286,-0.881191653407
2023-06-04,-0.013767654510,0.641480637227,0.000000000000,1.000000000000,0.457531376074,-0.889193477207
2023-06-05,-0.057353116856,0.489852953097,0.781831482468,0.623489801859,0.442168151967,-0.896932174351
2023-06-06,0.009880470695,-0.425074661585,0.974927912182,-0.222520933956,0.426674083190,-0.904405454834
2023-06-07,-0.050983933765,0.168837785031,0.433883739118,-0.900968867902,0.411053754687,-0.911611107193
2023-06-08,0.020150283750,-0.456530258536,-0.433883739118,-0.900968867902,0.395311788765,-0.918546999159
2023-06-09,-0.010302041186,-0.039474236720,-0.974927912182,-0.222520933956,0.379452843725,-0.925211078289
2023-06-10,-0.117905127468,1.646423033115,-0.781831482468,0.623489801859,0.363481612483,-0.931601372577
2023-06-11,-0.005091168106,-1.450310512562,0.000000000000,1.000000000000,0.347402821184,-0.937715991030
2023-06-12,0.058100448839,0.376280655317,0.781831482468,0.623489801859,0.331221227802,-0.943553124235
2023-06-13,-0.003097105773,0.375116086931,0.974927912182,-0.222520933956,0.314941620729,-0.949111044890
2023-06-14,0.027587507698,0.342476855382,0.433883739118,-0.900968867902,0.298568817364,-0.954388108318
2023-06-15,0.005331331595,-0.108707772666,-0.433883739118,-0.900968867902,0.282107662682,-0.959382752949
2023-06-16,0.026150059339,-0.875649444548,-0.974927912182,-0.222520933956,0.265563027804,-0.964093500789
2023-06-17,-0.004776080845,-0.117073443523,-0.781831482468,0.623489801859,0.248939808554,-0.968518957851
2023-06-18,-0.010438724764,-0.183783655189,0.000000000000,1.000000000000,0.232242924009,-0.972657814572
2023-06-19,0.000528028533,0.084904697717,0.781831482468,0.623489801859,0.215477315047,-0.976508846197
2023-06-20,0.020164187696,0.136621948435,0.974927912182,-0.222520933956,0.198647942880,-0.980070913143
2023-06-21,0.044158578049,0.388076938441,0.433883739118,-0.900968867902,0.181759787591,-0.983342961339
2023-06-22,-0.010244867997,-0.267353713547,-0.433883739118,-0.900968867902,0.164817846657,-0.986324022532
2023-06-23,0.028082179192,-0.127709504647,-0.974927912182,-0.222520933956,0.147827133471,-0.989013214578
2023-06-24,-0.026825257849,-0.046181451514,-0.781831482468,0.623489801859,0.130792675857,-0.991409741702
2023-06-25,0.138696314722,1.654890123274,0.000000000000,1.000000000000,0.113719514586,-0.993512894734
2023-06-26,-0.032256112859,-0.506511877267,0.781831482468,0.623489801859,0.096612701881,-0.995322051316
2023-06-27,0.001265563211,-0.926848647374,0.974927912182,-0.222520933956,0.079477299924,-0.996836676089
2023-06-28,-0.086884487915,0.270714277019,0.433883739118,-0.900968867902,0.062318379354,-0.998056320853
2023-06-29,0.018364918539,-0.249993533406,-0.433883739118,-0.900968867902,0.045141017774,-0.998980624694
2023-06-30,0.069088225382,0.863920711264,-0.974927912182,-0.222520933956,0.027950298240,-0.999609314096
2023-07-01,0.056353408189,-0.277861041844,-0.781831482468,0.623489801859,0.010751307764,-0.999942203020
2023-07-02,-0.002668752071,-0.087098157364,0.000000000000,1.000000000000,-0.006450864198,-0.999979192959
2023-07-03,-0.007613705689,-0.147088479587,0.781831482468,0.623489801859,-0.023651127245,-0.999720272966
2023-07-04,-0.002682440877,0.000220418334,0.974927912182,-0.222520933956,-0.040844391543,-0.999165519661
2023-07-05,-0.016246650750,0.073861584481,0.433883739118,-0.900968867902,-0.058025569329,-0.998315097203
2023-07-06,-0.024282243562,-0.025115316961,-0.433883739118,-0.900968867902,-0.075189576415,-0.997169257247
2023-07-07,0.034386477778,0.149447600110,-0.974927912182,-0.222520933956,-0.092331333695,-0.995728338865
2023-07-08,-0.043193125959,-0.473843448387,-0.781831482468,0.623489801859,-0.109445768649,-0.993992768447
2023-07-09,-0.002755952288,-0.285157334292,0.000000000000,1.000000000000,-0.126527816839,-0.991963059577
2023-07-10,0.000892749653,0.440578414889,0.781831482468,0.623489801859,-0.143572423412,-0.989639812879
2023-07-11,0.004627082542,-0.363777032533,0.974927912182,-0.222520933956,-0.160574544595,-0.987023715839
2023-07-12,0.001932967505,0.115122193105,0.433883739118,-0.900968867902,-0.177529149187,-0.984115542601
2023-07-13,0.104304571146,0.691430418739,-0.433883739118,-0.900968867902,-0.194431220048,-0.980916153741
2023-07-14,0.003033386482,0.340694606091,-0.974927912182,-0.222520933956,-0.211275755582,-0.977426496010
2023-07-15,-0.010255928760,-0.680281299249,-0.781831482468,0.623489801859,-0.228057771222,-0.973647602054
2023-07-16,-0.014989484382,-0.125478114264,0.000000000000,1.000000000000,-0.244772300897,-0.969580590108
2023-07-17,0.033244167136,1.012014079745,0.781831482468,0.623489801859,-0.261414398511,-0.965226663666
2023-07-18,-0.002484662250,0.042565119182,0.974927912182,-0.222520933956,-0.277979139399,-0.960587111125
2023-07-19,-0.003192208202,-0.778672713835,0.433883739118,-0.900968867902,-0.294461621787,-0.955663305403
2023-07-20,0.019674342486,0.359124011877,-0.433883739118,-0.900968867902,-0.310856968244,-0.950456703535
2023-07-21,0.034390501797,0.131197697772,-0.974927912182,-0.222520933956,-0.327160327122,-0.944968846236
2023-07-22,-0.034512227396,-0.522155789894,-0.781831482468,0.623489801859,-0.343366873996,-0.939201357453
2023-07-23,0.025155878445,-0.102951156982,0.000000000000,1.000000000000,-0.359471813088,-0.933155943878
2023-07-24,-0.061517420818,0.392830856650,0.781831482468,0.623489801859,-0.375470378688,-0.926834394446
2023-07-25,0.001085856790,-0.684048751300,0.974927912182,-0.222520933956,-0.391357836561,-0.920238579805
2023-07-26,0.008187767309,0.270090005324,0.433883739118,-0.900968867902,-0.407129485354,-0.913370451764
2023-07-27,0.004812836411,0.037747179108,-0.433883739118,-0.900968867902,-0.422780657983,-0.906232042711
2023-07-28,0.023909785736,-0.092779778669,-0.974927912182,-0.222520933956,-0.438306723013,-0.898825465016
2023-07-29,0.052483152760,0.259706429421,-0.781831482468,0.623489801859,-0.453703086031,-0.891152910406
2023-07-30,0.013526503341,0.239819428038,0.000000000000,1.000000000000,-0.468965191008,-0.883216649313
2023-07-31,0.016818756656,0.234118575490,0.781831482468,0.623489801859,-0.484088521639,-0.875019030203
2023-08-01,0.021919727726,0.041810784874,0.974927912182,-0.222520933956,-0.499068602689,-0.866562478885
2023-08-02,-0.080553397665,-0.187226249918,0.433883739118,-0.900968867902,-0.513901001309,-0.857849497787
2023-08-03,-0.009206277958,-0.276998020724,-0.433883739118,-0.900968867902,-0.528581328356,-0.848882665221
2023-08-04,-0.006841247644,-0.201128847197,-0.974927912182,-0.222520933956,-0.543105239683,-0.839664634618
2023-08-05,0.004091197496,-0.217335333892,-0.781831482468,0.623489801859,-0.557468437433,-0.830198133741
2023-08-06,-0.021857309097,-0.003692030552,0.000000000000,1.000000000000,-0.571666671303,-0.820485963879
2023-08-07,-0.014486851023,0.340644182475,0.781831482468,0.623489801859,-0.585695739807,-0.810530999019
2023-08-08,0.036633554001,0.056782100202,0.974927912182,-0.222520933956,-0.599551491520,-0.800336184998
2023-08-09,0.027462371684,0.004401298964,0.433883739118,-0.900968867902,-0.613229826300,-0.789904538622
2023-08-10,-0.009959311726,0.052190528975,-0.433883739118,-0.900968867902,-0.626726696508,-0.779239146786
2023-08-11,-0.001217411616,-0.300012439726,-0.974927912182,-0.222520933956,-0.640038108204,-0.768343165549
2023-08-12,0.005124162723,-0.190105454769,-0.781831482468,0.623489801859,-0.653160122327,-0.757219819208
2023-08-13,-0.019383813708,-0.087729673251,0.000000000000,1.000000000000,-0.666088855861,-0.745872399340
2023-08-14,0.026381527251,0.371076572439,0.781831482468,0.623489801859,-0.678820482986,-0.734304263830
2023-08-15,-0.048501623825,0.202796011619,0.974927912182,-0.222520933956,-0.691351236209,-0.722518835873
2023-08-16,-0.090309046884,0.393197294405,0.433883739118,-0.900968867902,-0.703677407479,-0.710519602969
2023-08-17,-0.086803726568,0.154720005619,-0.433883739118,-0.900968867902,-0.715795349283,-0.698310115884
2023-08-18,-0.016822243664,-0.389430989873,-0.974927912182,-0.222520933956,-0.727701475726,-0.685893987600
2023-08-19,-0.001057625939,-0.359494746656,-0.781831482468,0.623489801859,-0.739392263596,-0.673274892250
2023-08-20,-0.000017302833,-0.073365300459,0.000000000000,1.000000000000,-0.750864253399,-0.660456564028
2023-08-21,-0.026894404188,0.089031724132,0.781831482468,0.623489801859,-0.762114050389,-0.647442796083
2023-08-22,-0.022232665936,0.313301474637,0.974927912182,-0.222520933956,-0.773138325571,-0.634237439398
2023-08-23,0.019475395160,0.067533341535,0.433883739118,-0.900968867902,-0.783933816683,-0.620844401651
2023-08-24,-0.023276024327,-0.259992146040,-0.433883739118,-0.900968867902,-0.794497329167,-0.607267646057
2023-08-25,-0.022308144872,-0.037527154420,-0.974927912182,-0.222520933956,-0.804825737108,-0.593511190196
2023-08-26,0.011277679361,-0.396701814112,-0.781831482468,0.623489801859,-0.814915984166,-0.579579104826
2023-08-27,0.017532038203,0.065018370843,0.000000000000,1.000000000000,-0.824765084473,-0.565475512674
2023-08-28,-0.001693290832,0.102936923328,0.781831482468,0.623489801859,-0.834370123523,-0.551204587220
2023-08-29,0.026853493615,0.305521172187,0.974927912182,-0.222520933956,-0.843728259029,-0.536770551461
2023-08-30,-0.033146849750,-0.173469510707,0.433883739118,-0.900968867902,-0.852836721769,-0.522177676660
2023-08-31,-0.061775213238,0.162391171773,-0.433883739118,-0.900968867902,-0.861692816403,-0.507430281083
2023-09-01,-0.023716112590,-0.204307366428,-0.974927912182,-0.222520933956,-0.870293922269,-0.492532728722
2023-09-02,0.029323578480,-0.170675463964,-0.781831482468,0.623489801859,-0.878637494161,-0.477489428003
2023-09-03,0.004717898322,-0.012787307066,0.000000000000,1.000000000000,-0.886721063083,-0.462304830480
2023-09-04,0.005200810149,0.018837049244,0.781831482468,0.623489801859,-0.894542236976,-0.446983429520
2023-09-05,-0.013970306019,0.031258411433,0.974927912182,-0.222520933956,-0.902098701430,-0.431529758971
2023-09-06,0.018530461241,-0.036722101484,0.433883739118,-0.900968867902,-0.909388220365,-0.415948391825
2023-09-07,0.003586529127,-0.152445091361,-0.433883739118,-0.900968867902,-0.916408636694,-0.400243938857
2023-09-08,-0.023702994071,-0.069009217171,-0.974927912182,-0.222520933956,-0.923157872965,-0.384421047269
2023-09-09,-0.009497008629,-0.452554954238,-0.781831482468,0.623489801859,-0.929633931968,-0.368484399308
2023-09-10,-0.024469764136,0.698480046755,0.000000000000,1.000000000000,-0.935834897335,-0.352438710885
2023-09-11,-0.027656336901,0.149614312652,0.781831482468,0.623489801859,-0.941758934099,-0.336288730177
2023-09-12,0.022036620600,0.038127421269,0.974927912182,-0.222520933956,-0.947404289244,-0.320039236223
2023-09-13,0.013914228486,-0.272991466537,0.433883739118,-0.900968867902,-0.952769292217,-0.303695037511
2023-09-14,0.003656481697,0.070124485488,-0.433883739118,-0.900968867902,-0.957852355428,-0.287260970551
2023-09-15,0.017851983132,-0.004098718840,-0.974927912182,-0.222520933956,-0.962651974716,-0.270741898448
2023-09-16,-0.001971464947,-0.012949436929,-0.781831482468,0.623489801859,-0.967166729798,-0.254142709461
2023-09-17,-0.012688536667,-0.122913359144,0.000000000000,1.000000000000,-0.971395284684,-0.237468315558
2023-09-18,0.017897347179,0.328016095797,0.781831482468,0.623489801859,-0.975336388077,-0.220723650961
2023-09-19,0.010449627409,-0.057711937968,0.974927912182,-0.222520933956,-0.978988873741,-0.203913670683
2023-09-20,-0.009383754209,0.001192632054,0.433883739118,-0.900968867902,-0.982351660847,-0.187043349070
2023-09-21,-0.028743582126,-0.060860231856,-0.433883739118,-0.900968867902,-0.985423754292,-0.170117678320
2023-09-22,0.003692161573,-0.299851261413,-0.974927912182,-0.222520933956,-0.988204244994,-0.153141667013
2023-09-23,0.003561242203,-0.218055257608,-0.781831482468,0.623489801859,-0.990692310162,-0.136120338623
2023-09-24,-0.010015894126,-0.043751283859,0.000000000000,1.000000000000,-0.992887213536,-0.119058730034
2023-09-25,0.008894247731,0.148142540003,0.781831482468,0.623489801859,-0.994788305609,-0.101961890052
2023-09-26,-0.003629911393,0.102345736069,0.974927912182,-0.222520933956,-0.996395023819,-0.084834877906
2023-09-27,-0.001738228809,0.414412214860,0.433883739118,-0.900968867902,-0.997706892710,-0.067682761755
2023-09-28,0.039039440660,-0.003923100152,-0.433883739118,-0.900968867902,-0.998723524080,-0.050510617185
2023-09-29,-0.003251884859,0.063801157982,-0.974927912182,-0.222520933956,-0.999444617092,-0.033323525712
2023-09-30,0.012991402661,-0.478280846873,-0.781831482468,0.623489801859,-0.999869958362,-0.016126573271
2023-10-01,0.042489540261,0.376880131295,0.000000000000,1.000000000000,-0.999999422025,0.001075151283
2023-10-02,-0.041357094493,0.237223509524,0.781831482468,0.623489801859,-0.999832969770,0.018276557682
2023-10-03,-0.023365684040,-0.285254612208,0.974927912182,-0.222520933956,-0.999370650854,0.035472555753
2023-10-04,-0.011721611548,0.010559488896,0.433883739118,-0.900968867902,-0.998612602084,0.052658056925
2023-10-05,-0.001791407020,-0.144011856301,-0.433883739118,-0.900968867902,-0.997559047779,0.069827975730
2023-10-06,0.020800198156,-0.196755223336,-0.974927912182,-0.222520933956,-0.996210299702,0.086977231314
2023-10-07,-0.005494913095,-0.407963957361,-0.781831482468,0.623489801859,-0.994566756971,0.104100748935
2023-10-08,-0.006173597363,-0.112687092504,0.000000000000,1.000000000000,-0.992628905935,0.121193461471
2023-10-09,-0.047746510738,0.741270596487,0.781831482468,0.623489801859,-0.990397320035,0.138250310911
2023-10-10,-0.005528317602,-0.347392025758,0.974927912182,-0.222520933956,-0.987872659635,0.155266249860
2023-10-11,0.001455582685,-0.006232430858,0.433883739118,-0.900968867902,-0.985055671822,0.172236243028
2023-10-12,-0.029736780695,0.069023300134,-0.433883739118,-0.900968867902,-0.981947190187,0.189155268720
2023-10-13,0.006493694333,-0.152767432523,-0.974927912182,-0.222520933956,-0.978548134580,0.206018320325
2023-10-14,0.014331093450,-0.334223325416,-0.781831482468,0.623489801859,-0.974859510837,0.222820407795
2023-10-15,0.004162804381,-0.085232726286,0.000000000000,1.000000000000,-0.970882410481,0.239556559121
2023-10-16,0.006460261697,0.712113045199,0.781831482468,0.623489801859,-0.966618010400,0.256221821807
2023-10-17,-0.060530258861,0.247306951916,0.974927912182,-0.222520933956,-0.962067572498,0.272811264334
2023-10-18,0.012290942391,-0.353020676339,0.433883739118,-0.900968867902,-0.957232443323,0.289319977619
2023-10-19,-0.001579385182,-0.195294302480,-0.433883739118,-0.900968867902,-0.952114053668,0.305743076467
2023-10-20,0.017462229425,0.349361523348,-0.974927912182,-0.222520933956,-0.946713918146,0.322075701021
2023-10-21,0.034699589914,-0.211988238808,-0.781831482468,0.623489801859,-0.941033634745,0.338313018192
2023-10-22,0.015433148868,0.258587102883,0.000000000000,1.000000000000,-0.935074884352,0.354450223099
2023-10-23,0.038213419581,0.921941780054,0.781831482468,0.623489801859,-0.928839430256,0.370482540482
2023-10-24,-0.035940846330,0.268556911886,0.974927912182,-0.222520933956,-0.922329117629,0.386405226121
2023-10-25,-0.011128645288,-0.362109026607,0.433883739118,-0.900968867902,-0.915545872978,0.402213568237
2023-10-26,-0.014631362709,0.097950875081,-0.433883739118,-0.900968867902,-0.908491703573,0.417902888887
2023-10-27,-0.019104272443,-0.345732360497,-0.974927912182,-0.222520933956,-0.901168696856,0.433468545349
2023-10-28,0.013163502483,-0.746427877960,-0.781831482468,0.623489801859,-0.893579019824,0.448905931494
2023-10-29,0.017336643519,0.471749475940,0.000000000000,1.000000000000,-0.885724918384,0.464210479152
2023-10-30,0.006180834135,0.298911329461,0.781831482468,0.623489801859,-0.877608716690,0.479377659461
2023-10-31,-0.007815851036,0.219386674615,0.974927912182,-0.222520933956,-0.869232816457,0.494402984208
2023-11-01,0.140099561889,0.947619520423,0.433883739118,-0.900968867902,-0.860599696250,0.509282007157
2023-11-02,-0.015938875136,0.095764948039,-0.433883739118,-0.900968867902,-0.851711910747,0.524010325368
2023-11-03,-0.007236524820,-0.634299158608,-0.974927912182,-0.222520933956,-0.842572089987,0.538583580492
2023-11-04,0.011197707200,-0.864580975469,-0.781831482468,0.623489801859,-0.833182938589,0.552997460070
2023-11-05,0.014821118043,0.379020717879,0.000000000000,1.000000000000,-0.823547234956,0.567247698803
2023-11-06,0.066876382679,0.187967213653,0.781831482468,0.623489801859,-0.813667830446,0.581330079815
2023-11-07,-0.035460766995,-0.214745965289,0.974927912182,-0.222520933956,-0.803547648534,0.595240435904
2023-11-08,0.050087020601,0.216915694627,0.433883739118,-0.900968867902,-0.793189683945,0.608974650772
2023-11-09,-0.008354130592,0.561554286373,-0.433883739118,-0.900968867902,-0.782597001768,0.622528660243
2023-11-10,0.026774391290,-0.345005727757,-0.974927912182,-0.222520933956,-0.771772736547,0.635898453468
2023-11-11,0.020843014912,0.017394491947,-0.781831482468,0.623489801859,-0.760720091356,0.649080074110
2023-11-12,0.002689777140,-0.301576777120,0.000000000000,1.000000000000,-0.749442336852,0.662069621515
2023-11-13,-0.031297792694,0.340643483217,0.781831482468,0.623489801859,-0.737942810303,0.674863251868
2023-11-14,-0.037504323090,-0.233571015945,0.974927912182,-0.222520933956,-0.726224914604,0.687457179327
2023-11-15,0.063350737581,-0.073948785382,0.433883739118,-0.900968867902,-0.714292117269,0.699847677146
2023-11-16,-0.033356639722,0.272080998657,-0.433883739118,-0.900968867902,-0.702147949405,0.712031078779
2023-11-17,-0.021542509379,-0.084059447368,-0.974927912182,-0.222520933956,-0.689796004666,0.724003778959
2023-11-18,-0.006262185365,-0.363467634188,-0.781831482468,0.623489801859,-0.677239938191,0.735762234774
2023-11-19,0.034454685546,-0.302104351676,0.000000000000,1.000000000000,-0.664483465523,0.747302966705
2023-11-20,-0.010836345357,0.172387335494,0.781831482468,0.623489801859,-0.651530361507,0.758622559666
2023-11-21,-0.060306395956,0.474457032347,0.974927912182,-0.222520933956,-0.638384459175,0.769717664007
2023-11-22,0.225190759344,0.918263045476,0.433883739118,-0.900968867902,-0.625049648610,0.780584996507
2023-11-23,0.038586729281,-0.244711698938,-0.433883739118,-0.900968867902,-0.611529875799,0.791221341348
2023-11-24,-0.029598469972,-0.202029959719,-0.974927912182,-0.222520933956,-0.597829141459,0.801623551065
2023-11-25,0.001017816038,-0.873386862320,-0.781831482468,0.623489801859,-0.583951499858,0.811788547476
2023-11-26,-0.000604415775,0.109973696271,0.000000000000,1.000000000000,-0.569901057613,0.821713322596
2023-11-27,0.019183898207,0.524622985202,0.781831482468,0.623489801859,-0.555681972476,0.831394939523
2023-11-28,-0.021769954668,-0.006893829754,0.974927912182,-0.222520933956,-0.541298452104,0.840830533312
2023-11-29,-0.022193709482,-0.484904345681,0.433883739118,-0.900968867902,-0.526754752811,0.850017311819
2023-11-30,-0.011596588063,0.461030722343,-0.433883739118,-0.900968867902,-0.512055178311,0.858952556527
2023-12-01,0.011220031814,-0.155738519984,-0.974927912182,-0.222520933956,-0.497204078447,0.867633623355
2023-12-02,0.025034251673,-0.293049470483,-0.781831482468,0.623489801859,-0.482205847896,0.876057943434
2023-12-03,-0.017643485997,0.253772767017,0.000000000000,1.000000000000,-0.467064924877,0.884223023874
2023-12-04,0.005348359382,0.706641449969,0.781831482468,0.623489801859,-0.451785789833,0.892126448495
2023-12-05,0.026515522479,-0.744866683744,0.974927912182,-0.222520933956,-0.436372964105,0.899765878548
2023-12-06,-0.043066598614,0.031368065882,0.433883739118,-0.900968867902,-0.420831008596,0.907139053401
2023-12-07,0.047416158755,-0.262310628783,-0.433883739118,-0.900968867902,-0.405164522421,0.914243791213
2023-12-08,0.037683534023,0.131225105521,-0.974927912182,-0.222520933956,-0.389378141545,0.921077989579
2023-12-09,0.045296256969,0.558284055502,-0.781831482468,0.623489801859,-0.373476537413,0.927639626149
2023-12-10,-0.034839689609,-0.551007924566,0.000000000000,1.000000000000,-0.357464415565,0.933926759229
2023-12-11,-0.078053382205,0.278244954928,0.781831482468,0.623489801859,-0.341346514245,0.939937528356
2023-12-12,0.020955969457,-0.558982585668,0.974927912182,-0.222520933956,-0.325127603000,0.945670154847
2023-12-13,0.009883228724,0.062772802507,0.433883739118,-0.900968867902,-0.308812481266,0.951122942324
2023-12-14,0.010255738573,-0.027145040850,-0.433883739118,-0.900968867902,-0.292405976951,0.956294277220
2023-12-15,-0.052600820415,-0.168120739028,-0.974927912182,-0.222520933956,-0.275912945003,0.961182629254
2023-12-16,0.019931929721,-0.211663249509,-0.781831482468,0.623489801859,-0.259338265975,0.965786551884
2023-12-17,-0.013547461741,0.227428811487,0.000000000000,1.000000000000,-0.242686844583,0.970104682736
2023-12-18,-0.022380599269,0.366770208064,0.781831482468,0.623489801859,-0.225963608248,0.974135744005
2023-12-19,-0.017272062861,-0.525055252883,0.974927912182,-0.222520933956,-0.209173505646,0.977878542834
2023-12-20,0.014535022752,0.029562809129,0.433883739118,-0.900968867902,-0.192321505239,0.981331971670
2023-12-21,0.042400662780,0.242918465695,-0.433883739118,-0.900968867902,-0.175412593804,0.984495008588
2023-12-22,0.037699453327,0.318126151391,-0.974927912182,-0.222520933956,-0.158451774961,0.987366717594
2023-12-23,-0.010291279702,0.060693569859,-0.781831482468,0.623489801859,-0.141444067688,0.989946248902
2023-12-24,0.078059885437,0.601631930060,0.000000000000,1.000000000000,-0.124394504840,0.992232839189
2023-12-25,0.015141428307,-0.548382677162,0.781831482468,0.623489801859,-0.107308131656,0.994225811816
2023-12-26,0.054901283821,0.688436604223,0.974927912182,-0.222520933956,-0.090190004270,0.995924577029
2023-12-27,-0.015531304991,-0.560688776838,0.433883739118,-0.900968867902,-0.073045188211,0.997328632136
2023-12-28,0.078487353543,0.716096547104,-0.433883739118,-0.900968867902,-0.055878756905,0.998437561657
2023-12-29,-0.034943585629,-0.524300437017,-0.974927912182,-0.222520933956,-0.038695790177,0.999251037439
2023-12-30,-0.025182667864,-0.640572745141,-0.781831482468,0.623489801859,-0.021501372741,0.999768818763
2023-12-31,-0.020974585081,-0.154194219411,0.000000000000,1.000000000000,-0.004300592703,0.999990752408
2024-01-01,0.050314289834,-0.196960044109,0.781831482468,0.623489801859,0.017201575418,0.999852041956
2024-01-02,-0.057378117889,0.381235913935,0.974927912182,-0.222520933956,0.034398060614,0.999408211606
2024-01-03,-0.109918359843,0.646139459362,0.433883739118,-0.900968867902,0.051584366869,0.998668640288
2024-01-04,0.016309434358,-0.649276483922,-0.433883739118,-0.900968867902,0.068755408481,0.997633546852
2024-01-05,-0.017253755745,0.129277675593,-0.974927912182,-0.222520933956,0.085906104261,0.996303237599
2024-01-06,-0.018067397382,-0.277439082375,-0.781831482468,0.623489801859,0.103031379043,0.994678106189
2024-01-07,-0.049864162832,-0.315808614514,0.000000000000,1.000000000000,0.120126165182,0.992758633525
2024-01-08,0.036739143854,0.402075092866,0.781831482468,0.623489801859,0.137185404057,0.990545387609
2024-01-09,-0.034676977085,0.044952920378,0.974927912182,-0.222520933956,0.154204047563,0.988039023377
2024-01-10,0.086190209751,0.223538885743,0.433883739118,-0.900968867902,0.171177059610,0.985240282501
2024-01-11,0.039624526287,0.159222516846,-0.433883739118,-0.900968867902,0.188099417612,0.982149993175
2024-01-12,-0.033205196636,-0.069202771694,-0.974927912182,-0.222520933956,0.204966113969,0.978769069865
2024-01-13,0.005740757274,-0.538643964618,-0.781831482468,0.623489801859,0.221772157556,0.975098513040
2024-01-14,-0.048825228225,-0.112819003248,0.000000000000,1.000000000000,0.238512575194,0.971139408877
2024-01-15,0.053990449423,0.351158789215,0.781831482468,0.623489801859,0.255182413123,0.966892928939
2024-01-16,0.022742340958,-0.125043668422,0.974927912182,-0.222520933956,0.271776738471,0.962360329828
2024-01-17,-0.008923383551,-0.173554595287,0.433883739118,-0.900968867902,0.288290640710,0.957542952812
2024-01-18,-0.069760874494,0.018858546778,-0.433883739118,-0.900968867902,0.304719233109,0.952442223431
2024-01-19,0.005818442365,-0.043894614943,-0.974927912182,-0.222520933956,0.321057654185,0.947059651072
2024-01-20,0.020954318996,-0.081028177652,-0.781831482468,0.623489801859,0.337301069136,0.941396828526
2024-01-21,-0.017747356129,-0.505378216746,0.000000000000,1.000000000000,0.353444671274,0.935455431513
2024-01-22,-0.053447249875,0.487922646373,0.781831482468,0.623489801859,0.369483683447,0.929237218188
2024-01-23,-0.033413030623,0.201606316537,0.974927912182,-0.222520933956,0.385413359454,0.922744028620
2024-01-24,0.004808734727,-0.287374039413,0.433883739118,-0.900968867902,0.401228985448,0.915977784248
2024-01-25,-0.020021698930,-0.196264234145,-0.433883739118,-0.900968867902,0.416925881329,0.908940487314
2024-01-26,0.034712452624,0.154195271321,-0.974927912182,-0.222520933956,0.432499402134,0.901634220265
2024-01-27,0.005744972864,-0.390996247176,-0.781831482468,0.623489801859,0.447944939408,0.894061145145
2024-01-28,-0.007497996986,0.185551609334,0.000000000000,1.000000000000,0.463257922567,0.886223502949
2024-01-29,0.033075603263,0.178844628349,0.781831482468,0.623489801859,0.478433820255,0.878123612959
2024-01-30,0.018750078362,0.134150559690,0.974927912182,-0.222520933956,0.493468141677,0.869763872065
2024-01-31,-0.042258309150,0.133203269534,0.433883739118,-0.900968867902,0.508356437938,0.861146754048
2024-02-01,0.007739794054,-0.213252567837,-0.433883739118,-0.900968867902,0.523094303349,0.852274808852
2024-02-02,0.014357445810,-0.145503472728,-0.974927912182,-0.222520933956,0.537677376741,0.843150661828
2024-02-03,-0.004150543724,-0.207797384311,-0.781831482468,0.623489801859,0.552101342746,0.833777012959
2024-02-04,-0.020761321413,-0.168966425447,0.000000000000,1.000000000000,0.566361933081,0.824156636057
2024-02-05,0.002700770562,0.128388749481,0.781831482468,0.623489801859,0.580454927809,0.814292377947
2024-02-06,0.045448273848,0.404850409137,0.974927912182,-0.222520933956,0.594376156585,0.804187157621
2024-02-07,0.018183414278,-0.135389674659,0.433883739118,-0.900968867902,0.608121499894,0.793843965378
2024-02-08,-0.011573538304,-0.052052372534,-0.433883739118,-0.900968867902,0.621686890267,0.783265861934
2024-02-09,0.051273779191,0.428196109929,-0.974927912182,-0.222520933956,0.635068313487,0.772455977519
2024-02-10,-0.003146965280,-0.473636281827,-0.781831482468,0.623489801859,0.648261809776,0.761417510953
2024-02-11,0.007434534640,0.268763142638,0.000000000000,1.000000000000,0.661263474966,0.750153728696
2024-02-12,0.023358518158,0.063215318465,0.781831482468,0.623489801859,0.674069461655,0.738667963881
2024-02-13,-0.022056043315,0.036112189659,0.974927912182,-0.222520933956,0.686675980345,0.726963615332
2024-02-14,0.029170930298,-0.062247802666,0.433883739118,-0.900968867902,0.699079300566,0.715044146554
2024-02-15,0.085368565772,0.668373999898,-0.433883739118,-0.900968867902,0.711275751974,0.702913084708
2024-02-16,-0.006598326173,-0.147616049285,-0.974927912182,-0.222520933956,0.723261725444,0.690574019572
2024-02-17,0.041432170117,-0.016792702366,-0.781831482468,0.623489801859,0.735033674133,0.678030602474
2024-02-18,-0.015415251817,-0.208765071056,0.000000000000,1.000000000000,0.746588114532,0.665286545211
2024-02-19,0.006866867312,-0.029020081933,0.781831482468,0.623489801859,0.757921627497,0.652345618957
2024-02-20,-0.018783289011,0.220174791454,0.974927912182,-0.222520933956,0.769030859259,0.639211653138
2024-02-21,-0.021624020139,-0.198948963016,0.433883739118,-0.900968867902,0.779912522417,0.625888534308
2024-02-22,-0.006322468057,-0.158673053652,-0.433883739118,-0.900968867902,0.790563396912,0.612380204990
2024-02-23,0.433785940181,2.934678772061,-0.974927912182,-0.222520933956,0.800980330978,0.598690662518
2024-02-24,-0.007445407620,-0.287061612005,-0.781831482468,0.623489801859,0.811160242079,0.584823957846
2024-02-25,-0.014200517138,-0.842187562853,0.000000000000,1.000000000000,0.821100117813,0.570784194357
2024-02-26,-0.046251532910,-0.228997731864,0.781831482468,0.623489801859,0.830797016812,0.556575526641
2024-02-27,0.024586206135,-0.200662789056,0.974927912182,-0.222520933956,0.840248069608,0.542202159273
2024-02-28,0.007134222173,0.211640156810,0.433883739118,-0.900968867902,0.849450479481,0.527668345563
2024-02-29,0.018080332947,0.199516572115,-0.433883739118,-0.900968867902,0.858401523292,0.512978386299
2024-03-01,0.041741710689,-0.373171209602,-0.974927912182,-0.222520933956,0.867098552281,0.498136628478
2024-03-02,0.085139752531,0.451122617019,-0.781831482468,0.623489801859,0.875538992859,0.483147464015
2024-03-03,-0.001211098557,-0.376665658563,0.000000000000,1.000000000000,0.883720347362,0.468015328444
2024-03-04,-0.019711338389,-0.181252383634,0.781831482468,0.623489801859,0.891640194797,0.452744699607
2024-03-05,0.058307825272,0.718730574050,0.974927912182,-0.222520933956,0.899296191553,0.437340096330
2024-03-06,0.159246359607,0.307773075222,0.433883739118,-0.900968867902,0.906686072098,0.421806077083
2024-03-07,-0.031522431536,-0.956472436758,-0.433883739118,-0.900968867902,0.913807649647,0.406147238631
2024-03-08,-0.017962470175,-0.074369762203,-0.974927912182,-0.222520933956,0.920658816810,0.390368214676
2024-03-09,-0.029338660953,-0.045610642493,-0.781831482468,0.623489801859,0.927237546218,0.374473674487
2024-03-10,-0.001407808599,-0.148271798498,0.000000000000,1.000000000000,0.933541891118,0.358468321512
2024-03-11,0.016245324346,0.013605487574,0.781831482468,0.623489801859,0.939569985953,0.342356891995
2024-03-12,-0.026181375897,-0.004774806325,0.974927912182,-0.222520933956,0.945320046913,0.326144153564
2024-03-13,0.011109105832,-0.201772062242,0.433883739118,-0.900968867902,0.950790372463,0.309834903832
2024-03-14,-0.018599462382,0.182038622175,-0.433883739118,-0.900968867902,0.955979343844,0.293433968967
2024-03-15,-0.066765516583,0.223311172615,-0.974927912182,-0.222520933956,0.960885425557,0.276946202269
2024-03-16,-0.081474330791,-0.468359814815,-0.781831482468,0.623489801859,0.965507165814,0.260376482734
2024-03-17,0.040934204493,-0.052360704499,0.000000000000,1.000000000000,0.969843196967,0.243729713610
2024-03-18,-0.054465373407,-0.146075636538,0.781831482468,0.623489801859,0.973892235915,0.227010820941
2024-03-19,-0.110318410905,0.479757400386,0.974927912182,-0.222520933956,0.977653084482,0.210224752119
2024-03-20,0.114751598472,-0.197869030000,0.433883739118,-0.900968867902,0.981124629772,0.193376474410
2024-03-21,0.021984300433,-0.224224699921,-0.433883739118,-0.900968867902,0.984305844499,0.176470973492
2024-03-22,-0.039038474885,-0.066432060038,-0.974927912182,-0.222520933956,0.987195787291,0.159513251973
2024-03-23,-0.007555913673,-0.377226481088,-0.781831482468,0.623489801859,0.989793602967,0.142508327916
2024-03-24,0.033581641826,-0.171978085532,0.000000000000,1.000000000000,0.992098522792,0.125461233353
2024-03-25,0.032936579167,0.424796605313,0.781831482468,0.623489801859,0.994109864702,0.108377012792
2024-03-26,0.021905902435,0.003820788366,0.974927912182,-0.222520933956,0.995827033510,0.091260721729
2024-03-27,-0.037102321872,0.127360549837,0.433883739118,-0.900968867902,0.997249521077,0.074117425151
2024-03-28,0.041759603976,-0.063084671169,-0.433883739118,-0.900968867902,0.998376906467,0.056952196034
2024-03-29,-0.008650904121,0.060519047857,-0.974927912182,-0.222520933956,0.999208856068,0.039770113846
2024-03-30,-0.003276774933,-0.437456230546,-0.781831482468,0.623489801859,0.999745123693,0.022576263042
2024-03-31,0.026893308640,0.285748728673,0.000000000000,1.000000000000,0.999985550651,0.005375731558
2024-04-01,-0.041666426333,0.246704217652,0.781831482468,0.623489801859,0.999930065796,-0.011826390692
2024-04-02,-0.094703815696,0.046262616156,0.974927912182,-0.222520933956,0.999578685548,-0.029025013322
2024-04-03,-0.038606571600,0.053769081937,0.433883739118,-0.900968867902,0.998931513885,-0.046215046984
2024-04-04,0.008873465524,-0.436440559021,-0.433883739118,-0.900968867902,0.997988742316,-0.063391404870
2024-04-05,-0.004344081506,-0.081891934952,-0.974927912182,-0.222520933956,0.996750649821,-0.080549004219
2024-04-06,0.028887005895,-0.396411557360,-0.781831482468,0.623489801859,0.995217602774,-0.097682767822
2024-04-07,0.012858971837,0.536364148225,0.000000000000,1.000000000000,0.993390054826,-0.114787625522
2024-04-08,0.020324486042,-0.105295303482,0.781831482468,0.623489801859,0.991268546779,-0.131858515717
2024-04-09,-0.035347120893,0.066579812879,0.974927912182,-0.222520933956,0.988853706421,-0.148890386856
2024-04-10,-0.112694706161,1.067537789832,0.433883739118,-0.900968867902,0.986146248342,-0.165878198935
2024-04-11,-0.089693870204,0.351053183121,-0.433883739118,-0.900968867902,0.983146973722,-0.182816924985
2024-04-12,-0.143962490681,-0.296777815077,-0.974927912182,-0.222520933956,0.979856770096,-0.199701552566
2024-04-13,-0.136406361059,0.042724460926,-0.781831482468,0.623489801859,0.976276611087,-0.216527085245
2024-04-14,0.082112526025,-0.306922798275,0.000000000000,1.000000000000,0.972407556122,-0.233288544075
2024-04-15,-0.036481933681,-0.367476824569,0.781831482468,0.623489801859,0.968250750117,-0.249980969073
2024-04-16,-0.008338572108,-0.127125600700,0.974927912182,-0.222520933956,0.963807423137,-0.266599420679
2024-04-17,-0.043914735260,-0.506633382305,0.433883739118,-0.900968867902,0.959078890034,-0.283138981228
2024-04-18,0.058502393471,0.077793491230,-0.433883739118,-0.900968867902,0.954066550058,-0.299594756397
2024-04-19,0.028857942509,0.272921575322,-0.974927912182,-0.222520933956,0.948771886440,-0.315961876658
2024-04-20,0.047401939048,-0.389628345191,-0.781831482468,0.623489801859,0.943196465957,-0.332235498716
2024-04-21,-0.019260618558,-0.290187179739,0.000000000000,1.000000000000,0.937341938464,-0.348410806945
2024-04-22,0.061414396940,0.434349957892,0.781831482468,0.623489801859,0.931210036412,-0.364483014810
2024-04-23,-0.031880389066,-0.064442927496,0.974927912182,-0.222520933956,0.924802574329,-0.380447366288
2024-04-24,-0.031422161387,0.049378581034,0.433883739118,-0.900968867902,0.918121448284,-0.396299137269
2024-04-25,0.029642809386,0.013050182741,-0.433883739118,-0.900968867902,0.911168635333,-0.412033636959
2024-04-26,-0.031581012379,-0.168649800764,-0.974927912182,-0.222520933956,0.903946192922,-0.427646209268
2024-04-27,0.035980906530,0.025453375756,-0.781831482468,0.623489801859,0.896456258291,-0.443132234183
2024-04-28,-0.018280019330,0.311319279592,0.000000000000,1.000000000000,0.888701047829,-0.458487129140
2024-04-29,-0.017027235110,-0.202083782437,0.781831482468,0.623489801859,0.880682856430,-0.473706350380
2024-04-30,-0.090268437583,0.147700013019,0.974927912182,-0.222520933956,0.872404056805,-0.488785394289
2024-05-01,0.000490676363,0.119557636249,0.433883739118,-0.900968867902,0.863867098784,-0.503719798736
2024-05-02,0.010732601881,-0.496004974543,-0.433883739118,-0.900968867902,0.855074508590,-0.518505144391
2024-05-03,0.064960443175,0.253635705329,-0.974927912182,-0.222520933956,0.846028888092,-0.533137056032
2024-05-04,-0.007829222743,-0.178464862883,-0.781831482468,0.623489801859,0.836732914034,-0.547611203840
2024-05-05,0.008125131623,0.028467158930,0.000000000000,1.000000000000,0.827189337246,-0.561923304683
2024-05-06,-0.014756619030,0.079200190164,0.781831482468,0.623489801859,0.817400981825,-0.576069123380
2024-05-07,-0.011120500567,-0.247593884993,0.974927912182,-0.222520933956,0.807370744302,-0.590044473955
2024-05-08,-0.009172221690,0.033089899645,0.433883739118,-0.900968867902,0.797101592787,-0.603845220877
2024-05-09,0.022861668031,-0.148945035207,-0.433883739118,-0.900968867902,0.786596566087,-0.617467280284
2024-05-10,-0.053895692016,0.056963057256,-0.974927912182,-0.222520933956,0.775858772807,-0.630906621188
2024-05-11,-0.011089761799,-0.224990267507,-0.781831482468,0.623489801859,0.764891390434,-0.644159266672
2024-05-12,0.004768603182,0.109659500851,0.000000000000,1.000000000000,0.753697664393,-0.657221295066
2024-05-13,-0.009210354696,0.319932754086,0.781831482468,0.623489801859,0.742280907087,-0.670088841106
2024-05-14,-0.031793058007,-0.158178736896,0.974927912182,-0.222520933956,0.730644496918,-0.682758097076
2024-05-15,0.083487236277,0.135228982207,0.433883739118,-0.900968867902,0.718791877288,-0.695225313941
2024-05-16,-0.010621521476,-0.064342505282,-0.433883739118,-0.900968867902,0.706726555578,-0.707486802450
2024-05-17,0.027190029985,0.045020740644,-0.974927912182,-0.222520933956,0.694452102109,-0.719538934233
2024-05-18,0.048402526421,0.659291372804,-0.781831482468,0.623489801859,0.681972149090,-0.731378142868
2024-05-19,-0.028278402187,-0.690043597669,0.000000000000,1.000000000000,0.669290389541,-0.743000924944
2024-05-20,0.199561338732,1.029249333987,0.781831482468,0.623489801859,0.656410576198,-0.754403841093
2024-05-21,0.033863439392,0.035003817212,0.974927912182,-0.222520933956,0.643336520404,-0.765583517008
2024-05-22,-0.036346717218,-0.317358929753,0.433883739118,-0.900968867902,0.630072090984,-0.776536644443
2024-05-23,-0.026820012785,0.380886660829,-0.433883739118,-0.900968867902,0.616621213096,-0.787259982192
2024-05-24,0.117054157117,0.208387659323,-0.974927912182,-0.222520933956,0.602987867069,-0.797750357046
2024-05-25,0.104001321278,0.308167586234,-0.781831482468,0.623489801859,0.589176087232,-0.808004664735
2024-05-26,-0.013189620309,-0.196770118332,0.000000000000,1.000000000000,0.575189960712,-0.818019870844
2024-05-27,-0.008591122704,-0.559225368840,0.781831482468,0.623489801859,0.561033626228,-0.827793011713
2024-05-28,0.005087905631,0.156321865349,0.974927912182,-0.222520933956,0.546711272869,-0.837321195312
2024-05-29,-0.063040883252,-0.248090321657,0.433883739118,-0.900968867902,0.532227138847,-0.846601602098
2024-05-30,0.030307339883,-0.199918905566,-0.433883739118,-0.900968867902,0.517585510253,-0.855631485849
2024-05-31,-0.076906754703,0.286262833033,-0.974927912182,-0.222520933956,0.502790719779,-0.864408174478
2024-06-01,-0.008051826030,-0.632814479969,-0.781831482468,0.623489801859,0.487847145442,-0.872929070821
2024-06-02,-0.047492797003,-0.019740387451,0.000000000000,1.000000000000,0.472759209286,-0.881191653407
2024-06-03,0.007463484247,0.228383598772,0.781831482468,0.623489801859,0.457531376074,-0.889193477207
2024-06-04,0.187115461730,1.475927302785,0.974927912182,-0.222520933956,0.442168151967,-0.896932174351
2024-06-05,-0.025503324073,-0.754882973419,0.433883739118,-0.900968867902,0.426674083190,-0.904405454834
2024-06-06,-0.049747081321,-0.421984843340,-0.433883739118,-0.900968867902,0.411053754687,-0.911611107193
2024-06-07,-0.078759521364,0.091932462162,-0.974927912182,-0.222520933956,0.395311788765,-0.918546999159
2024-06-08,0.023396117784,-0.253074435167,-0.781831482468,0.623489801859,0.379452843725,-0.925211078289
2024-06-09,-0.023673298942,-0.160521851848,0.000000000000,1.000000000000,0.363481612483,-0.931601372577
2024-06-10,0.052538243614,0.569866911881,0.781831482468,0.623489801859,0.347402821184,-0.937715991030
2024-06-11,-0.140883748785,0.073941252318,0.974927912182,-0.222520933956,0.331221227802,-0.943553124235
2024-06-12,0.113515971707,0.144633766733,0.433883739118,-0.900968867902,0.314941620729,-0.949111044890
2024-06-13,0.009180653718,-0.576754691022,-0.433883739118,-0.900968867902,0.298568817364,-0.954388108318
2024-06-14,0.025869699496,0.522988087307,-0.974927912182,-0.222520933956,0.282107662682,-0.959382752949
2024-06-15,0.099450420581,0.052882881145,-0.781831482468,0.623489801859,0.265563027804,-0.964093500789
2024-06-16,0.039453894897,-0.624542340855,0.000000000000,1.000000000000,0.248939808554,-0.968518957851
2024-06-17,-0.121632555078,0.296488946872,0.781831482468,0.623489801859,0.232242924009,-0.972657814572
2024-06-18,-0.084088460504,0.006297141708,0.974927912182,-0.222520933956,0.215477315047,-0.976508846197
2024-06-19,0.020451375929,-0.020440567557,0.433883739118,-0.900968867902,0.198647942880,-0.980070913143
2024-06-20,0.006388421676,-0.312135552536,-0.433883739118,-0.900968867902,0.181759787591,-0.983342961339
2024-06-21,-0.022518673094,-0.212433685449,-0.974927912182,-0.222520933956,0.164817846657,-0.986324022532
2024-06-22,0.005313525039,-0.476883807691,-0.781831482468,0.623489801859,0.147827133471,-0.989013214578
2024-06-23,-0.007606937649,-0.116366717233,0.000000000000,1.000000000000,0.130792675857,-0.991409741702
2024-06-24,-0.045651124791,0.995970756837,0.781831482468,0.623489801859,0.113719514586,-0.993512894734
2024-06-25,0.017191805504,-0.588292532938,0.974927912182,-0.222520933956,0.096612701881,-0.995322051316
2024-06-26,-0.012042333397,-0.129223569156,0.433883739118,-0.900968867902,0.079477299924,-0.996836676089
2024-06-27,0.011186399457,0.098525547036,-0.433883739118,-0.900968867902,0.062318379354,-0.998056320853
2024-06-28,-0.055541075121,0.273189262955,-0.974927912182,-0.222520933956,0.045141017774,-0.998980624694
2024-06-29,-0.014810144041,-0.629987259610,-0.781831482468,0.623489801859,0.027950298240,-0.999609314096
2024-06-30,0.047344196881,-0.017366554666,0.000000000000,1.000000000000,0.010751307764,-0.999942203020
2024-07-01,-0.013970861510,0.476628557853,0.781831482468,0.623489801859,-0.006450864198,-0.999979192959
2024-07-02,-0.017573788144,-0.045588812579,0.974927912182,-0.222520933956,-0.023651127245,-0.999720272966
2024-07-03,-0.053176217033,0.228104004360,0.433883739118,-0.900968867902,-0.040844391543,-0.999165519661
2024-07-04,-0.110670195949,0.300939577364,-0.433883739118,-0.900968867902,-0.058025569329,-0.998315097203
2024-07-05,0.018709188411,0.305811994652,-0.974927912182,-0.222520933956,-0.075189576415,-0.997169257247
2024-07-06,0.053252181210,-0.924074571058,-0.781831482468,0.623489801859,-0.092331333695,-0.995728338865
2024-07-07,-0.069328080429,-0.028365541502,0.000000000000,1.000000000000,-0.109445768649,-0.993992768447
2024-07-08,0.049400382124,0.473169288962,0.781831482468,0.623489801859,-0.126527816839,-0.991963059577
2024-07-09,0.017901539272,-0.433941533600,0.974927912182,-0.222520933956,-0.143572423412,-0.989639812879
2024-07-10,-0.018122721147,0.080716854763,0.433883739118,-0.900968867902,-0.160574544595,-0.987023715839
2024-07-11,-0.025043408753,-0.110671862765,-0.433883739118,-0.900968867902,-0.177529149187,-0.984115542601
2024-07-12,0.034854418920,-0.053021010845,-0.974927912182,-0.222520933956,-0.194431220048,-0.980916153741
2024-07-13,0.006285527723,-0.176989834064,-0.781831482468,0.623489801859,-0.211275755582,-0.977426496010
2024-07-14,0.030264714272,0.240612610519,0.000000000000,1.000000000000,-0.228057771222,-0.973647602054
2024-07-15,0.022253149913,0.338122334992,0.781831482468,0.623489801859,-0.244772300897,-0.969580590108
2024-07-16,-0.049978171390,0.353253071251,0.974927912182,-0.222520933956,-0.261414398511,-0.965226663666
2024-07-17,-0.031223849040,-0.340063463103,0.433883739118,-0.900968867902,-0.277979139399,-0.960587111125
2024-07-18,-0.011954741352,-0.205913803977,-0.433883739118,-0.900968867902,-0.294461621787,-0.955663305403
2024-07-19,0.019195808481,-0.048449068676,-0.974927912182,-0.222520933956,-0.310856968244,-0.950456703535
2024-07-20,0.003393089243,-0.124142489776,-0.781831482468,0.623489801859,-0.327160327122,-0.944968846236
2024-07-21,0.013825829422,0.139959594244,0.000000000000,1.000000000000,-0.343366873996,-0.939201357453
2024-07-22,-0.039503155584,-0.025134549472,0.781831482468,0.623489801859,-0.359471813088,-0.933155943878
2024-07-23,-0.012194557939,0.149270446052,0.974927912182,-0.222520933956,-0.375470378688,-0.926834394446
2024-07-24,-0.038602897504,-0.309887855817,0.433883739118,-0.900968867902,-0.391357836561,-0.920238579805
2024-07-25,-0.017917499413,0.227166548894,-0.433883739118,-0.900968867902,-0.407129485354,-0.913370451764
2024-07-26,0.051936738195,-0.363481569866,-0.974927912182,-0.222520933956,-0.422780657983,-0.906232042711
2024-07-27,-0.000089810959,0.119773004644,-0.781831482468,0.623489801859,-0.438306723013,-0.898825465016
2024-07-28,-0.019705074476,-0.474786483530,0.000000000000,1.000000000000,-0.453703086031,-0.891152910406
2024-07-29,0.020749163862,0.459441841547,0.781831482468,0.623489801859,-0.468965191008,-0.883216649313
2024-07-30,-0.039684072405,-0.206970163112,0.974927912182,-0.222520933956,-0.484088521639,-0.875019030203
2024-07-31,-0.024519322281,-0.027373860993,0.433883739118,-0.900968867902,-0.499068602689,-0.866562478885
2024-08-01,-0.002751386176,0.435665061100,-0.433883739118,-0.900968867902,-0.513901001309,-0.857849497787
2024-08-02,-0.084908052583,0.000254778997,-0.974927912182,-0.222520933956,-0.528581328356,-0.848882665221
2024-08-03,0.003387151227,-0.078818788906,-0.781831482468,0.623489801859,-0.543105239683,-0.839664634618
2024-08-04,-0.075436856447,0.150725879257,0.000000000000,1.000000000000,-0.557468437433,-0.830198133741
2024-08-05,-0.134985735477,1.057006020087,0.781831482468,0.623489801859,-0.571666671303,-0.820485963879
2024-08-06,0.074057241861,-0.945458542483,0.974927912182,-0.222520933956,-0.585695739807,-0.810530999019
2024-08-07,-0.023043039704,-0.364132407259,0.433883739118,-0.900968867902,-0.599551491520,-0.800336184998
2024-08-08,0.106992125020,0.113118844452,-0.433883739118,-0.900968867902,-0.613229826300,-0.789904538622
2024-08-09,-0.023351387410,-0.339849445868,-0.974927912182,-0.222520933956,-0.626726696508,-0.779239146786
2024-08-10,0.006956351041,-0.499305390668,-0.781831482468,0.623489801859,-0.640038108204,-0.768343165549
2024-08-11,-0.045835195237,0.251933283460,0.000000000000,1.000000000000,-0.653160122327,-0.757219819208
2024-08-12,0.054162064939,0.334521690540,0.781831482468,0.623489801859,-0.666088855861,-0.745872399340
2024-08-13,0.017151447485,-0.142293988996,0.974927912182,-0.222520933956,-0.678820482986,-0.734304263830
2024-08-14,0.014464765178,0.103561941914,0.433883739118,-0.900968867902,-0.691351236209,-0.722518835873
2024-08-15,-0.035894950091,-0.040839115306,-0.433883739118,-0.900968867902,-0.703677407479,-0.710519602969
2024-08-16,0.045935779602,0.132444185338,-0.974927912182,-0.222520933956,-0.715795349283,-0.698310115884
2024-08-17,-0.014312299133,-0.536854440684,-0.781831482468,0.623489801859,-0.727701475726,-0.685893987600
2024-08-18,-0.037754769825,0.118253102401,0.000000000000,1.000000000000,-0.739392263596,-0.673274892250
2024-08-19,0.004065554328,0.081438904891,0.781831482468,0.623489801859,-0.750864253399,-0.660456564028
2024-08-20,0.013986093513,0.115693646016,0.974927912182,-0.222520933956,-0.762114050389,-0.647442796083
2024-08-21,0.121096641514,0.687659246237,0.433883739118,-0.900968867902,-0.773138325571,-0.634237439398
2024-08-22,-0.025170453012,-0.402254656526,-0.433883739118,-0.900968867902,-0.783933816683,-0.620844401651
2024-08-23,0.012836824598,0.261595637582,-0.974927912182,-0.222520933956,-0.794497329167,-0.607267646057
2024-08-24,-0.013695300867,-0.102845907695,-0.781831482468,0.623489801859,-0.804825737108,-0.593511190196
2024-08-25,-0.041698873550,-0.131445337680,0.000000000000,1.000000000000,-0.814915984166,-0.579579104826
2024-08-26,-0.049320281717,-0.094566359439,0.781831482468,0.623489801859,-0.824765084473,-0.565475512674
2024-08-27,-0.098373067311,0.134964911117,0.974927912182,-0.222520933956,-0.834370123523,-0.551204587220
2024-08-28,0.007979242447,0.005301856931,0.433883739118,-0.900968867902,-0.843728259029,-0.536770551461
2024-08-29,0.011177609629,-0.341600901623,-0.433883739118,-0.900968867902,-0.852836721769,-0.522177676660
2024-08-30,0.010366877202,-0.076217185188,-0.974927912182,-0.222520933956,-0.861692816403,-0.507430281083
2024-08-31,0.008421453175,-0.073558042913,-0.781831482468,0.623489801859,-0.870293922269,-0.492532728722
2024-09-01,-0.056844504042,-0.094194553617,0.000000000000,1.000000000000,-0.878637494161,-0.477489428003
2024-09-02,0.083680924924,0.762736524682,0.781831482468,0.623489801859,-0.886721063083,-0.462304830480
2024-09-03,-0.009805878124,-0.295146298284,0.974927912182,-0.222520933956,-0.894542236976,-0.446983429520
2024-09-04,0.062660826065,0.902535490129,0.433883739118,-0.900968867902,-0.902098701430,-0.431529758971
2024-09-05,-0.020598023304,-1.137315346351,-0.433883739118,-0.900968867902,-0.909388220365,-0.415948391825
2024-09-06,-0.020900259166,0.334084343592,-0.974927912182,-0.222520933956,-0.916408636694,-0.400243938857
2024-09-07,0.039907436084,-0.250070142696,-0.781831482468,0.623489801859,-0.923157872965,-0.384421047269
2024-09-08,-0.012497372899,-0.314837443896,0.000000000000,1.000000000000,-0.929633931968,-0.368484399308
2024-09-09,0.058442361198,0.493377273271,0.781831482468,0.623489801859,-0.935834897335,-0.352438710885
2024-09-10,-0.003053049536,-0.063634064852,0.974927912182,-0.222520933956,-0.941758934099,-0.336288730177
2024-09-11,0.008267687456,0.313627153190,0.433883739118,-0.900968867902,-0.947404289244,-0.320039236223
2024-09-12,0.004819434221,-0.295681844663,-0.433883739118,-0.900968867902,-0.952769292217,-0.303695037511
2024-09-13,0.020786847414,0.082496534709,-0.974927912182,-0.222520933956,-0.957852355428,-0.287260970551
2024-09-14,-0.039352929036,-0.394422680205,-0.781831482468,0.623489801859,-0.962651974716,-0.270741898448
2024-09-15,-0.020356064257,-0.140133921447,0.000000000000,1.000000000000,-0.967166729798,-0.254142709461
2024-09-16,-0.019110528729,0.127208859971,0.781831482468,0.623489801859,-0.971395284684,-0.237468315558
2024-09-17,0.056185730240,0.635256631190,0.974927912182,-0.222520933956,-0.975336388077,-0.220723650961
2024-09-18,-0.005237983928,-0.209707497143,0.433883739118,-0.900968867902,-0.978988873741,-0.203913670683
2024-09-19,0.007908873994,0.257010603011,-0.433883739118,-0.900968867902,-0.982351660847,-0.187043349070
2024-09-20,0.002081735214,-0.252491643118,-0.974927912182,-0.222520933956,-0.985423754292,-0.170117678320
2024-09-21,0.013111951783,-0.468232749416,-0.781831482468,0.623489801859,-0.988204244994,-0.153141667013
2024-09-22,-0.039886315362,0.167126067051,0.000000000000,1.000000000000,-0.990692310162,-0.136120338623
2024-09-23,0.029089536184,0.260676604714,0.781831482468,0.623489801859,-0.992887213536,-0.119058730034
2024-09-24,0.014646228917,0.075837238485,0.974927912182,-0.222520933956,-0.994788305609,-0.101961890052
2024-09-25,-0.022653449645,0.015158693869,0.433883739118,-0.900968867902,-0.996395023819,-0.084834877906
2024-09-26,0.081905615832,0.304331198482,-0.433883739118,-0.900968867902,-0.997706892710,-0.067682761755
2024-09-27,0.036379294350,-0.098034940336,-0.974927912182,-0.222520933956,-0.998723524080,-0.050510617185
2024-09-28,-0.002234621020,-0.160202382526,-0.781831482468,0.623489801859,-0.999444617092,-0.033323525712
2024-09-29,-0.020922811686,-0.252684030922,0.000000000000,1.000000000000,-0.999869958362,-0.016126573271
2024-09-30,-0.007540946767,0.568589775893,0.781831482468,0.623489801859,-0.999999422025,0.001075151283
2024-10-01,-0.071385194270,0.260706532193,0.974927912182,-0.222520933956,-0.999832969770,0.018276557682
2024-10-02,-0.030113555862,-0.231583243362,0.433883739118,-0.900968867902,-0.999370650854,0.035472555753
2024-10-03,-0.018993945162,-0.240213459914,-0.433883739118,-0.900968867902,-0.998612602084,0.052658056925
2024-10-04,0.023600362433,-0.221739136711,-0.974927912182,-0.222520933956,-0.997559047779,0.069827975730
2024-10-05,0.016721933978,-0.376752609164,-0.781831482468,0.623489801859,-0.996210299702,0.086977231314
2024-10-06,0.035985567513,-0.015076959998,0.000000000000,1.000000000000,-0.994566756971,0.104100748935
2024-10-07,0.022373524745,0.714121970704,0.781831482468,0.623489801859,-0.992628905935,0.121193461471
2024-10-08,-0.008778939843,-0.286257108708,0.974927912182,-0.222520933956,-0.990397320035,0.138250310911
2024-10-09,0.015575034091,0.164601524586,0.433883739118,-0.900968867902,-0.987872659635,0.155266249860
2024-10-10,0.107517040855,1.638989162995,-0.433883739118,-0.900968867902,-0.985055671822,0.172236243028
2024-10-11,-0.029544751837,-0.893788462727,-0.974927912182,-0.222520933956,-0.981947190187,0.189155268720
2024-10-12,0.032114024478,-0.222930535908,-0.781831482468,0.623489801859,-0.978548134580,0.206018320325
2024-10-13,-0.057279116339,0.071067036803,0.000000000000,1.000000000000,-0.974859510837,0.222820407795
2024-10-14,0.056084097132,-0.045442443278,0.781831482468,0.623489801859,-0.970882410481,0.239556559121
2024-10-15,-0.035655606975,0.042609025485,0.974927912182,-0.222520933956,-0.966618010400,0.256221821807
2024-10-16,-0.034673242242,-0.444535399288,0.433883739118,-0.900968867902,-0.962067572498,0.272811264334
2024-10-17,-0.030959475599,-0.165014778285,-0.433883739118,-0.900968867902,-0.957232443323,0.289319977619
2024-10-18,0.015959585733,-0.110066365201,-0.974927912182,-0.222520933956,-0.952114053668,0.305743076467
2024-10-19,-0.018758010186,-0.272425037250,-0.781831482468,0.623489801859,-0.946713918146,0.322075701021
2024-10-20,0.057165577103,0.649221663279,0.000000000000,1.000000000000,-0.941033634745,0.338313018192
2024-10-21,0.005237409509,-0.054104092325,0.781831482468,0.623489801859,-0.935074884352,0.354450223099
2024-10-22,0.025397722828,1.067415754820,0.974927912182,-0.222520933956,-0.928839430256,0.370482540482
2024-10-23,-0.024489715663,-0.866984738306,0.433883739118,-0.900968867902,-0.922329117629,0.386405226121
2024-10-24,0.028712976482,-0.208095572855,-0.433883739118,-0.900968867902,-0.915545872978,0.402213568237
2024-10-25,-0.081502721945,0.425890916071,-0.974927912182,-0.222520933956,-0.908491703573,0.417902888887
2024-10-26,0.004358951370,-0.331074897602,-0.781831482468,0.623489801859,-0.901168696856,0.433468545349
2024-10-27,0.012961717882,-0.359844815722,0.000000000000,1.000000000000,-0.893579019824,0.448905931494
2024-10-28,0.032628076346,0.217631102279,0.781831482468,0.623489801859,-0.885724918384,0.464210479152
2024-10-29,0.018949769492,0.108490872639,0.974927912182,-0.222520933956,-0.877608716690,0.479377659461
2024-10-30,0.024351806194,0.130902145712,0.433883739118,-0.900968867902,-0.869232816457,0.494402984208
2024-10-31,-0.065360873996,-0.234057191517,-0.433883739118,-0.900968867902,-0.860599696250,0.509282007157
2024-11-01,-0.007317626635,0.362656224164,-0.974927912182,-0.222520933956,-0.851711910747,0.524010325368
2024-11-02,-0.022416418897,-0.638590858254,-0.781831482468,0.623489801859,-0.842572089987,0.538583580492
2024-11-03,-0.046275345318,0.302583303723,0.000000000000,1.000000000000,-0.833182938589,0.552997460070
2024-11-04,-0.039536989094,-0.356371502495,0.781831482468,0.623489801859,-0.823547234956,0.567247698803
2024-11-05,0.059199501175,0.163948636387,0.974927912182,-0.222520933956,-0.813667830446,0.581330079815
2024-11-06,0.259556306449,2.211228185333,0.433883739118,-0.900968867902,-0.803547648534,0.595240435904
2024-11-07,-0.045592630485,-0.962037672083,-0.433883739118,-0.900968867902,-0.793189683945,0.608974650772
2024-11-08,-0.005526766191,-0.448549127474,-0.974927912182,-0.222520933956,-0.782597001768,0.622528660243
2024-11-09,0.042446000724,-0.016036263760,-0.781831482468,0.623489801859,-0.771772736547,0.635898453468
2024-11-10,-0.002609235789,0.827055948348,0.000000000000,1.000000000000,-0.760720091356,0.649080074110
2024-11-11,0.014391171396,-0.111315717380,0.781831482468,0.623489801859,-0.749442336852,0.662069621515
2024-11-12,-0.040826506631,0.774519079219,0.974927912182,-0.222520933956,-0.737942810303,0.674863251868
2024-11-13,-0.039979725679,-0.766135123171,0.433883739118,-0.900968867902,-0.726224914604,0.687457179327
2024-11-14,-0.054976196452,-0.200320424653,-0.433883739118,-0.900968867902,-0.714292117269,0.699847677146
2024-11-15,0.043738553622,-0.311125253297,-0.974927912182,-0.222520933956,-0.702147949405,0.712031078779
2024-11-16,0.061055542086,0.105528745479,-0.781831482468,0.623489801859,-0.689796004666,0.724003778959
2024-11-17,-0.036164407039,-0.235126794141,0.000000000000,1.000000000000,-0.677239938191,0.735762234774
2024-11-18,0.055073198151,0.180192674315,0.781831482468,0.623489801859,-0.664483465523,0.747302966705
2024-11-19,0.018392927742,-0.013050285774,0.974927912182,-0.222520933956,-0.651530361507,0.758622559666
2024-11-20,-0.065644254492,-0.232635611744,0.433883739118,-0.900968867902,-0.638384459175,0.769717664007
2024-11-21,0.051207589865,0.658895837322,-0.433883739118,-0.900968867902,-0.625049648610,0.780584996507
2024-11-22,0.063530212600,-0.283009123485,-0.974927912182,-0.222520933956,-0.611529875799,0.791221341348
2024-11-23,0.082308987617,0.690798960238,-0.781831482468,0.623489801859,-0.597829141459,0.801623551065
2024-11-24,0.015712313863,-0.321671945722,0.000000000000,1.000000000000,-0.583951499858,0.811788547476
2024-11-25,0.021781494792,0.420750171928,0.781831482468,0.623489801859,-0.569901057613,0.821713322596
2024-11-26,-0.024847539568,-0.404995478976,0.974927912182,-0.222520933956,-0.555681972476,0.831394939523
2024-11-27,0.219863254406,0.515989210996,0.433883739118,-0.900968867902,-0.541298452104,0.840830533312
2024-11-28,-0.057845569415,-0.506239913880,-0.433883739118,-0.900968867902,-0.526754752811,0.850017311819
2024-11-29,-0.014866977142,-0.552711515006,-0.974927912182,-0.222520933956,-0.512055178311,0.858952556527
2024-11-30,0.015263155618,0.403695189463,-0.781831482468,0.623489801859,-0.497204078447,0.867633623355
2024-12-01,0.019205610532,-0.151422895145,0.000000000000,1.000000000000,-0.482205847896,0.876057943434
2024-12-02,0.068534350595,0.935372306036,0.781831482468,0.623489801859,-0.467064924877,0.884223023874
2024-12-03,0.082066280872,-0.167310815931,0.974927912182,-0.222520933956,-0.451785789833,0.892126448495
2024-12-04,0.032680878812,0.009135941262,0.433883739118,-0.900968867902,-0.436372964105,0.899765878548
2024-12-05,-0.040117953837,-0.202137544733,-0.433883739118,-0.900968867902,-0.420831008596,0.907139053401
2024-12-06,0.156783036202,0.428736307684,-0.974927912182,-0.222520933956,-0.405164522421,0.914243791213
2024-12-07,0.027769984256,-0.335254460580,-0.781831482468,0.623489801859,-0.389378141545,0.921077989579
2024-12-08,0.023735004243,0.165262388466,0.000000000000,1.000000000000,-0.373476537413,0.927639626149
2024-12-09,-0.140668711993,0.058139568861,0.781831482468,0.623489801859,-0.357464415565,0.933926759229
2024-12-10,-0.053534177774,0.114425291662,0.974927912182,-0.222520933956,-0.341346514245,0.939937528356
2024-12-11,0.116388492089,-0.441340093687,0.433883739118,-0.900968867902,-0.325127603000,0.945670154847
2024-12-12,0.031109461741,0.214507641214,-0.433883739118,-0.900968867902,-0.308812481266,0.951122942324
2024-12-13,-0.011103074890,-0.669061549880,-0.974927912182,-0.222520933956,-0.292405976951,0.956294277220
2024-12-14,-0.042124601018,0.038060304038,-0.781831482468,0.623489801859,-0.275912945003,0.961182629254
2024-12-15,0.018050886921,-0.156362845594,0.000000000000,1.000000000000,-0.259338265975,0.965786551884
2024-12-16,-0.048511907926,0.257789991175,0.781831482468,0.623489801859,-0.242686844583,0.970104682736
2024-12-17,0.000628669937,-0.067941923368,0.974927912182,-0.222520933956,-0.225963608248,0.974135744005
2024-12-18,-0.093814284136,0.408783207661,0.433883739118,-0.900968867902,-0.209173505646,0.977878542834
2024-12-19,-0.147233905782,0.199244770338,-0.433883739118,-0.900968867902,-0.192321505239,0.981331971670
2024-12-20,0.068437474146,0.241588657791,-0.974927912182,-0.222520933956,-0.175412593804,0.984495008588
2024-12-21,-0.021866875773,-0.693650316993,-0.781831482468,0.623489801859,-0.158451774961,0.987366717594
2024-12-22,0.034168453522,-0.020096593219,0.000000000000,1.000000000000,-0.141444067688,0.989946248902
2024-12-23,0.028902515499,-0.014368275215,0.781831482468,0.623489801859,-0.124394504840,0.992232839189
2024-12-24,0.022648121284,-0.389483883553,0.974927912182,-0.222520933956,-0.107308131656,0.994225811816
2024-12-25,-0.049549397594,-0.263674711809,0.433883739118,-0.900968867902,-0.090190004270,0.995924577029
2024-12-26,-0.048271687436,0.068753490879,-0.433883739118,-0.900968867902,-0.073045188211,0.997328632136
2024-12-27,0.006246893690,0.288825692393,-0.974927912182,-0.222520933956,-0.055878756905,0.998437561657
2024-12-28,0.018388757495,-0.715419991419,-0.781831482468,0.623489801859,-0.038695790177,0.999251037439
2024-12-29,-0.042341051442,-0.212590322434,0.000000000000,1.000000000000,-0.021501372741,0.999768818763
2024-12-30,0.024005575287,0.695366276877,0.781831482468,0.623489801859,-0.004300592703,0.999990752408
2024-12-31,-0.007704850844,-0.054368870223,0.974927912182,-0.222520933956,0.012901459949,0.999916772702
2025-01-01,0.028795418932,-0.359328731249,0.433883739118,-0.900968867902,0.017201575418,0.999852041956
2025-01-02,0.053464720289,0.434335432148,-0.433883739118,-0.900968867902,0.034398060614,0.999408211606
2025-01-03,0.056622727785,-0.047988589698,-0.974927912182,-0.222520933956,0.051584366869,0.998668640288
2025-01-04,0.006793265060,0.019191490475,-0.781831482468,0.623489801859,0.068755408481,0.997633546852
2025-01-05,-0.008762878658,-0.436448918912,0.000000000000,1.000000000000,0.085906104261,0.996303237599
2025-01-06,-0.005634788731,0.847109492095,0.781831482468,0.623489801859,0.103031379043,0.994678106189
2025-01-07,-0.106412117947,-0.556496693116,0.974927912182,-0.222520933956,0.120126165182,0.992758633525
2025-01-08,-0.032982294663,0.187717374324,0.433883739118,-0.900968867902,0.137185404057,0.990545387609
2025-01-09,-0.017704103496,-0.220131879670,-0.433883739118,-0.900968867902,0.154204047563,0.988039023377
2025-01-10,0.079648319225,0.307760844487,-0.974927912182,-0.222520933956,0.171177059610,0.985240282501
2025-01-11,-0.022291689886,-0.847155498781,-0.781831482468,0.623489801859,0.188099417612,0.982149993175
2025-01-12,-0.000165529286,0.001498275421,0.000000000000,1.000000000000,0.204966113969,0.978769069865
2025-01-13,-0.055844071256,0.602363877203,0.781831482468,0.623489801859,0.221772157556,0.975098513040
2025-01-14,0.031054353933,-0.618776189125,0.974927912182,-0.222520933956,0.238512575194,0.971139408877
2025-01-15,0.089351597443,0.630408589298,0.433883739118,-0.900968867902,0.255182413123,0.966892928939
2025-01-16,-0.030022684236,-0.145967761562,-0.433883739118,-0.900968867902,0.271776738471,0.962360329828
2025-01-17,0.060744146484,0.150063928837,-0.974927912182,-0.222520933956,0.288290640710,0.957542952812
2025-01-18,-0.055739154238,0.175430345275,-0.781831482468,0.623489801859,0.304719233109,0.952442223431
2025-01-19,-0.066654009008,0.339523448771,0.000000000000,1.000000000000,0.321057654185,0.947059651072
2025-01-20,0.018322162125,0.068058450996,0.781831482468,0.623489801859,0.337301069136,0.941396828526
2025-01-21,-0.001803605043,-0.512987330410,0.974927912182,-0.222520933956,0.353444671274,0.935455431513
2025-01-22,-0.046818468462,-0.377766716001,0.433883739118,-0.900968867902,0.369483683447,0.929237218188
2025-01-23,-0.005191052020,0.120387954107,-0.433883739118,-0.900968867902,0.385413359454,0.922744028620
2025-01-24,-0.027155789099,-0.171558847103,-0.974927912182,-0.222520933956,0.401228985448,0.915977784248
2025-01-25,-0.030986440165,-0.318051854512,-0.781831482468,0.623489801859,0.416925881329,0.908940487314
2025-01-26,-0.054394888158,0.292522078126,0.000000000000,1.000000000000,0.432499402134,0.901634220265
2025-01-27,-0.041321067562,0.485947843931,0.781831482468,0.623489801859,0.447944939408,0.894061145145
2025-01-28,0.016521529035,-0.416161441320,0.974927912182,-0.222520933956,0.463257922567,0.886223502949
2025-01-29,0.049223366300,0.531285394514,0.433883739118,-0.900968867902,0.478433820255,0.878123612959
2025-01-30,0.020518872302,-0.348333868368,-0.433883739118,-0.900968867902,0.493468141677,0.869763872065
2025-01-31,-0.017504546013,0.080209225419,-0.974927912182,-0.222520933956,0.508356437938,0.861146754048
2025-02-01,-0.077823805042,-0.444089440760,-0.781831482468,0.623489801859,0.523094303349,0.852274808852
2025-02-02,-0.171095745768,0.674558356123,0.000000000000,1.000000000000,0.537677376741,0.843150661828
2025-02-03,0.083689737787,0.862340010033,0.781831482468,0.623489801859,0.552101342746,0.833777012959
2025-02-04,-0.092865358984,-0.955704611646,0.974927912182,-0.222520933956,0.566361933081,0.824156636057
2025-02-05,0.020449610341,-0.524598281706,0.433883739118,-0.900968867902,0.580454927809,0.814292377947
2025-02-06,-0.033131793108,-0.001207449861,-0.433883739118,-0.900968867902,0.594376156585,0.804187157621
2025-02-07,0.004161468899,0.175733332299,-0.974927912182,-0.222520933956,0.608121499894,0.793843965378
2025-02-08,0.014295724453,-0.498729476911,-0.781831482468,0.623489801859,0.621686890267,0.783265861934
2025-02-09,0.000090038906,0.158625803124,0.000000000000,1.000000000000,0.635068313487,0.772455977519
2025-02-10,0.034252010650,0.159263976110,0.781831482468,0.623489801859,0.648261809776,0.761417510953
2025-02-11,-0.009577966028,0.159622197876,0.974927912182,-0.222520933956,0.661263474966,0.750153728696
2025-02-12,0.059552549978,-0.045403548687,0.433883739118,-0.900968867902,0.674069461655,0.738667963881
2025-02-13,-0.007665475340,-0.321544383693,-0.433883739118,-0.900968867902,0.686675980345,0.726963615332
2025-02-14,0.019179016591,0.026899278294,-0.974927912182,-0.222520933956,0.699079300566,0.715044146554
2025-02-15,-0.025091014732,-0.363449188183,-0.781831482468,0.623489801859,0.711275751974,0.702913084708
2025-02-16,-0.022561264720,-0.063272546648,0.000000000000,1.000000000000,0.723261725444,0.690574019572
2025-02-17,0.032801016606,0.428653621598,0.781831482468,0.623489801859,0.735033674133,0.678030602474
2025-02-18,-0.030985590052,0.039222317163,0.974927912182,-0.222520933956,0.746588114532,0.665286545211
2025-02-19,-0.017512633839,-0.152499553153,0.433883739118,-0.900968867902,0.757921627497,0.652345618957
2025-02-20,-0.010250085999,0.454104446765,-0.433883739118,-0.900968867902,0.769030859259,0.639211653138
2025-02-21,-0.068281300065,0.122137834460,-0.974927912182,-0.222520933956,0.779912522417,0.625888534308
2025-02-22,0.035269328194,-0.475146453924,-0.781831482468,0.623489801859,0.790563396912,0.612380204990
2025-02-23,-0.001888395851,-0.414440258665,0.000000000000,1.000000000000,0.800980330978,0.598690662518
2025-02-24,-0.124464731093,0.620862777163,0.781831482468,0.623489801859,0.811160242079,0.584823957846
2025-02-25,0.042543014656,0.609918454983,0.974927912182,-0.222520933956,0.821100117813,0.570784194357
2025-02-26,-0.054043273980,-0.391862583491,0.433883739118,-0.900968867902,0.830797016812,0.556575526641
2025-02-27,-0.001488596372,-0.400355784398,-0.433883739118,-0.900968867902,0.840248069608,0.542202159273
2025-02-28,-0.047596218757,0.462712015071,-0.974927912182,-0.222520933956,0.849450479481,0.527668345563
2025-03-01,-0.001342814836,-0.840618109964,-0.781831482468,0.623489801859,0.858401523292,0.512978386299
2025-03-02,0.097282609480,0.584622960821,0.000000000000,1.000000000000,0.867098552281,0.498136628478
2025-03-03,-0.145294783081,-0.030060834322,0.781831482468,0.623489801859,0.875538992859,0.483147464015
2025-03-04,-0.009894113871,0.292409253219,0.974927912182,-0.222520933956,0.883720347362,0.468015328444
2025-03-05,0.063664198093,-0.392214147538,0.433883739118,-0.900968867902,0.891640194797,0.452744699607
2025-03-06,-0.058447832450,-0.009741788447,-0.433883739118,-0.900968867902,0.899296191553,0.437340096330
2025-03-07,-0.005625221714,-0.054401819039,-0.974927912182,-0.222520933956,0.906686072098,0.421806077083
2025-03-08,0.012241609109,-0.608505618140,-0.781831482468,0.623489801859,0.913807649647,0.406147238631
2025-03-09,-0.113027725349,0.244907223441,0.000000000000,1.000000000000,0.920658816810,0.390368214676
2025-03-10,-0.075009052474,0.415628577714,0.781831482468,0.623489801859,0.927237546218,0.374473674487
2025-03-11,0.027805923158,0.185806033853,0.974927912182,-0.222520933956,0.933541891118,0.358468321512
2025-03-12,-0.030321097362,-0.316385169245,0.433883739118,-0.900968867902,0.939569985953,0.342356891995
2025-03-13,-0.003436677013,-0.248396520858,-0.433883739118,-0.900968867902,0.945320046913,0.326144153564
2025-03-14,0.023179612256,-0.013444894258,-0.974927912182,-0.222520933956,0.950790372463,0.309834903832
2025-03-15,0.040659835052,-0.348309343095,-0.781831482468,0.623489801859,0.955979343844,0.293433968967
2025-03-16,-0.022405935809,0.263217242236,0.000000000000,1.000000000000,0.960885425557,0.276946202269
2025-03-17,0.025508333329,-0.044971446844,0.781831482468,0.623489801859,0.965507165814,0.260376482734
2025-03-18,0.009956954943,-0.191762691649,0.974927912182,-0.222520933956,0.969843196967,0.243729713610
2025-03-19,0.094240296558,1.092245347362,0.433883739118,-0.900968867902,0.973892235915,0.227010820941
2025-03-20,-0.014188970665,-0.775704663595,-0.433883739118,-0.900968867902,0.977653084482,0.210224752119
2025-03-21,-0.016419912927,-0.480446859264,-0.974927912182,-0.222520933956,0.981124629772,0.193376474410
2025-03-22,-0.006363819677,-0.190498849681,-0.781831482468,0.623489801859,0.984305844499,0.176470973492
2025-03-23,-0.009471092037,0.245060682190,0.000000000000,1.000000000000,0.987195787291,0.159513251973
2025-03-24,0.057682542142,0.338042423771,0.781831482468,0.623489801859,0.989793602967,0.142508327916
2025-03-25,-0.014720688394,-0.332634588952,0.974927912182,-0.222520933956,0.992098522792,0.125461233353
2025-03-26,-0.035868564639,0.332749567324,0.433883739118,-0.900968867902,0.994109864702,0.108377012792
2025-03-27,0.000022629192,-0.121125337403,-0.433883739118,-0.900968867902,0.995827033510,0.091260721729
2025-03-28,-0.085293833971,0.307340300652,-0.974927912182,-0.222520933956,0.997249521077,0.074117425151
2025-03-29,-0.035890828502,-0.335234553057,-0.781831482468,0.623489801859,0.998376906467,0.056952196034
2025-03-30,-0.014939708801,-0.367681945202,0.000000000000,1.000000000000,0.999208856068,0.039770113846
2025-03-31,0.017548307984,0.407864268566,0.781831482468,0.623489801859,0.999745123693,0.022576263042
2025-04-01,0.048680210929,-0.272654573883,0.974927912182,-0.222520933956,0.999985550651,0.005375731558
2025-04-02,-0.070635297877,0.634188016624,0.433883739118,-0.900968867902,0.999930065796,-0.011826390692
2025-04-03,0.003624545415,-0.315306025220,-0.433883739118,-0.900968867902,0.999578685548,-0.029025013322
2025-04-04,0.007252636832,0.151127470448,-0.974927912182,-0.222520933956,0.998931513885,-0.046215046984
2025-04-05,-0.007174385936,-0.880589646959,-0.781831482468,0.623489801859,0.997988742316,-0.063391404870
2025-04-06,-0.141153989757,0.921907510482,0.000000000000,1.000000000000,0.996750649821,-0.080549004219
2025-04-07,0.005713988497,0.519955872387,0.781831482468,0.623489801859,0.995217602774,-0.097682767822
2025-04-08,-0.071012310520,-0.632286869272,0.974927912182,-0.222520933956,0.993390054826,-0.114787625522
2025-04-09,0.126120457438,0.503961075675,0.433883739118,-0.900968867902,0.991268546779,-0.131858515717
2025-04-10,-0.074297943877,-0.530147356908,-0.433883739118,-0.900968867902,0.988853706421,-0.148890386856
2025-04-11,0.041625393534,-0.079154300560,-0.974927912182,-0.222520933956,0.986146248342,-0.165878198935
2025-04-12,0.049702757194,-0.144317395696,-0.781831482468,0.623489801859,0.983146973722,-0.182816924985
2025-04-13,-0.031026792577,0.095572579281,0.000000000000,1.000000000000,0.979856770096,-0.199701552566
2025-04-14,0.001503750952,-0.017749980904,0.781831482468,0.623489801859,0.976276611087,-0.216527085245
2025-04-15,-0.030836827577,-0.167105780010,0.974927912182,-0.222520933956,0.972407556122,-0.233288544075
2025-04-16,-0.005380057473,0.048111545638,0.433883739118,-0.900968867902,0.968250750117,-0.249980969073
2025-04-17,0.004839051540,-0.206470826608,-0.433883739118,-0.900968867902,0.963807423137,-0.266599420679
2025-04-18,-0.000608751354,-0.319025946723,-0.974927912182,-0.222520933956,0.959078890034,-0.283138981228
2025-04-19,0.027830222128,0.074762838871,-0.781831482468,0.623489801859,0.954066550058,-0.299594756397
2025-04-20,-0.013197446116,0.035435517866,0.000000000000,1.000000000000,0.948771886440,-0.315961876658
2025-04-21,0.004862446481,0.441911863835,0.781831482468,0.623489801859,0.943196465957,-0.332235498716
2025-04-22,0.097466150431,0.579059506728,0.974927912182,-0.222520933956,0.937341938464,-0.348410806945
2025-04-23,0.036967473796,0.072294765513,0.433883739118,-0.900968867902,0.931210036412,-0.364483014810
2025-04-24,-0.037536328870,-0.144476689809,-0.433883739118,-0.900968867902,0.924802574329,-0.380447366288
2025-04-25,0.003326699496,0.245970912564,-0.974927912182,-0.222520933956,0.918121448284,-0.396299137269
2025-04-26,-0.002076742985,-0.207394134273,-0.781831482468,0.623489801859,0.911168635333,-0.412033636959
2025-04-27,-0.054882951576,-0.017938940463,0.000000000000,1.000000000000,0.903946192922,-0.427646209268
2025-04-28,-0.013426176920,0.207541903884,0.781831482468,0.623489801859,0.896456258291,-0.443132234183
2025-04-29,-0.029461612803,-0.252118836441,0.974927912182,-0.222520933956,0.888701047829,-0.458487129140
2025-04-30,-0.001295386500,-0.218837480526,0.433883739118,-0.900968867902,0.880682856430,-0.473706350380
2025-05-01,0.008457892984,0.092178996333,-0.433883739118,-0.900968867902,0.872404056805,-0.488785394289
2025-05-02,-0.012593460269,-0.111658018930,-0.974927912182,-0.222520933956,0.863867098784,-0.503719798736
2025-05-03,-0.030287636354,-0.112038662250,-0.781831482468,0.623489801859,0.855074508590,-0.518505144391
2025-05-04,-0.021769464031,-0.293105610756,0.000000000000,1.000000000000,0.846028888092,-0.533137056032
2025-05-05,-0.001766831358,0.197811801506,0.781831482468,0.623489801859,0.836732914034,-0.547611203840
2025-05-06,-0.001863969383,0.083449033123,0.974927912182,-0.222520933956,0.827189337246,-0.561923304683
2025-05-07,-0.018490480930,0.075908291074,0.433883739118,-0.900968867902,0.817400981825,-0.576069123380
2025-05-08,0.229994189445,1.105672604765,-0.433883739118,-0.900968867902,0.807370744302,-0.590044473955
2025-05-09,0.036543536980,0.228848150954,-0.974927912182,-0.222520933956,0.797101592787,-0.603845220877
2025-05-10,0.165168349995,0.021329630013,-0.781831482468,0.623489801859,0.786596566087,-0.617467280284
2025-05-11,-0.081255071302,-0.230895916146,0.000000000000,1.000000000000,0.775858772807,-0.630906621188
2025-05-12,-0.004020926802,-0.036403798636,0.781831482468,0.623489801859,0.764891390434,-0.644159266672
2025-05-13,0.029775608573,-0.122067470630,0.974927912182,-0.222520933956,0.753697664393,-0.657221295066
2025-05-14,-0.071781312794,-0.089071571626,0.433883739118,-0.900968867902,0.742280907087,-0.670088841106
2025-05-15,-0.062135445961,0.089660436140,-0.433883739118,-0.900968867902,0.730644496918,-0.682758097076
2025-05-16,-0.022508092809,-0.347157947960,-0.974927912182,-0.222520933956,0.718791877288,-0.695225313941
2025-05-17,-0.058786334981,-0.034949337768,-0.781831482468,0.623489801859,0.706726555578,-0.707486802450
2025-05-18,0.072200560712,0.240647600352,0.000000000000,1.000000000000,0.694452102109,-0.719538934233
2025-05-19,-0.036152118923,0.018936555637,0.781831482468,0.623489801859,0.681972149090,-0.731378142868
2025-05-20,0.013528542142,0.110033842775,0.974927912182,-0.222520933956,0.669290389541,-0.743000924944
2025-05-21,0.033187299525,0.544159395628,0.433883739118,-0.900968867902,0.656410576198,-0.754403841093
2025-05-22,0.032592125435,-0.321232945751,-0.433883739118,-0.900968867902,0.643336520404,-0.765583517008
2025-05-23,-0.073430107399,0.226246970421,-0.974927912182,-0.222520933956,0.630072090984,-0.776536644443
2025-05-24,0.024971206132,-0.976366038295,-0.781831482468,0.623489801859,0.616621213096,-0.787259982192
2025-05-25,0.006882250409,0.042652454574,0.000000000000,1.000000000000,0.602987867069,-0.797750357046
2025-05-26,0.052904219033,0.705365643542,0.781831482468,0.623489801859,0.589176087232,-0.808004664735
2025-05-27,-0.026224112381,0.091873044165,0.974927912182,-0.222520933956,0.575189960712,-0.818019870844
2025-05-28,0.070553824071,0.396840246452,0.433883739118,-0.900968867902,0.561033626228,-0.827793011713
2025-05-29,-0.035423542342,0.305652449558,-0.433883739118,-0.900968867902,0.546711272869,-0.837321195312
2025-05-30,-0.055222978849,-0.330567028406,-0.974927912182,-0.222520933956,0.532227138847,-0.846601602098
2025-05-31,-0.024145456175,-0.777746044991,-0.781831482468,0.623489801859,0.517585510253,-0.855631485849
2025-06-01,0.039871649903,0.139964324779,0.000000000000,1.000000000000,0.502790719779,-0.864408174478
2025-06-02,0.023994372216,-0.245937233026,0.781831482468,0.623489801859,0.487847145442,-0.872929070821
2025-06-03,0.027131481559,0.538970167180,0.974927912182,-0.222520933956,0.472759209286,-0.881191653407
2025-06-04,-0.049125016377,-0.114359193269,0.433883739118,-0.900968867902,0.457531376074,-0.889193477207
2025-06-05,-0.065959714501,-0.154449244441,-0.433883739118,-0.900968867902,0.442168151967,-0.896932174351
2025-06-06,0.014178206184,-0.386190653043,-0.974927912182,-0.222520933956,0.426674083190,-0.904405454834
2025-06-07,0.057910193048,0.041993862890,-0.781831482468,0.623489801859,0.411053754687,-0.911611107193
2025-06-08,-0.005157671378,-0.202479663896,0.000000000000,1.000000000000,0.395311788765,-0.918546999159
2025-06-09,0.080731731255,0.398561321125,0.781831482468,0.623489801859,0.379452843725,-0.925211078289
2025-06-10,0.229665637246,1.466784485489,0.974927912182,-0.222520933956,0.363481612483,-0.931601372577
2025-06-11,-0.055261532525,-0.627555650161,0.433883739118,-0.900968867902,0.347402821184,-0.937715991030
2025-06-12,-0.081586807668,-0.412348279291,-0.433883739118,-0.900968867902,0.331221227802,-0.943553124235
2025-06-13,0.030966252665,0.645209676154,-0.974927912182,-0.222520933956,0.314941620729,-0.949111044890
2025-06-14,-0.060393933080,-1.126058018619,-0.781831482468,0.623489801859,0.298568817364,-0.954388108318
2025-06-15,-0.017319255628,-0.108617661572,0.000000000000,1.000000000000,0.282107662682,-0.959382752949
2025-06-16,0.039596410437,0.927251856889,0.781831482468,0.623489801859,0.265563027804,-0.964093500789
2025-06-17,-0.003477344508,-0.090059658642,0.974927912182,-0.222520933956,0.248939808554,-0.968518957851
2025-06-18,0.016751875576,0.026406759947,0.433883739118,-0.900968867902,0.232242924009,-0.972657814572
2025-06-19,0.015814222576,-0.241677718686,-0.433883739118,-0.900968867902,0.215477315047,-0.976508846197
2025-06-20,-0.084202963776,0.492671422995,-0.974927912182,-0.222520933956,0.198647942880,-0.980070913143
2025-06-21,-0.090989053159,-0.316178406834,-0.781831482468,0.623489801859,0.181759787591,-0.983342961339
2025-06-22,-0.030340950860,-0.009430685836,0.000000000000,1.000000000000,0.164817846657,-0.986324022532
2025-06-23,0.085348966295,0.104747347900,0.781831482468,0.623489801859,0.147827133471,-0.989013214578
2025-06-24,0.033347619390,-0.375735504758,0.974927912182,-0.222520933956,0.130792675857,-0.991409741702
2025-06-25,-0.010062366001,0.104609153920,0.433883739118,-0.900968867902,0.113719514586,-0.993512894734
2025-06-26,-0.025493483053,0.058799389331,-0.433883739118,-0.900968867902,0.096612701881,-0.995322051316
2025-06-27,0.016767286491,-0.613899342601,-0.974927912182,-0.222520933956,0.079477299924,-0.996836676089
2025-06-28,0.030560307572,-0.223262324224,-0.781831482468,0.623489801859,0.062318379354,-0.998056320853
2025-06-29,0.036540264981,0.537158614953,0.000000000000,1.000000000000,0.045141017774,-0.998980624694
2025-06-30,-0.036487977246,-0.101556216353,0.781831482468,0.623489801859,0.027950298240,-0.999609314096
2025-07-01,-0.075624938244,0.033127707432,0.974927912182,-0.222520933956,0.010751307764,-0.999942203020
2025-07-02,0.105766058293,0.786840014830,0.433883739118,-0.900968867902,-0.006450864198,-0.999979192959
2025-07-03,0.015619041399,-0.276090702799,-0.433883739118,-0.900968867902,-0.023651127245,-0.999720272966
2025-07-04,-0.074496431629,-0.091507177958,-0.974927912182,-0.222520933956,-0.040844391543,-0.999165519661
2025-07-05,0.051241336830,-0.484396016439,-0.781831482468,0.623489801859,-0.058025569329,-0.998315097203
2025-07-06,0.017289220210,0.120181793686,0.000000000000,1.000000000000,-0.075189576415,-0.997169257247
2025-07-07,-0.004424851374,-0.362385374453,0.781831482468,0.623489801859,-0.092331333695,-0.995728338865
2025-07-08,0.036354618771,0.449189708873,0.974927912182,-0.222520933956,-0.109445768649,-0.993992768447
2025-07-09,0.080829259871,0.576334149602,0.433883739118,-0.900968867902,-0.126527816839,-0.991963059577
2025-07-10,0.020630868326,-0.040069745429,-0.433883739118,-0.900968867902,-0.143572423412,-0.989639812879
2025-07-11,0.026818219247,0.270189055164,-0.974927912182,-0.222520933956,-0.160574544595,-0.987023715839
2025-07-12,-0.037548504651,-0.703113101504,-0.781831482468,0.623489801859,-0.177529149187,-0.984115542601
2025-07-13,0.014982796839,-0.239368629262,0.000000000000,1.000000000000,-0.194431220048,-0.980916153741
2025-07-14,0.069924091207,1.136531062267,0.781831482468,0.623489801859,-0.211275755582,-0.977426496010
2025-07-15,0.021617386501,-0.312254297061,0.974927912182,-0.222520933956,-0.228057771222,-0.973647602054
2025-07-16,-0.046599457079,0.167890593222,0.433883739118,-0.900968867902,-0.244772300897,-0.969580590108
2025-07-17,0.003318430514,-0.141349577325,-0.433883739118,-0.900968867902,-0.261414398511,-0.965226663666
2025-07-18,0.125056354982,0.831795796146,-0.974927912182,-0.222520933956,-0.277979139399,-0.960587111125
2025-07-19,0.003837125743,-1.301944905808,-0.781831482468,0.623489801859,-0.294461621787,-0.955663305403
2025-07-20,0.048306369582,0.241176136248,0.000000000000,1.000000000000,-0.310856968244,-0.950456703535
2025-07-21,0.017342199288,0.384826764780,0.781831482468,0.623489801859,-0.327160327122,-0.944968846236
2025-07-22,-0.008302358974,-0.168459469259,0.974927912182,-0.222520933956,-0.343366873996,-0.939201357453
2025-07-23,-0.056240794397,-0.125109734805,0.433883739118,-0.900968867902,-0.359471813088,-0.933155943878
2025-07-24,-0.002898558466,-0.005993937853,-0.433883739118,-0.900968867902,-0.375470378688,-0.926834394446
2025-07-25,0.027209825749,-0.166377667427,-0.974927912182,-0.222520933956,-0.391357836561,-0.920238579805
2025-07-26,0.010014600794,-0.528242449633,-0.781831482468,0.623489801859,-0.407129485354,-0.913370451764
2025-07-27,0.042425897032,0.086743933898,0.000000000000,1.000000000000,-0.422780657983,-0.906232042711
2025-07-28,-0.054120445594,0.231840067000,0.781831482468,0.623489801859,-0.438306723013,-0.898825465016
2025-07-29,-0.011531447263,0.017994683078,0.974927912182,-0.222520933956,-0.453703086031,-0.891152910406
2025-07-30,-0.028684591030,0.076242226858,0.433883739118,-0.900968867902,-0.468965191008,-0.883216649313
2025-07-31,-0.066920185416,-0.043072646026,-0.433883739118,-0.900968867902,-0.484088521639,-0.875019030203
2025-08-01,-0.032315404586,0.155990617301,-0.974927912182,-0.222520933956,-0.499068602689,-0.866562478885
2025-08-02,-0.031940567627,-0.535430960283,-0.781831482468,0.623489801859,-0.513901001309,-0.857849497787
2025-08-03,0.042244842973,-0.335035094087,0.000000000000,1.000000000000,-0.528581328356,-0.848882665221
2025-08-04,0.083334378965,0.840443181507,0.781831482468,0.623489801859,-0.543105239683,-0.839664634618
2025-08-05,-0.037482233850,-0.374405447973,0.974927912182,-0.222520933956,-0.557468437433,-0.830198133741
2025-08-06,0.013009319880,-0.328375734822,0.433883739118,-0.900968867902,-0.571666671303,-0.820485963879
2025-08-07,0.071774872997,0.400957932510,-0.433883739118,-0.900968867902,-0.585695739807,-0.810530999019
2025-08-08,0.041862164222,0.423731981627,-0.974927912182,-0.222520933956,-0.599551491520,-0.800336184998
2025-08-09,0.010435932313,-0.072760473760,-0.781831482468,0.623489801859,-0.613229826300,-0.789904538622
2025-08-10,-0.003422859559,0.017527525091,0.000000000000,1.000000000000,-0.626726696508,-0.779239146786
2025-08-11,0.015106146920,0.500735957881,0.781831482468,0.623489801859,-0.640038108204,-0.768343165549
2025-08-12,0.040767329952,-0.007294866416,0.974927912182,-0.222520933956,-0.653160122327,-0.757219819208
2025-08-13,0.048262395632,-0.023447117391,0.433883739118,-0.900968867902,-0.666088855861,-0.745872399340
2025-08-14,-0.109351067618,0.002707698577,-0.433883739118,-0.900968867902,-0.678820482986,-0.734304263830
2025-08-15,-0.015795843983,-0.599471240478,-0.974927912182,-0.222520933956,-0.691351236209,-0.722518835873
2025-08-16,0.027271097950,-0.146035475727,-0.781831482468,0.623489801859,-0.703677407479,-0.710519602969
2025-08-17,0.000433655498,-0.150715799113,0.000000000000,1.000000000000,-0.715795349283,-0.698310115884
2025-08-18,-0.049985114334,0.440637898131,0.781831482468,0.623489801859,-0.727701475726,-0.685893987600
2025-08-19,-0.053801066946,-0.310659724375,0.974927912182,-0.222520933956,-0.739392263596,-0.673274892250
2025-08-20,0.063943337575,-0.054116528904,0.433883739118,-0.900968867902,-0.750864253399,-0.660456564028
2025-08-21,-0.036367617493,-0.185120509609,-0.433883739118,-0.900968867902,-0.762114050389,-0.647442796083
2025-08-22,0.112720828588,0.782689290642,-0.974927912182,-0.222520933956,-0.773138325571,-0.634237439398
2025-08-23,-0.008773698940,-0.604884036140,-0.781831482468,0.623489801859,-0.783933816683,-0.620844401651
2025-08-24,-0.036460724036,0.130545851901,0.000000000000,1.000000000000,-0.794497329167,-0.607267646057
2025-08-25,-0.118314876352,0.245657507581,0.781831482468,0.623489801859,-0.804825737108,-0.593511190196
2025-08-26,0.024893023607,-0.215378922192,0.974927912182,-0.222520933956,-0.814915984166,-0.579579104826
2025-08-27,-0.011325572611,-0.144887534671,0.433883739118,-0.900968867902,-0.824765084473,-0.565475512674
2025-08-28,0.016877772580,-0.287808813079,-0.433883739118,-0.900968867902,-0.834370123523,-0.551204587220
2025-08-29,-0.037995776898,0.152628386860,-0.974927912182,-0.222520933956,-0.843728259029,-0.536770551461
2025-08-30,0.009310880754,-0.547121507789,-0.781831482468,0.623489801859,-0.852836721769,-0.522177676660
2025-08-31,-0.010659298247,-0.053248203481,0.000000000000,1.000000000000,-0.861692816403,-0.507430281083
2025-09-01,-0.030345584068,0.647531876470,0.781831482468,0.623489801859,-0.870293922269,-0.492532728722
2025-09-02,0.025846809059,-0.181999830650,0.974927912182,-0.222520933956,-0.878637494161,-0.477489428003
2025-09-03,0.010454007142,-0.071527426319,0.433883739118,-0.900968867902,-0.886721063083,-0.462304830480
2025-09-04,-0.040516518261,-0.059637297080,-0.433883739118,-0.900968867902,-0.894542236976,-0.446983429520
2025-09-05,0.011464797359,0.041416153126,-0.974927912182,-0.222520933956,-0.902098701430,-0.431529758971
2025-09-06,-0.007141204905,-0.580724494833,-0.781831482468,0.623489801859,-0.909388220365,-0.415948391825
2025-09-07,0.006413945466,-0.040555160970,0.000000000000,1.000000000000,-0.916408636694,-0.400243938857
2025-09-08,0.016987387653,0.583915623688,0.781831482468,0.623489801859,-0.923157872965,-0.384421047269
2025-09-09,-0.001718742003,0.251277230858,0.974927912182,-0.222520933956,-0.929633931968,-0.368484399308
2025-09-10,0.020487317366,-0.154326079637,0.433883739118,-0.900968867902,-0.935834897335,-0.352438710885
2025-09-11,0.025670638311,0.031456397281,-0.433883739118,-0.900968867902,-0.941758934099,-0.336288730177
2025-09-12,0.019562031063,0.073797067689,-0.974927912182,-0.222520933956,-0.947404289244,-0.320039236223
2025-09-13,-0.006495053651,-0.100016497518,-0.781831482468,0.623489801859,-0.952769292217,-0.303695037511
2025-09-14,-0.071637710854,0.576198303214,0.000000000000,1.000000000000,-0.957852355428,-0.287260970551
2025-09-15,-0.027573378712,-0.465072595652,0.781831482468,0.623489801859,-0.962651974716,-0.270741898448
2025-09-16,0.017572932203,-0.213629612180,0.974927912182,-0.222520933956,-0.967166729798,-0.254142709461
2025-09-17,0.023918869678,0.036224868640,0.433883739118,-0.900968867902,-0.971395284684,-0.237468315558
2025-09-18,0.006649525197,0.039283208289,-0.433883739118,-0.900968867902,-0.975336388077,-0.220723650961
2025-09-19,-0.048744690371,0.030191880635,-0.974927912182,-0.222520933956,-0.978988873741,-0.203913670683
2025-09-20,0.003340307142,-0.591027040750,-0.781831482468,0.623489801859,-0.982351660847,-0.187043349070
2025-09-21,-0.014358196066,0.101382570354,0.000000000000,1.000000000000,-0.985423754292,-0.170117678320
2025-09-22,-0.095556955742,0.951131157935,0.781831482468,0.623489801859,-0.988204244994,-0.153141667013
2025-09-23,-0.020468589862,-0.746300797371,0.974927912182,-0.222520933956,-0.990692310162,-0.136120338623
2025-09-24,-0.018975564472,0.008940993950,0.433883739118,-0.900968867902,-0.992887213536,-0.119058730034
2025-09-25,-0.062101773838,0.407522681131,-0.433883739118,-0.900968867902,-0.994788305609,-0.101961890052
2025-09-26,0.024589936867,-0.163501107407,-0.974927912182,-0.222520933956,-0.996395023819,-0.084834877906
2025-09-27,-0.000535704518,-0.420232628476,-0.781831482468,0.623489801859,-0.997706892710,-0.067682761755
2025-09-28,0.016804770628,-0.234463833291,0.000000000000,1.000000000000,-0.998723524080,-0.050510617185
2025-09-29,0.000884103528,0.345863064624,0.781831482468,0.623489801859,-0.999444617092,-0.033323525712
2025-09-30,-0.015799953641,0.102290534843,0.974927912182,-0.222520933956,-0.999869958362,-0.016126573271
2025-10-01,0.054392096888,0.105230218013,0.433883739118,-0.900968867902,-0.999999422025,0.001075151283
2025-10-02,0.035907800943,0.225369430842,-0.433883739118,-0.900968867902,-0.999832969770,0.018276557682
2025-10-03,-0.021590234941,-0.150434125979,-0.974927912182,-0.222520933956,-0.999370650854,0.035472555753
2025-10-04,-0.019211496544,-0.405409132598,-0.781831482468,0.623489801859,-0.998612602084,0.052658056925
2025-10-05,0.004830635356,0.291785690016,0.000000000000,1.000000000000,-0.997559047779,0.069827975730
2025-10-06,0.034988390795,-0.004081634393,0.781831482468,0.623489801859,-0.996210299702,0.086977231314
2025-10-07,-0.071588752064,0.405602567856,0.974927912182,-0.222520933956,-0.994566756971,0.104100748935
2025-10-08,0.038336627146,-0.422901111569,0.433883739118,-0.900968867902,-0.992628905935,0.121193461471
2025-10-09,-0.026743560853,-0.026527528939,-0.433883739118,-0.900968867902,-0.990397320035,0.138250310911
2025-10-10,-0.302266871545,1.435386258213,-0.974927912182,-0.222520933956,-0.987872659635,0.155266249860
2025-10-11,0.007686691924,-0.440548476202,-0.781831482468,0.623489801859,-0.985055671822,0.172236243028
2025-10-12,0.124415057704,-0.554304017071,0.000000000000,1.000000000000,-0.981947190187,0.189155268720
2025-10-13,0.063232986407,-0.071859038500,0.781831482468,0.623489801859,-0.978548134580,0.206018320325
2025-10-14,-0.033934087013,0.027494286581,0.974927912182,-0.222520933956,-0.974859510837,0.222820407795
2025-10-15,-0.036803666349,-0.249250906879,0.433883739118,-0.900968867902,-0.970882410481,0.239556559121
2025-10-16,-0.047614803589,-0.037090455669,-0.433883739118,-0.900968867902,-0.966618010400,0.256221821807
2025-10-17,-0.022495902328,0.195448475579,-0.974927912182,-0.222520933956,-0.962067572498,0.272811264334
2025-10-18,-0.017860096388,-0.431468852201,-0.781831482468,0.623489801859,-0.957232443323,0.289319977619
2025-10-19,0.037636006693,-0.051097582185,0.000000000000,1.000000000000,-0.952114053668,0.305743076467
2025-10-20,0.012557546687,0.023715778062,0.781831482468,0.623489801859,-0.946713918146,0.322075701021
2025-10-21,-0.012382102818,0.334863949160,0.974927912182,-0.222520933956,-0.941033634745,0.338313018192
2025-10-22,-0.035519987773,-0.183416074088,0.433883739118,-0.900968867902,-0.935074884352,0.354450223099
2025-10-23,0.043686442593,-0.235867176663,-0.433883739118,-0.900968867902,-0.928839430256,0.370482540482
2025-10-24,-0.010828845642,0.070502173791,-0.974927912182,-0.222520933956,-0.922329117629,0.386405226121
2025-10-25,0.001191305482,-0.098828440655,-0.781831482468,0.623489801859,-0.915545872978,0.402213568237
2025-10-26,0.063826165937,0.192018454465,0.000000000000,1.000000000000,-0.908491703573,0.417902888887
2025-10-27,-0.022192911751,0.059476435715,0.781831482468,0.623489801859,-0.901168696856,0.433468545349
2025-10-28,-0.024888022288,-0.247036011765,0.974927912182,-0.222520933956,-0.893579019824,0.448905931494
2025-10-29,-0.009549716822,0.194850662402,0.433883739118,-0.900968867902,-0.885724918384,0.464210479152
2025-10-30,-0.075021814640,0.830918958807,-0.433883739118,-0.900968867902,-0.877608716690,0.479377659461
2025-10-31,-0.016901858117,-0.698201310177,-0.974927912182,-0.222520933956,-0.869232816457,0.494402984208
2025-11-01,0.020408334863,-0.443089185869,-0.781831482468,0.623489801859,-0.860599696250,0.509282007157
2025-11-02,0.001373612965,-0.103711856212,0.000000000000,1.000000000000,-0.851711910747,0.524010325368
2025-11-03,-0.121816960960,0.843672073318,0.781831482468,0.623489801859,-0.842572089987,0.538583580492
2025-11-04,-0.022097036216,-0.059599220317,0.974927912182,-0.222520933956,-0.833182938589,0.552997460070
2025-11-05,0.052345029673,-0.346594581014,0.433883739118,-0.900968867902,-0.823547234956,0.567247698803
2025-11-06,-0.020940292766,-0.256045430628,-0.433883739118,-0.900968867902,-0.813667830446,0.581330079815
2025-11-07,0.111728460697,0.623267186460,-0.974927912182,-0.222520933956,-0.803547648534,0.595240435904
2025-11-08,0.025341953472,-0.066570825155,-0.781831482468,0.623489801859,-0.793189683945,0.608974650772
2025-11-09,0.087838909935,0.265844815689,0.000000000000,1.000000000000,-0.782597001768,0.622528660243
2025-11-10,0.343462083660,1.347266392959,0.781831482468,0.623489801859,-0.771772736547,0.635898453468
2025-11-11,-0.119007866481,0.688415918954,0.974927912182,-0.222520933956,-0.760720091356,0.649080074110
2025-11-12,-0.083113365244,-1.111871331954,0.433883739118,-0.900968867902,-0.749442336852,0.662069621515
2025-11-13,0.024802500176,-0.105228121990,-0.433883739118,-0.900968867902,-0.737942810303,0.674863251868
2025-11-14,-0.106143863922,-0.304866961227,-0.974927912182,-0.222520933956,-0.726224914604,0.687457179327
2025-11-15,0.053348320617,-0.448419429046,-0.781831482468,0.623489801859,-0.714292117269,0.699847677146
2025-11-16,-0.023665385307,0.282718964408,0.000000000000,1.000000000000,-0.702147949405,0.712031078779
2025-11-17,0.030321757408,0.511310574214,0.781831482468,0.623489801859,-0.689796004666,0.724003778959
2025-11-18,0.012472365051,-0.420019504635,0.974927912182,-0.222520933956,-0.677239938191,0.735762234774
2025-11-19,-0.040199024388,-0.194358385971,0.433883739118,-0.900968867902,-0.664483465523,0.747302966705
2025-11-20,-0.092256030673,-0.110141463772,-0.433883739118,-0.900968867902,-0.651530361507,0.758622559666
2025-11-21,-0.020892203573,0.232593706420,-0.974927912182,-0.222520933956,-0.638384459175,0.769717664007
2025-11-22,-0.041673306843,-0.550558995902,-0.781831482468,0.623489801859,-0.625049648610,0.780584996507
2025-11-23,-0.006202024875,-0.242907307230,0.000000000000,1.000000000000,-0.611529875799,0.791221341348
2025-11-24,0.026410978848,0.333489836433,0.781831482468,0.623489801859,-0.597829141459,0.801623551065
2025-11-25,-0.011552276475,-0.120714012570,0.974927912182,-0.222520933956,-0.583951499858,0.811788547476
2025-11-26,0.012525427754,-0.209842544450,0.433883739118,-0.900968867902,-0.569901057613,0.821713322596
2025-11-27,-0.025893884291,0.033069389074,-0.433883739118,-0.900968867902,-0.555681972476,0.831394939523
2025-11-28,-0.001483713005,-0.115152057500,-0.974927912182,-0.222520933956,-0.541298452104,0.840830533312
2025-11-29,-0.010614869888,-0.416320649364,-0.781831482468,0.623489801859,-0.526754752811,0.850017311819
2025-11-30,-0.001261641753,0.283563763811,0.000000000000,1.000000000000,-0.512055178311,0.858952556527
2025-12-01,-0.078121548543,0.585125561372,0.781831482468,0.623489801859,-0.497204078447,0.867633623355
2025-12-02,0.055594981597,-0.123976482911,0.974927912182,-0.222520933956,-0.482205847896,0.876057943434
2025-12-03,0.032838881218,-0.164306843637,0.433883739118,-0.900968867902,-0.467064924877,0.884223023874
2025-12-04,-0.026856250725,-0.160565085365,-0.433883739118,-0.900968867902,-0.451785789833,0.892126448495
2025-12-05,-0.080850937697,0.064249253196,-0.974927912182,-0.222520933956,-0.436372964105,0.899765878548
2025-12-06,0.011995411468,-0.511566753642,-0.781831482468,0.623489801859,-0.420831008596,0.907139053401
2025-12-07,-0.020369006937,0.305003265767,0.000000000000,1.000000000000,-0.405164522421,0.914243791213
2025-12-08,0.029870713897,-0.019498037900,0.781831482468,0.623489801859,-0.389378141545,0.921077989579
2025-12-09,0.024392555884,0.146982897142,0.974927912182,-0.222520933956,-0.373476537413,0.927639626149
2025-12-10,-0.025304357070,0.099023261536,0.433883739118,-0.900968867902,-0.357464415565,0.933926759229
2025-12-11,-0.010949391226,-0.134776406412,-0.433883739118,-0.900968867902,-0.341346514245,0.939937528356
2025-12-12,-0.023564563034,-0.080264066161,-0.974927912182,-0.222520933956,-0.325127603000,0.945670154847
2025-12-13,0.015692125828,-0.559925959524,-0.781831482468,0.623489801859,-0.308812481266,0.951122942324
2025-12-14,-0.035531640637,0.241467710168,0.000000000000,1.000000000000,-0.292405976951,0.956294277220
2025-12-15,-0.045684278150,0.355866421911,0.781831482468,0.623489801859,-0.275912945003,0.961182629254
2025-12-16,0.023495877707,-0.097938573765,0.974927912182,-0.222520933956,-0.259338265975,0.965786551884
2025-12-17,-0.047897869069,0.054904474660,0.433883739118,-0.900968867902,-0.242686844583,0.970104682736
2025-12-18,0.000296873044,0.697348695651,-0.433883739118,-0.900968867902,-0.225963608248,0.974135744005
2025-12-19,0.069676418894,-0.415575288482,-0.974927912182,-0.222520933956,-0.209173505646,0.977878542834
2025-12-20,0.162595919850,0.795219576211,-0.781831482468,0.623489801859,-0.192321505239,0.981331971670
2025-12-21,-0.020717725237,-0.245087313477,0.000000000000,1.000000000000,-0.175412593804,0.984495008588
2025-12-22,-0.019969282943,-0.168636976868,0.781831482468,0.623489801859,-0.158451774961,0.987366717594
2025-12-23,-0.033428163091,-0.216113004594,0.974927912182,-0.222520933956,-0.141444067688,0.989946248902
2025-12-24,-0.005324867394,-0.294577368650,0.433883739118,-0.900968867902,-0.124394504840,0.992232839189
2025-12-25,0.005783852704,-0.097863284794,-0.433883739118,-0.900968867902,-0.107308131656,0.994225811816
2025-12-26,0.003307507984,-0.047069382631,-0.974927912182,-0.222520933956,-0.090190004270,0.995924577029
2025-12-27,0.022999499944,-0.201423378525,-0.781831482468,0.623489801859,-0.073045188211,0.997328632136
2025-12-28,0.040309000083,0.852137046186,0.000000000000,1.000000000000,-0.055878756905,0.998437561657
2025-12-29,-0.036322974211,-0.341298522553,0.781831482468,0.623489801859,-0.038695790177,0.999251037439
2025-12-30,-0.011681956055,-0.393132956955,0.974927912182,-0.222520933956,-0.021501372741,0.999768818763
2025-12-31,-0.050718155944,0.239423736732,0.433883739118,-0.900968867902,-0.004300592703,0.999990752408
2026-01-01,0.030771913016,-0.037902558324,-0.433883739118,-0.900968867902,0.017201575418,0.999852041956
2026-01-02,0.039303859497,0.268016575926,-0.974927912182,-0.222520933956,0.034398060614,0.999408211606
2026-01-03,-0.018709478361,-0.137971762434,-0.781831482468,0.623489801859,0.051584366869,0.998668640288
2026-01-04,-0.014488540687,0.150328182799,0.000000000000,1.000000000000,0.068755408481,0.997633546852
2026-01-05,0.055699506412,0.434344930352,0.781831482468,0.623489801859,0.085906104261,0.996303237599
2026-01-06,-0.016693939426,0.007382494037,0.974927912182,-0.222520933956,0.103031379043,0.994678106189
2026-01-07,-0.058652279346,-0.376106555661,0.433883739118,-0.900968867902,0.120126165182,0.992758633525
2026-01-08,-0.042236520225,0.054807970632,-0.433883739118,-0.900968867902,0.137185404057,0.990545387609
2026-01-09,-0.004972644462,-0.206860043755,-0.974927912182,-0.222520933956,0.154204047563,0.988039023377
2026-01-10,0.002214211972,-0.783193221852,-0.781831482468,0.623489801859,0.171177059610,0.985240282501
2026-01-11,-0.005094438033,-0.010032423636,0.000000000000,1.000000000000,0.188099417612,0.982149993175
2026-01-12,-0.015274267045,0.378030649015,0.781831482468,0.623489801859,0.204966113969,0.978769069865
2026-01-13,0.064378407083,0.176595975555,0.974927912182,-0.222520933956,0.221772157556,0.975098513040
2026-01-14,-0.005939277277,0.046079782266,0.433883739118,-0.900968867902,0.238512575194,0.971139408877
2026-01-15,-0.060501029817,0.052196115064,-0.433883739118,-0.900968867902,0.255182413123,0.966892928939
2026-01-16,-0.006752744854,-0.434959133885,-0.974927912182,-0.222520933956,0.271776738471,0.962360329828
2026-01-17,0.006625434422,-0.261637843057,-0.781831482468,0.623489801859,0.288290640710,0.957542952812
2026-01-18,-0.046455708850,0.139752322421,0.000000000000,1.000000000000,0.304719233109,0.952442223431
2026-01-19,-0.016756470819,0.598533469255,0.781831482468,0.623489801859,0.321057654185,0.947059651072
2026-01-20,-0.045575784650,-0.180636596995,0.974927912182,-0.222520933956,0.337301069136,0.941396828526
2026-01-21,0.027744135711,-0.111795126299,0.433883739118,-0.900968867902,0.353444671274,0.935455431513
2026-01-22,-0.020474179182,-0.361093875333,-0.433883739118,-0.900968867902,0.369483683447,0.929237218188
2026-01-23,0.007624393053,-0.052371246965,-0.974927912182,-0.222520933956,0.385413359454,0.922744028620
2026-01-24,-0.004029247312,-0.469779686409,-0.781831482468,0.623489801859,0.401228985448,0.915977784248
2026-01-25,-0.046112656780,0.698825219438,0.000000000000,1.000000000000,0.416925881329,0.908940487314
2026-01-26,0.017066061676,0.272878421621,0.781831482468,0.623489801859,0.432499402134,0.901634220265
2026-01-27,0.017978088950,-0.443952759166,0.974927912182,-0.222520933956,0.447944939408,0.894061145145
2026-01-28,0.004440511108,-0.083842428890,0.433883739118,-0.900968867902,0.463257922567,0.886223502949
2026-01-29,-0.092564318710,0.486421376389,-0.433883739118,-0.900968867902,0.478433820255,0.878123612959
2026-01-30,-0.028441733711,0.217083193760,-0.974927912182,-0.222520933956,0.493468141677,0.869763872065
2026-01-31,-0.077691686306,0.382663737514,-0.781831482468,0.623489801859,0.508356437938,0.861146754048
2026-02-01,-0.027338361270,-0.262222838802,0.000000000000,1.000000000000,0.523094303349,0.852274808852
2026-02-02,0.021175392214,0.066258756717,0.781831482468,0.623489801859,0.537677376741,0.843150661828
2026-02-03,-0.020539882969,-0.064655882573,0.974927912182,-0.222520933956,0.552101342746,0.833777012959
2026-02-04,-0.012879006410,0.020954165344,0.433883739118,-0.900968867902,0.566361933081,0.824156636057
2026-02-05,-0.182783021471,0.537114056854,-0.433883739118,-0.900968867902,0.580454927809,0.814292377947
2026-02-06,0.116080131176,-0.047821651554,-0.974927912182,-0.222520933956,0.594376156585,0.804187157621
2026-02-07,-0.002654066776,-0.708098579862,-0.781831482468,0.623489801859,0.608121499894,0.793843965378
2026-02-08,-0.020538573771,-0.509233560251,0.000000000000,1.000000000000,0.621686890267,0.783265861934
2026-02-09,0.006487233127,0.238266458683,0.781831482468,0.623489801859,0.635068313487,0.772455977519
2026-02-10,-0.038277854100,-0.221394546663,0.974927912182,-0.222520933956,0.648261809776,0.761417510953
2026-02-11,-0.001080877584,1.811358572505,0.433883739118,-0.900968867902,0.661263474966,0.750153728696
2026-02-12,-0.034080707409,-0.766745409081,-0.433883739118,-0.900968867902,0.674069461655,0.738667963881
2026-02-13,0.045522496229,-0.342903413949,-0.974927912182,-0.222520933956,0.686675980345,0.726963615332
2026-02-14,0.066025152138,0.059134142411,-0.781831482468,0.623489801859,0.699079300566,0.715044146554
2026-02-15,-0.043655149421,-0.227447079711,0.000000000000,1.000000000000,0.711275751974,0.702913084708
2026-02-16,0.035952574036,-0.111430066303,0.781831482468,0.623489801859,0.723261725444,0.690574019572
2026-02-17,-0.021390980916,-0.179352014128,0.974927912182,-0.222520933956,0.735033674133,0.678030602474
2026-02-18,-0.035197831883,0.023678142984,0.433883739118,-0.900968867902,0.746588114532,0.665286545211
2026-02-19,-0.004659146551,0.020897077383,-0.433883739118,-0.900968867902,0.757921627497,0.652345618957
2026-02-20,0.030416964852,0.053201611376,-0.974927912182,-0.222520933956,0.769030859259,0.639211653138
2026-02-21,0.033923756301,-0.145428017608,-0.781831482468,0.623489801859,0.779912522417,0.625888534308
2026-02-22,-0.035102449545,-0.240869013464,0.000000000000,1.000000000000,0.790563396912,0.612380204990
2026-02-23,-0.042200464138,0.586439779694,0.781831482468,0.623489801859,0.800980330978,0.598690662518
2026-02-24,-0.000836262781,-0.389922403120,0.974927912182,-0.222520933956,0.811160242079,0.584823957846
2026-02-25,0.190232799886,0.886849177857,0.433883739118,-0.900968867902,0.821100117813,0.570784194357
2026-02-26,-0.041124716970,-0.566618544122,-0.433883739118,-0.900968867902,0.830797016812,0.556575526641
2026-02-27,-0.034396259171,-0.356356748741,-0.974927912182,-0.222520933956,0.840248069608,0.542202159273
2026-02-28,0.018002683198,0.216318066261,-0.781831482468,0.623489801859,0.849450479481,0.527668345563
2026-03-01,-0.018021078924,0.210563806921,0.000000000000,1.000000000000,0.858401523292,0.512978386299
2026-03-02,0.046459589165,0.118669394140,0.781831482468,0.623489801859,0.867098552281,0.498136628478
2026-03-03,-0.002786990203,-0.132435279128,0.974927912182,-0.222520933956,0.875538992859,0.483147464015
2026-03-04,0.016223882442,0.246317676970,0.433883739118,-0.900968867902,0.883720347362,0.468015328444
2026-03-05,-0.000250214862,-0.200343237676,-0.433883739118,-0.900968867902,0.891640194797,0.452744699607
2026-03-06,-0.032594526349,-0.175896685062,-0.974927912182,-0.222520933956,0.899296191553,0.437340096330
2026-03-07,-0.021160037705,-0.529872317195,-0.781831482468,0.623489801859,0.906686072098,0.421806077083
2026-03-08,-0.028650865557,0.241511456934,0.000000000000,1.000000000000,0.913807649647,0.406147238631
2026-03-09,0.051874901024,0.413170794508,0.781831482468,0.623489801859,0.920658816810,0.390368214676
2026-03-10,-0.003458083768,-0.076761709685,0.974927912182,-0.222520933956,0.927237546218,0.374473674487
2026-03-11,0.013548795558,-0.206371179450,0.433883739118,-0.900968867902,0.933541891118,0.358468321512
2026-03-12,0.006315294421,0.074673351368,-0.433883739118,-0.900968867902,0.939569985953,0.342356891995
2026-03-13,0.020883998345,0.382177672547,-0.974927912182,-0.222520933956,0.945320046913,0.326144153564
2026-03-14,-0.013943833346,-0.568993765191,-0.781831482468,0.623489801859,0.950790372463,0.309834903832
2026-03-15,0.027182649114,0.084077100758,0.000000000000,1.000000000000,0.955979343844,0.293433968967
2026-03-16,0.024120671675,0.715585235804,0.781831482468,0.623489801859,0.960885425557,0.276946202269
2026-03-17,-0.048817376872,-0.258171105718,0.974927912182,-0.222520933956,0.965507165814,0.260376482734
2026-03-18,-0.072369875273,0.084956295216,0.433883739118,-0.900968867902,0.969843196967,0.243729713610
2026-03-19,-0.027890256075,-0.270286447191,-0.433883739118,-0.900968867902,0.973892235915,0.227010820941
2026-03-20,0.007804655524,-0.143556247872,-0.974927912182,-0.222520933956,0.977653084482,0.210224752119
2026-03-21,-0.035759681886,-0.515566368166,-0.781831482468,0.623489801859,0.981124629772,0.193376474410
2026-03-22,-0.002832540441,0.392793414472,0.000000000000,1.000000000000,0.984305844499,0.176470973492
2026-03-23,0.032379805296,0.331146586680,0.781831482468,0.623489801859,0.987195787291,0.159513251973
2026-03-24,0.006572721548,-0.301266377069,0.974927912182,-0.222520933956,0.989793602967,0.142508327916
2026-03-25,0.025899851976,0.214224799617,0.433883739118,-0.900968867902,0.992098522792,0.125461233353
2026-03-26,-0.048678681743,-0.107213498483,-0.433883739118,-0.900968867902,0.994109864702,0.108377012792
2026-03-27,-0.040715728784,-0.434348601872,-0.974927912182,-0.222520933956,0.995827033510,0.091260721729
2026-03-28,-0.002153254178,-0.535652730145,-0.781831482468,0.623489801859,0.997249521077,0.074117425151
2026-03-29,-0.008941867042,0.074939143458,0.000000000000,1.000000000000,0.998376906467,0.056952196034
2026-03-30,0.036703083473,0.326586905994,0.781831482468,0.623489801859,0.999208856068,0.039770113846
2026-03-31,0.018658171268,0.308206301638,0.974927912182,-0.222520933956,0.999745123693,0.022576263042
2026-04-01,0.007307466403,0.109249532866,0.433883739118,-0.900968867902,0.999985550651,0.005375731558
2026-04-02,-0.116554279320,0.877009517457,-0.433883739118,-0.900968867902,0.999930065796,-0.011826390692
2026-04-03,-0.001296424131,-1.040991685873,-0.974927912182,-0.222520933956,0.999578685548,-0.029025013322
2026-04-04,-0.014632257095,-0.248690425097,-0.781831482468,0.623489801859,0.998931513885,-0.046215046984
2026-04-05,0.004966968723,0.007257684165,0.000000000000,1.000000000000,0.997988742316,-0.063391404870
2026-04-06,-0.013316863876,0.193309791754,0.781831482468,0.623489801859,0.996750649821,-0.080549004219
2026-04-07,0.059780134869,0.469354383837,0.974927912182,-0.222520933956,0.995217602774,-0.097682767822
2026-04-08,-0.053087647359,-0.249633183655,0.433883739118,-0.900968867902,0.993390054826,-0.114787625522
2026-04-09,-0.004893114590,-0.100242622199,-0.433883739118,-0.900968867902,0.991268546779,-0.131858515717
2026-04-10,0.019911559231,0.037639250855,-0.974927912182,-0.222520933956,0.988853706421,-0.148890386856
2026-04-11,-0.004715269977,-0.159555963719,-0.781831482468,0.623489801859,0.986146248342,-0.165878198935
2026-04-12,-0.042813764485,0.106239844208,0.000000000000,1.000000000000,0.983146973722,-0.182816924985
2026-04-13,0.071054457897,0.301312846576,0.781831482468,0.623489801859,0.979856770096,-0.199701552566
2026-04-14,-0.034647440908,-0.102332383185,0.974927912182,-0.222520933956,0.976276611087,-0.216527085245
2026-04-15,0.028980202049,-0.105638974734,0.433883739118,-0.900968867902,0.972407556122,-0.233288544075
2026-04-16,0.061472085230,0.352295962348,-0.433883739118,-0.900968867902,0.968250750117,-0.249980969073
2026-04-17,0.009951804195,-0.039720763479,-0.974927912182,-0.222520933956,0.963807423137,-0.266599420679
2026-04-18,-0.031816156224,-0.270457006164,-0.781831482468,0.623489801859,0.959078890034,-0.283138981228
2026-04-19,-0.036749037998,0.106306971256,0.000000000000,1.000000000000,0.954066550058,-0.299594756397
2026-04-20,0.000760188686,0.010198132690,0.781831482468,0.623489801859,0.948771886440,-0.315961876658
2026-04-21,0.011486334647,-0.149282168040,0.974927912182,-0.222520933956,0.943196465957,-0.332235498716
2026-04-22,0.014657855467,0.031173768741,0.433883739118,-0.900968867902,0.937341938464,-0.348410806945
2026-04-23,-0.007201203388,-0.027119088031,-0.433883739118,-0.900968867902,0.931210036412,-0.364483014810
2026-04-24,-0.013305031189,-0.217462920973,-0.974927912182,-0.222520933956,0.924802574329,-0.380447366288
2026-04-25,0.001851474636,-0.320728647645,-0.781831482468,0.623489801859,0.918121448284,-0.396299137269
2026-04-26,0.008797072750,-0.017906735860,0.000000000000,1.000000000000,0.911168635333,-0.412033636959
2026-04-27,-0.011552205031,0.197354498844,0.781831482468,0.623489801859,0.903946192922,-0.427646209268
2026-04-28,-0.002522429213,-0.159776353589,0.974927912182,-0.222520933956,0.896456258291,-0.443132234183
2026-04-29,-0.015455344025,0.257977347692,0.433883739118,-0.900968867902,0.888701047829,-0.458487129140
2026-04-30,-0.001666562953,-0.383175976472,-0.433883739118,-0.900968867902,0.880682856430,-0.473706350380
2026-05-01,0.005072821378,0.348984315831,-0.974927912182,-0.222520933956,0.872404056805,-0.488785394289
2026-05-02,0.015702956248,-0.265697573569,-0.781831482468,0.623489801859,0.863867098784,-0.503719798736
2026-05-03,-0.005773603229,0.139030864960,0.000000000000,1.000000000000,0.855074508590,-0.518505144391
2026-05-04,0.011200417296,0.837622038160,0.781831482468,0.623489801859,0.846028888092,-0.533137056032
2026-05-05,0.026608017692,-0.501643004231,0.974927912182,-0.222520933956,0.836732914034,-0.547611203840
2026-05-06,0.032582752046,0.369272578325,0.433883739118,-0.900968867902,0.827189337246,-0.561923304683
2026-05-07,-0.010265285460,-0.081643236593,-0.433883739118,-0.900968867902,0.817400981825,-0.576069123380
2026-05-08,0.075323457244,0.255642829267,-0.974927912182,-0.222520933956,0.807370744302,-0.590044473955
2026-05-09,0.026347597103,-0.185237722735,-0.781831482468,0.623489801859,0.797101592787,-0.603845220877
2026-05-10,0.049256866595,0.879192355718,0.000000000000,1.000000000000,0.786596566087,-0.617467280284
2026-05-11,-0.024777713185,-0.817457809040,0.781831482468,0.623489801859,0.775858772807,-0.630906621188
2026-05-12,-0.035118197339,-0.252920045739,0.974927912182,-0.222520933956,0.764891390434,-0.644159266672
2026-05-13,-0.037546253473,0.043988692191,0.433883739118,-0.900968867902,0.753697664393,-0.657221295066
2026-05-14,0.028161202158,0.252779459870,-0.433883739118,-0.900968867902,0.742280907087,-0.670088841106
2026-05-15,-0.034449189327,-0.192647489715,-0.974927912182,-0.222520933956,0.730644496918,-0.682758097076
2026-05-16,-0.031871315050,-0.194514803512,-0.781831482468,0.623489801859,0.718791877288,-0.695225313941
2026-05-17,-0.006695881317,0.014375312038,0.000000000000,1.000000000000,0.706726555578,-0.707486802450
2026-05-18,0.021207975962,0.342640236725,0.781831482468,0.623489801859,0.694452102109,-0.719538934233
2026-05-19,-0.025550509043,-0.469535089909,0.974927912182,-0.222520933956,0.681972149090,-0.731378142868
2026-05-20,0.046703146299,0.291476045391,0.433883739118,-0.900968867902,0.669290389541,-0.743000924944
2026-05-21,-0.003963643968,-0.349109354143,-0.433883739118,-0.900968867902,0.656410576198,-0.754403841093
2026-05-22,-0.057510176705,0.155813195087,-0.974927912182,-0.222520933956,0.643336520404,-0.765583517008
2026-05-23,0.018079176171,0.157644890646,-0.781831482468,0.623489801859,0.630072090984,-0.776536644443
2026-05-24,-0.022528447635,-0.788984752822,0.000000000000,1.000000000000,0.616621213096,-0.787259982192
2026-05-25,-0.017488876255,0.754640995399,0.781831482468,0.623489801859,0.602987867069,-0.797750357046
2026-05-26,-0.024662473942,-0.403576562637,0.974927912182,-0.222520933956,0.589176087232,-0.808004664735
2026-05-27,-0.049470386498,0.480657368014,0.433883739118,-0.900968867902,0.575189960712,-0.818019870844
2026-05-28,-0.013271586986,0.027087472670,-0.433883739118,-0.900968867902,0.561033626228,-0.827793011713
2026-05-29,-0.009878346711,-0.175161064945,-0.974927912182,-0.222520933956,0.546711272869,-0.837321195312
2026-05-30,0.009924585273,-0.781094762758,-0.781831482468,0.623489801859,0.532227138847,-0.846601602098
2026-05-31,-0.009159683514,0.024471287986,0.000000000000,1.000000000000,0.517585510253,-0.855631485849
2026-06-01,-0.014242665906,0.473300817881,0.781831482468,0.623489801859,0.502790719779,-0.864408174478
2026-06-02,-0.062986953070,0.133408929145,0.974927912182,-0.222520933956,0.487847145442,-0.872929070821
2026-06-03,0.001980726722,-0.042068007832,0.433883739118,-0.900968867902,0.472759209286,-0.881191653407
2026-06-04,-0.056430376324,0.121360241981,-0.433883739118,-0.900968867902,0.457531376074,-0.889193477207
2026-06-05,-0.074957615508,0.095310476659,-0.974927912182,-0.222520933956,0.442168151967,-0.896932174351
2026-06-06,0.003840059165,-0.703534420156,-0.781831482468,0.623489801859,0.426674083190,-0.904405454834
2026-06-07,0.039815831433,0.270117590060,0.000000000000,1.000000000000,0.411053754687,-0.911611107193
2026-06-08,-0.020490696572,0.110172766076,0.781831482468,0.623489801859,0.395311788765,-0.918546999159
2026-06-09,-0.014199471960,-0.323669497050,0.974927912182,-0.222520933956,0.379452843725,-0.925211078289
2026-06-10,-0.033676469209,0.104302770338,0.433883739118,-0.900968867902,0.363481612483,-0.931601372577
2026-06-11,0.041188371404,0.241735191228,-0.433883739118,-0.900968867902,0.347402821184,-0.937715991030
2026-06-12,0.000356792346,-0.427371310095,-0.974927912182,-0.222520933956,0.331221227802,-0.943553124235
2026-06-13,0.023341245083,-0.135754947638,-0.781831482468,0.623489801859,0.314941620729,-0.949111044890
2026-06-14,0.011955967557,-0.057539518237,0.000000000000,1.000000000000,0.298568817364,-0.954388108318
2026-06-15,0.094080455469,0.744304848420,0.781831482468,0.623489801859,0.282107662682,-0.959382752949
2026-06-16,0.145228712927,1.144836819389,0.974927912182,-0.222520933956,0.265563027804,-0.964093500789
2026-06-17,-0.019841770057,0.370550093415,0.433883739118,-0.900968867902,0.248939808554,-0.968518957851
2026-06-18,-0.005433826457,-0.729490128970,-0.433883739118,-0.900968867902,0.232242924009,-0.972657814572
2026-06-19,-0.039341885834,-0.633286893911,-0.974927912182,-0.222520933956,0.215477315047,-0.976508846197
2026-06-20,-0.025629676376,-0.378045865171,-0.781831482468,0.623489801859,0.198647942880,-0.980070913143
2026-06-21,-0.006958599446,0.025909948626,0.000000000000,1.000000000000,0.181759787591,-0.983342961339
2026-06-22,-0.001402512769,0.057977372506,0.781831482468,0.623489801859,0.164817846657,-0.986324022532
2026-06-23,-0.020148620435,0.088112144384,0.974927912182,-0.222520933956,0.147827133471,-0.989013214578
2026-06-24,0.000085599865,0.033469011356,0.433883739118,-0.900968867902,0.130792675857,-0.991409741702
2026-06-25,-0.012929683563,0.086326847773,-0.433883739118,-0.900968867902,0.113719514586,-0.993512894734
2026-06-26,0.026409825204,-0.082180273787,-0.974927912182,-0.222520933956,0.096612701881,-0.995322051316
2026-06-27,-0.012809236991,-0.347632893184,-0.781831482468,0.623489801859,0.079477299924,-0.996836676089
2026-06-28,-0.000015426485,-0.042741923964,0.000000000000,1.000000000000,0.062318379354,-0.998056320853
2026-06-29,-0.009613659857,0.326194709245,0.781831482468,0.623489801859,0.045141017774,-0.998980624694
2026-06-30,-0.041035189735,-0.048711328474,0.974927912182,-0.222520933956,0.027950298240,-0.999609314096
